ticket_id,name,email,subject,description,category,priority,sentiment,status,city,state,channel,created_at
TC-16760,Customer_1,user_1@telecom-domain.com,Regional mobile tower power failure outage,"All mobile network connectivity is down in HSR Layout sector 2. Whole neighborhood affected. (Location: Kolkata, Account #538278)",Service Outage,High,Angry,Pending,Kolkata,West Bengal,Email,2026-03-23 10:02:01
TC-82605,Customer_2,user_2@telecom-domain.com,Complete service outage in operational area,"Total breakdown of voice and data services across post office area. Business is severely impacted. (Location: Chennai, Account #299574)",Service Outage,High,Angry,Open,Chennai,Tamil Nadu,Mobile App,2026-04-19 13:02:01
TC-66672,Customer_3,user_3@telecom-domain.com,Work order pending port availability issue,"Feeder box installation pending due to lack of spare fiber port. Need resolution. (Location: Ahmedabad, Account #521176)",Installation,Medium,Negative,Closed,Ahmedabad,Gujarat,Email,2026-07-09 01:49:01
TC-63077,Customer_4,user_4@telecom-domain.com,Fiber optical cable line signal unstable,"Fiber link drops repeatedly. Router loses IP address allocation every morning. (Location: Bengaluru, Account #500006)",Broadband Performance,Medium,Negative,Solved,Bengaluru,Karnataka,Customer Care Call,2026-07-11 23:49:01
TC-94549,Customer_5,user_5@telecom-domain.com,No network coverage in my area,"I have zero mobile signal since morning in my apartment. Emergency calls only showing on screen. Please fix this cellular network issue immediately. (Location: Chandigarh, Account #975596)",Network Connectivity,High,Angry,Solved,Chandigarh,Punjab,Mobile App,2026-07-08 16:40:01
TC-61348,Customer_6,user_6@telecom-domain.com,Security deposit refund not received after cancellation,"Cancelled my connection 45 days ago but ₹2,000 security deposit refund is still pending. Support promised 7 days. (Location: Ahmedabad, Account #358416)",Billing Dispute,High,Angry,Solved,Ahmedabad,Gujarat,Branch Store,2026-07-17 13:55:01
TC-98377,Customer_7,user_7@telecom-domain.com,Broadband speed throttling during peak hours,"Every evening between 7 PM and 11 PM speed drops below 2 Mbps. This is unacceptable service quality. (Location: Chandigarh, Account #910970)",Broadband Performance,Medium,Frustrated,Open,Chandigarh,Punjab,Branch Store,2026-04-16 05:46:01
TC-27016,Customer_8,user_8@telecom-domain.com,Call disconnects continuously on VoLTE,"HD voice call quality is pathetic. Audio breaks up and call drops without warning during important business calls. (Location: Jaipur, Account #838910)",Call Drops,High,Angry,Solved,Jaipur,Rajasthan,Web Portal,2026-07-02 21:29:01
TC-64052,Customer_9,user_9@telecom-domain.com,Requesting MNP UPC port out code due to poor network,"Tired of frequent call drops and zero coverage. Want to port out my number to another operator immediately. (Location: Kolkata, Account #721971)",Cancellation,High,Angry,Open,Kolkata,West Bengal,Email,2026-06-18 16:58:01
TC-48690,Customer_10,user_10@telecom-domain.com,Fiber optical cable line signal unstable,"Fiber link drops repeatedly. Router loses IP address allocation every morning. (Location: Hyderabad, Account #519528)",Broadband Performance,Medium,Negative,Closed,Hyderabad,Telangana,Customer Care Call,2026-06-23 17:23:01
TC-86864,Customer_11,user_11@telecom-domain.com,High latency and packet loss while working,"Experiencing 40% packet loss and high latency. Video calls on Zoom and Teams keep freezing constantly. (Location: Chennai, Account #122930)",Broadband Performance,High,Negative,Solved,Chennai,Tamil Nadu,Email,2026-03-26 02:00:01
TC-74685,Customer_12,user_12@telecom-domain.com,Modem overheating and rebooting automatically,"Provided Wi-Fi router gets burning hot within 10 minutes and reboots continuously. (Location: Bengaluru, Account #872477)",Equipment / Router,High,Negative,Closed,Bengaluru,Karnataka,Email,2026-06-07 10:33:01
TC-71612,Customer_13,user_13@telecom-domain.com,Request static IP allocation for home server,"Need static IPv4 address for remote access setup on my connection. (Location: Chennai, Account #975999)",Service Request,Low,Neutral,Pending,Chennai,Tamil Nadu,Email,2026-03-08 04:39:01
TC-74292,Customer_14,user_14@telecom-domain.com,High latency and packet loss while working,"Experiencing 40% packet loss and high latency. Video calls on Zoom and Teams keep freezing constantly. (Location: Pune, Account #317457)",Broadband Performance,High,Negative,Pending,Pune,Maharashtra,Branch Store,2026-06-25 03:05:01
TC-49027,Customer_15,user_15@telecom-domain.com,Voice call drops within 30 seconds,"Almost every call drops automatically within 20 to 30 seconds. Unusable voice calling service. (Location: Mumbai, Account #119584)",Call Drops,High,Angry,Solved,Mumbai,Maharashtra,Mobile App,2026-07-15 14:24:01
TC-47179,Customer_16,user_16@telecom-domain.com,Request static IP allocation for home server,"Need static IPv4 address for remote access setup on my connection. (Location: Jaipur, Account #186747)",Service Request,Low,Neutral,Solved,Jaipur,Rajasthan,Web Portal,2026-04-27 05:24:01
TC-44177,Customer_17,user_17@telecom-domain.com,Plan upgrade request to Gigabit speed,"Want to upgrade existing 100 Mbps plan to 1 Gbps fiber plan. Please share pricing and process. (Location: Mumbai, Account #398622)",Service Request,Low,Positive,Pending,Mumbai,Maharashtra,Mobile App,2026-03-10 11:08:01
TC-91889,Customer_18,user_18@telecom-domain.com,Requesting MNP UPC port out code due to poor network,"Tired of frequent call drops and zero coverage. Want to port out my number to another operator immediately. (Location: Bengaluru, Account #941750)",Cancellation,High,Angry,Solved,Bengaluru,Karnataka,Mobile App,2026-04-23 11:09:01
TC-40003,Customer_19,user_19@telecom-domain.com,Modem overheating and rebooting automatically,"Provided Wi-Fi router gets burning hot within 10 minutes and reboots continuously. (Location: Mumbai, Account #185750)",Equipment / Router,High,Negative,Open,Mumbai,Maharashtra,Branch Store,2026-03-28 07:53:01
TC-11570,Customer_20,user_20@telecom-domain.com,Regional mobile tower power failure outage,"All mobile network connectivity is down in HSR Layout sector 2. Whole neighborhood affected. (Location: Mumbai, Account #958758)",Service Outage,High,Angry,Open,Mumbai,Maharashtra,Web Portal,2026-04-21 11:07:01
TC-21386,Customer_21,user_21@telecom-domain.com,Poor signal strength indoors,"Signal is extremely weak inside my home. Cannot make any voice calls or use mobile internet unless I step outside. (Location: Kolkata, Account #724656)",Network Connectivity,Medium,Negative,Open,Kolkata,West Bengal,Web Portal,2026-05-20 23:12:01
TC-52324,Customer_22,user_22@telecom-domain.com,Faulty router Wi-Fi red light issue,"Router optical PON light turns solid red. No internet access on any Wi-Fi device. (Location: Chandigarh, Account #837113)",Equipment / Router,High,Angry,Open,Chandigarh,Punjab,Mobile App,2026-08-17 21:40:01
TC-49570,Customer_23,user_23@telecom-domain.com,No resolution provided despite 5 calls,"Called customer care 5 times in 3 days. Promises callback every time but nobody calls back. (Location: Ahmedabad, Account #856069)",Customer Service,High,Angry,Closed,Ahmedabad,Gujarat,Email,2026-05-04 17:02:01
TC-37402,Customer_24,user_24@telecom-domain.com,Unauthorized Value Added Service (VAS) charged,"My bill includes ₹299 for international roaming VAS which I never subscribed or activated. Deduct this immediately. (Location: Delhi, Account #895034)",Billing Dispute,High,Angry,Pending,Delhi,Delhi,Web Portal,2026-06-17 00:17:01
TC-33851,Customer_25,user_25@telecom-domain.com,Faulty router Wi-Fi red light issue,"Router optical PON light turns solid red. No internet access on any Wi-Fi device. (Location: Delhi, Account #844783)",Equipment / Router,High,Angry,Pending,Delhi,Delhi,Web Portal,2026-06-23 19:54:01
TC-90666,Customer_26,user_26@telecom-domain.com,Very slow fiber broadband speed,"Subscribed to 300 Mbps fiber plan but getting only 5 Mbps download speed. Speed test ping is over 250ms. Extremely slow. (Location: Bengaluru, Account #402472)",Broadband Performance,High,Angry,Pending,Bengaluru,Karnataka,Email,2026-08-02 10:56:01
TC-54817,Customer_27,user_27@telecom-domain.com,Severe network outage in localized zone,"No broadband or cellular service available since last night heavy storm. Fiber cable seems damaged. (Location: Bengaluru, Account #639739)",Service Outage,High,Angry,Solved,Bengaluru,Karnataka,Web Portal,2026-05-03 19:06:01
TC-28348,Customer_28,user_28@telecom-domain.com,Double charge on monthly broadband bill,"I was charged twice ₹1,499 for the current month bill. Money deducted twice from credit card but status shows pending. (Location: Chandigarh, Account #507223)",Billing Dispute,High,Angry,Open,Chandigarh,Punjab,Branch Store,2026-04-10 18:43:01
TC-65563,Customer_29,user_29@telecom-domain.com,Call disconnects continuously on VoLTE,"HD voice call quality is pathetic. Audio breaks up and call drops without warning during important business calls. (Location: Chennai, Account #609871)",Call Drops,High,Angry,Closed,Chennai,Tamil Nadu,Customer Care Call,2026-04-06 19:53:01
TC-83716,Customer_30,user_30@telecom-domain.com,SIM card showing no service,"My SIM suddenly stopped catching network signal. Checked on another phone, still says No Service. (Location: Jaipur, Account #507853)",Network Connectivity,High,Angry,Pending,Jaipur,Rajasthan,Email,2026-06-17 06:12:01
TC-81077,Customer_31,user_31@telecom-domain.com,Complete service outage in operational area,"Total breakdown of voice and data services across post office area. Business is severely impacted. (Location: Bengaluru, Account #748077)",Service Outage,High,Angry,Solved,Bengaluru,Karnataka,Branch Store,2026-05-11 11:36:01
TC-17637,Customer_32,user_32@telecom-domain.com,One-way audio issue during phone calls,"When people call me, they cannot hear my voice at all while I can hear them clearly. Terrible experience. (Location: Chennai, Account #778304)",Call Drops,High,Frustrated,Open,Chennai,Tamil Nadu,Branch Store,2026-02-28 03:11:01
TC-40368,Customer_33,user_33@telecom-domain.com,Voice call drops within 30 seconds,"Almost every call drops automatically within 20 to 30 seconds. Unusable voice calling service. (Location: Bengaluru, Account #564400)",Call Drops,High,Angry,Closed,Bengaluru,Karnataka,Email,2026-03-25 07:30:01
TC-47512,Customer_34,user_34@telecom-domain.com,Unauthorized Value Added Service (VAS) charged,"My bill includes ₹299 for international roaming VAS which I never subscribed or activated. Deduct this immediately. (Location: Hyderabad, Account #589902)",Billing Dispute,High,Angry,Solved,Hyderabad,Telangana,Mobile App,2026-03-12 20:31:01
TC-20444,Customer_35,user_35@telecom-domain.com,Security deposit refund not received after cancellation,"Cancelled my connection 45 days ago but ₹2,000 security deposit refund is still pending. Support promised 7 days. (Location: Bengaluru, Account #505852)",Billing Dispute,High,Angry,Solved,Bengaluru,Karnataka,Customer Care Call,2026-05-23 04:46:01
TC-15601,Customer_36,user_36@telecom-domain.com,Rude customer care support agent behavior,"Customer service agent hung up the call on me while explaining my broadband issue. Worst support ever. (Location: Chandigarh, Account #764466)",Customer Service,High,Angry,Open,Chandigarh,Punjab,Web Portal,2026-05-07 17:47:01
TC-10376,Customer_37,user_37@telecom-domain.com,Requesting MNP UPC port out code due to poor network,"Tired of frequent call drops and zero coverage. Want to port out my number to another operator immediately. (Location: Chandigarh, Account #902733)",Cancellation,High,Angry,Solved,Chandigarh,Punjab,Email,2026-04-29 13:51:01
TC-69983,Customer_38,user_38@telecom-domain.com,Request to shift broadband to new address,"Moving to new apartment next week. Need connection relocation feasible check and schedule. (Location: Mumbai, Account #518685)",Service Request,Low,Neutral,Open,Mumbai,Maharashtra,Customer Care Call,2026-07-05 14:32:01
TC-51944,Customer_39,user_39@telecom-domain.com,Delayed fiber installation appointment,"Fiber installation was scheduled for yesterday 2 PM. Technician did not turn up and phone is switched off. (Location: Hyderabad, Account #129118)",Installation,High,Angry,Solved,Hyderabad,Telangana,Branch Store,2026-05-25 18:35:01
TC-46571,Customer_40,user_40@telecom-domain.com,Data balance deducted without internet usage,"500MB data debited automatically overnight while mobile data switch was off. Please audit usage logs. (Location: Pune, Account #222282)",Data / Usage Issue,Medium,Negative,Pending,Pune,Maharashtra,Mobile App,2026-04-19 23:17:01
TC-44738,Customer_41,user_41@telecom-domain.com,Faulty router Wi-Fi red light issue,"Router optical PON light turns solid red. No internet access on any Wi-Fi device. (Location: Chandigarh, Account #259078)",Equipment / Router,High,Angry,Solved,Chandigarh,Punjab,Web Portal,2026-05-23 17:09:01
TC-13587,Customer_42,user_42@telecom-domain.com,Cancel broadband subscription connection,"Subscribed to another provider due to continuous outages. Please disconnect line and refund deposit. (Location: Pune, Account #985942)",Cancellation,High,Angry,Open,Pune,Maharashtra,Email,2026-08-11 11:24:01
TC-27223,Customer_43,user_43@telecom-domain.com,Faulty router Wi-Fi red light issue,"Router optical PON light turns solid red. No internet access on any Wi-Fi device. (Location: Mumbai, Account #895752)",Equipment / Router,High,Angry,Open,Mumbai,Maharashtra,Customer Care Call,2026-07-02 14:17:01
TC-70211,Customer_44,user_44@telecom-domain.com,Complete service outage in operational area,"Total breakdown of voice and data services across post office area. Business is severely impacted. (Location: Hyderabad, Account #987168)",Service Outage,High,Angry,Solved,Hyderabad,Telangana,Branch Store,2026-02-26 10:42:01
TC-87446,Customer_45,user_45@telecom-domain.com,Frequent loss of 4G/5G connection,"My phone continuously drops from 5G to 2G every 10 minutes. Network bar completely disappears in office building. (Location: Kolkata, Account #973290)",Network Connectivity,High,Negative,Closed,Kolkata,West Bengal,Customer Care Call,2026-03-30 12:38:01
TC-98197,Customer_46,user_46@telecom-domain.com,Wi-Fi range very weak and dropping,"Wi-Fi signal cuts out 5 meters away from router. Need dual-band router replacement. (Location: Hyderabad, Account #195489)",Equipment / Router,Medium,Negative,Solved,Hyderabad,Telangana,Mobile App,2026-05-05 12:38:01
TC-96423,Customer_47,user_47@telecom-domain.com,International roaming data pack not working,"Purchased 5GB roaming data pack for international travel but roaming data is not activating. (Location: Chandigarh, Account #378336)",Data / Usage Issue,High,Angry,Pending,Chandigarh,Punjab,Customer Care Call,2026-08-06 11:03:01
TC-84381,Customer_48,user_48@telecom-domain.com,Rude customer care support agent behavior,"Customer service agent hung up the call on me while explaining my broadband issue. Worst support ever. (Location: Kolkata, Account #213633)",Customer Service,High,Angry,Pending,Kolkata,West Bengal,Web Portal,2026-06-02 06:21:01
TC-78814,Customer_49,user_49@telecom-domain.com,No resolution provided despite 5 calls,"Called customer care 5 times in 3 days. Promises callback every time but nobody calls back. (Location: Chandigarh, Account #650448)",Customer Service,High,Angry,Closed,Chandigarh,Punjab,Mobile App,2026-06-10 17:43:01
TC-63231,Customer_50,user_50@telecom-domain.com,Unable to make outgoing calls,"Outgoing calls immediately get terminated with call ended error. Incoming calls work fine. (Location: Chandigarh, Account #477030)",Call Drops,High,Angry,Pending,Chandigarh,Punjab,Branch Store,2026-03-03 12:08:01
TC-89456,Customer_51,user_51@telecom-domain.com,No resolution provided despite 5 calls,"Called customer care 5 times in 3 days. Promises callback every time but nobody calls back. (Location: Pune, Account #504246)",Customer Service,High,Angry,Open,Pune,Maharashtra,Email,2026-04-15 10:06:01
TC-94508,Customer_52,user_52@telecom-domain.com,Frequent loss of 4G/5G connection,"My phone continuously drops from 5G to 2G every 10 minutes. Network bar completely disappears in office building. (Location: Mumbai, Account #386569)",Network Connectivity,High,Negative,Solved,Mumbai,Maharashtra,Branch Store,2026-07-05 13:54:01
TC-81870,Customer_53,user_53@telecom-domain.com,Request static IP allocation for home server,"Need static IPv4 address for remote access setup on my connection. (Location: Ahmedabad, Account #297298)",Service Request,Low,Neutral,Pending,Ahmedabad,Gujarat,Mobile App,2026-07-07 02:39:01
TC-73106,Customer_54,user_54@telecom-domain.com,Delayed fiber installation appointment,"Fiber installation was scheduled for yesterday 2 PM. Technician did not turn up and phone is switched off. (Location: Kolkata, Account #941830)",Installation,High,Angry,Open,Kolkata,West Bengal,Customer Care Call,2026-05-27 04:52:01
TC-12120,Customer_55,user_55@telecom-domain.com,Delayed fiber installation appointment,"Fiber installation was scheduled for yesterday 2 PM. Technician did not turn up and phone is switched off. (Location: Jaipur, Account #772680)",Installation,High,Angry,Pending,Jaipur,Rajasthan,Customer Care Call,2026-07-28 16:34:01
TC-78716,Customer_56,user_56@telecom-domain.com,Call drops frequently while driving in city,"Call handoff between cell towers fails completely. Every call gets cut when moving between cell sectors. (Location: Kolkata, Account #773360)",Call Drops,Medium,Negative,Open,Kolkata,West Bengal,Web Portal,2026-05-25 06:17:01
TC-20381,Customer_57,user_57@telecom-domain.com,Cancel broadband subscription connection,"Subscribed to another provider due to continuous outages. Please disconnect line and refund deposit. (Location: Ahmedabad, Account #424316)",Cancellation,High,Angry,Closed,Ahmedabad,Gujarat,Branch Store,2026-05-30 06:31:01
TC-75161,Customer_58,user_58@telecom-domain.com,Faulty router Wi-Fi red light issue,"Router optical PON light turns solid red. No internet access on any Wi-Fi device. (Location: Jaipur, Account #900815)",Equipment / Router,High,Angry,Closed,Jaipur,Rajasthan,Web Portal,2026-03-07 03:08:01
TC-47589,Customer_59,user_59@telecom-domain.com,High latency and packet loss while working,"Experiencing 40% packet loss and high latency. Video calls on Zoom and Teams keep freezing constantly. (Location: Ahmedabad, Account #784816)",Broadband Performance,High,Negative,Pending,Ahmedabad,Gujarat,Web Portal,2026-06-30 06:28:01
TC-81996,Customer_60,user_60@telecom-domain.com,Plan upgrade request to Gigabit speed,"Want to upgrade existing 100 Mbps plan to 1 Gbps fiber plan. Please share pricing and process. (Location: Chennai, Account #565289)",Service Request,Low,Positive,Solved,Chennai,Tamil Nadu,Branch Store,2026-07-27 17:03:01
TC-86689,Customer_61,user_61@telecom-domain.com,Complete service outage in operational area,"Total breakdown of voice and data services across post office area. Business is severely impacted. (Location: Kolkata, Account #863950)",Service Outage,High,Angry,Closed,Kolkata,West Bengal,Mobile App,2026-04-13 01:47:01
TC-79771,Customer_62,user_62@telecom-domain.com,Complete fiber optic broadband blackout,"Total internet and landline blackout across our entire apartment complex since 8 AM today. No response from helpline. (Location: Chandigarh, Account #553806)",Service Outage,High,Angry,Closed,Chandigarh,Punjab,Branch Store,2026-05-24 21:33:01
TC-20226,Customer_63,user_63@telecom-domain.com,Data speed throttled to 64 Kbps incorrectly,"High speed data quota shows 50% balance in app but speed is throttled to unusable 64 Kbps. (Location: Chennai, Account #303682)",Data / Usage Issue,High,Negative,Solved,Chennai,Tamil Nadu,Mobile App,2026-05-03 04:26:01
TC-87997,Customer_64,user_64@telecom-domain.com,Pending broadband connection setup over 5 days,"Applied for new fiber connection 5 days ago. Payment completed but technician installation pending. (Location: Chennai, Account #467602)",Installation,Medium,Frustrated,Open,Chennai,Tamil Nadu,Mobile App,2026-04-05 09:52:01
TC-81186,Customer_65,user_65@telecom-domain.com,Plan upgrade request to Gigabit speed,"Want to upgrade existing 100 Mbps plan to 1 Gbps fiber plan. Please share pricing and process. (Location: Bengaluru, Account #611621)",Service Request,Low,Positive,Solved,Bengaluru,Karnataka,Email,2026-03-20 20:41:01
TC-27079,Customer_66,user_66@telecom-domain.com,Cancel broadband subscription connection,"Subscribed to another provider due to continuous outages. Please disconnect line and refund deposit. (Location: Chennai, Account #549560)",Cancellation,High,Angry,Open,Chennai,Tamil Nadu,Web Portal,2026-02-24 04:12:01
TC-84149,Customer_67,user_67@telecom-domain.com,Cancel broadband subscription connection,"Subscribed to another provider due to continuous outages. Please disconnect line and refund deposit. (Location: Chandigarh, Account #370453)",Cancellation,High,Angry,Pending,Chandigarh,Punjab,Customer Care Call,2026-08-15 11:11:01
TC-78830,Customer_68,user_68@telecom-domain.com,Double charge on monthly broadband bill,"I was charged twice ₹1,499 for the current month bill. Money deducted twice from credit card but status shows pending. (Location: Delhi, Account #741217)",Billing Dispute,High,Angry,Closed,Delhi,Delhi,Branch Store,2026-04-22 15:46:01
TC-82997,Customer_69,user_69@telecom-domain.com,Work order pending port availability issue,"Feeder box installation pending due to lack of spare fiber port. Need resolution. (Location: Delhi, Account #950593)",Installation,Medium,Negative,Closed,Delhi,Delhi,Customer Care Call,2026-06-05 01:21:01
TC-25482,Customer_70,user_70@telecom-domain.com,Complete fiber optic broadband blackout,"Total internet and landline blackout across our entire apartment complex since 8 AM today. No response from helpline. (Location: Ahmedabad, Account #193012)",Service Outage,High,Angry,Pending,Ahmedabad,Gujarat,Customer Care Call,2026-06-07 21:20:01
TC-75053,Customer_71,user_71@telecom-domain.com,International roaming data pack not working,"Purchased 5GB roaming data pack for international travel but roaming data is not activating. (Location: Hyderabad, Account #831554)",Data / Usage Issue,High,Angry,Solved,Hyderabad,Telangana,Branch Store,2026-04-13 06:04:01
TC-68970,Customer_72,user_72@telecom-domain.com,Severe network outage in localized zone,"No broadband or cellular service available since last night heavy storm. Fiber cable seems damaged. (Location: Ahmedabad, Account #531719)",Service Outage,High,Angry,Open,Ahmedabad,Gujarat,Customer Care Call,2026-06-25 13:18:01
TC-55511,Customer_73,user_73@telecom-domain.com,No resolution provided despite 5 calls,"Called customer care 5 times in 3 days. Promises callback every time but nobody calls back. (Location: Mumbai, Account #703587)",Customer Service,High,Angry,Solved,Mumbai,Maharashtra,Customer Care Call,2026-05-27 01:12:01
TC-35520,Customer_74,user_74@telecom-domain.com,Regional mobile tower power failure outage,"All mobile network connectivity is down in HSR Layout sector 2. Whole neighborhood affected. (Location: Chandigarh, Account #465781)",Service Outage,High,Angry,Pending,Chandigarh,Punjab,Mobile App,2026-04-08 16:45:01
TC-63170,Customer_75,user_75@telecom-domain.com,One-way audio issue during phone calls,"When people call me, they cannot hear my voice at all while I can hear them clearly. Terrible experience. (Location: Pune, Account #232956)",Call Drops,High,Frustrated,Pending,Pune,Maharashtra,Customer Care Call,2026-04-30 22:57:01
TC-72947,Customer_76,user_76@telecom-domain.com,Data speed throttled to 64 Kbps incorrectly,"High speed data quota shows 50% balance in app but speed is throttled to unusable 64 Kbps. (Location: Jaipur, Account #402516)",Data / Usage Issue,High,Negative,Solved,Jaipur,Rajasthan,Mobile App,2026-07-07 19:17:01
TC-48061,Customer_77,user_77@telecom-domain.com,Data balance deducted without internet usage,"500MB data debited automatically overnight while mobile data switch was off. Please audit usage logs. (Location: Mumbai, Account #863756)",Data / Usage Issue,Medium,Negative,Solved,Mumbai,Maharashtra,Email,2026-05-23 00:36:01
TC-76347,Customer_78,user_78@telecom-domain.com,Requesting MNP UPC port out code due to poor network,"Tired of frequent call drops and zero coverage. Want to port out my number to another operator immediately. (Location: Delhi, Account #818158)",Cancellation,High,Angry,Open,Delhi,Delhi,Branch Store,2026-07-27 16:12:01
TC-47348,Customer_79,user_79@telecom-domain.com,Modem overheating and rebooting automatically,"Provided Wi-Fi router gets burning hot within 10 minutes and reboots continuously. (Location: Mumbai, Account #731289)",Equipment / Router,High,Negative,Open,Mumbai,Maharashtra,Customer Care Call,2026-03-13 19:18:01
TC-10556,Customer_80,user_80@telecom-domain.com,Wi-Fi range very weak and dropping,"Wi-Fi signal cuts out 5 meters away from router. Need dual-band router replacement. (Location: Delhi, Account #292440)",Equipment / Router,Medium,Negative,Pending,Delhi,Delhi,Branch Store,2026-06-26 19:41:01
TC-46073,Customer_81,user_81@telecom-domain.com,Regional mobile tower power failure outage,"All mobile network connectivity is down in HSR Layout sector 2. Whole neighborhood affected. (Location: Kolkata, Account #172935)",Service Outage,High,Angry,Pending,Kolkata,West Bengal,Mobile App,2026-04-04 04:51:01
TC-79489,Customer_82,user_82@telecom-domain.com,Complete fiber optic broadband blackout,"Total internet and landline blackout across our entire apartment complex since 8 AM today. No response from helpline. (Location: Chennai, Account #519455)",Service Outage,High,Angry,Solved,Chennai,Tamil Nadu,Branch Store,2026-08-14 09:57:01
TC-65954,Customer_83,user_83@telecom-domain.com,Misleading information given by call center,"Support executive promised bill adjustment within 24 hours but ticket was closed without action. (Location: Delhi, Account #517429)",Customer Service,High,Angry,Open,Delhi,Delhi,Customer Care Call,2026-07-30 18:09:01
TC-24681,Customer_84,user_84@telecom-domain.com,Request static IP allocation for home server,"Need static IPv4 address for remote access setup on my connection. (Location: Bengaluru, Account #219063)",Service Request,Low,Neutral,Open,Bengaluru,Karnataka,Web Portal,2026-04-18 19:23:01
TC-81803,Customer_85,user_85@telecom-domain.com,Regional mobile tower power failure outage,"All mobile network connectivity is down in HSR Layout sector 2. Whole neighborhood affected. (Location: Ahmedabad, Account #547312)",Service Outage,High,Angry,Closed,Ahmedabad,Gujarat,Mobile App,2026-07-30 04:34:01
TC-81698,Customer_86,user_86@telecom-domain.com,Request to shift broadband to new address,"Moving to new apartment next week. Need connection relocation feasible check and schedule. (Location: Bengaluru, Account #314016)",Service Request,Low,Neutral,Solved,Bengaluru,Karnataka,Web Portal,2026-07-28 02:44:01
TC-43217,Customer_87,user_87@telecom-domain.com,Wi-Fi range very weak and dropping,"Wi-Fi signal cuts out 5 meters away from router. Need dual-band router replacement. (Location: Chennai, Account #999163)",Equipment / Router,Medium,Negative,Pending,Chennai,Tamil Nadu,Web Portal,2026-06-26 03:37:01
TC-38052,Customer_88,user_88@telecom-domain.com,Terminate account service immediately,"Unsatisfied with customer service and frequent billing errors. Terminate my plan today. (Location: Ahmedabad, Account #805111)",Cancellation,High,Angry,Solved,Ahmedabad,Gujarat,Web Portal,2026-06-25 08:47:01
TC-68132,Customer_89,user_89@telecom-domain.com,Broadband speed throttling during peak hours,"Every evening between 7 PM and 11 PM speed drops below 2 Mbps. This is unacceptable service quality. (Location: Chennai, Account #431238)",Broadband Performance,Medium,Frustrated,Solved,Chennai,Tamil Nadu,Email,2026-04-04 09:25:01
TC-25780,Customer_90,user_90@telecom-domain.com,Data speed throttled to 64 Kbps incorrectly,"High speed data quota shows 50% balance in app but speed is throttled to unusable 64 Kbps. (Location: Chennai, Account #304215)",Data / Usage Issue,High,Negative,Closed,Chennai,Tamil Nadu,Customer Care Call,2026-06-10 01:11:01
TC-95048,Customer_91,user_91@telecom-domain.com,Frequent loss of 4G/5G connection,"My phone continuously drops from 5G to 2G every 10 minutes. Network bar completely disappears in office building. (Location: Hyderabad, Account #831030)",Network Connectivity,High,Negative,Closed,Hyderabad,Telangana,Customer Care Call,2026-07-01 04:40:01
TC-55802,Customer_92,user_92@telecom-domain.com,Plan upgrade request to Gigabit speed,"Want to upgrade existing 100 Mbps plan to 1 Gbps fiber plan. Please share pricing and process. (Location: Kolkata, Account #504032)",Service Request,Low,Positive,Solved,Kolkata,West Bengal,Branch Store,2026-07-15 06:48:01
TC-92987,Customer_93,user_93@telecom-domain.com,Cancel broadband subscription connection,"Subscribed to another provider due to continuous outages. Please disconnect line and refund deposit. (Location: Hyderabad, Account #689072)",Cancellation,High,Angry,Closed,Hyderabad,Telangana,Customer Care Call,2026-05-31 17:13:01
TC-82573,Customer_94,user_94@telecom-domain.com,Fiber optical cable line signal unstable,"Fiber link drops repeatedly. Router loses IP address allocation every morning. (Location: Chandigarh, Account #535424)",Broadband Performance,Medium,Negative,Open,Chandigarh,Punjab,Mobile App,2026-08-18 16:33:01
TC-49089,Customer_95,user_95@telecom-domain.com,Frequent internet disconnects every hour,"Broadband connection disconnects every 30 minutes while working from home. PON light on fiber ONT blinks red. (Location: Chennai, Account #757679)",Broadband Performance,High,Angry,Pending,Chennai,Tamil Nadu,Customer Care Call,2026-08-02 08:34:01
TC-35500,Customer_96,user_96@telecom-domain.com,Terminate account service immediately,"Unsatisfied with customer service and frequent billing errors. Terminate my plan today. (Location: Kolkata, Account #741336)",Cancellation,High,Angry,Solved,Kolkata,West Bengal,Mobile App,2026-05-03 07:45:01
TC-38074,Customer_97,user_97@telecom-domain.com,No network coverage in my area,"I have zero mobile signal since morning in my apartment. Emergency calls only showing on screen. Please fix this cellular network issue immediately. (Location: Chennai, Account #816345)",Network Connectivity,High,Angry,Solved,Chennai,Tamil Nadu,Mobile App,2026-03-12 23:02:01
TC-49794,Customer_98,user_98@telecom-domain.com,Double charge on monthly broadband bill,"I was charged twice ₹1,499 for the current month bill. Money deducted twice from credit card but status shows pending. (Location: Hyderabad, Account #590609)",Billing Dispute,High,Angry,Closed,Hyderabad,Telangana,Customer Care Call,2026-03-01 16:20:01
TC-57578,Customer_99,user_99@telecom-domain.com,Complete fiber optic broadband blackout,"Total internet and landline blackout across our entire apartment complex since 8 AM today. No response from helpline. (Location: Bengaluru, Account #569082)",Service Outage,High,Angry,Pending,Bengaluru,Karnataka,Customer Care Call,2026-03-28 18:50:01
TC-13238,Customer_100,user_100@telecom-domain.com,Pending broadband connection setup over 5 days,"Applied for new fiber connection 5 days ago. Payment completed but technician installation pending. (Location: Jaipur, Account #253210)",Installation,Medium,Frustrated,Open,Jaipur,Rajasthan,Mobile App,2026-06-10 14:56:01
TC-39739,Customer_101,user_101@telecom-domain.com,Auto-debit failure penalty wrongly applied,"Bank auto-debit succeeded on time but your system marked late payment fee ₹250. Please reverse penalty. (Location: Ahmedabad, Account #310077)",Billing Dispute,Medium,Negative,Pending,Ahmedabad,Gujarat,Customer Care Call,2026-05-29 22:49:01
TC-48988,Customer_102,user_102@telecom-domain.com,Faulty router Wi-Fi red light issue,"Router optical PON light turns solid red. No internet access on any Wi-Fi device. (Location: Chennai, Account #370571)",Equipment / Router,High,Angry,Open,Chennai,Tamil Nadu,Customer Care Call,2026-04-30 17:40:01
TC-55224,Customer_103,user_103@telecom-domain.com,Double charge on monthly broadband bill,"I was charged twice ₹1,499 for the current month bill. Money deducted twice from credit card but status shows pending. (Location: Delhi, Account #323355)",Billing Dispute,High,Angry,Closed,Delhi,Delhi,Mobile App,2026-03-07 15:57:01
TC-59465,Customer_104,user_104@telecom-domain.com,Rude customer care support agent behavior,"Customer service agent hung up the call on me while explaining my broadband issue. Worst support ever. (Location: Kolkata, Account #954593)",Customer Service,High,Angry,Pending,Kolkata,West Bengal,Web Portal,2026-08-01 11:41:01
TC-74766,Customer_105,user_105@telecom-domain.com,Poor signal strength indoors,"Signal is extremely weak inside my home. Cannot make any voice calls or use mobile internet unless I step outside. (Location: Jaipur, Account #861080)",Network Connectivity,Medium,Negative,Pending,Jaipur,Rajasthan,Mobile App,2026-05-25 03:12:01
TC-86792,Customer_106,user_106@telecom-domain.com,Terminate account service immediately,"Unsatisfied with customer service and frequent billing errors. Terminate my plan today. (Location: Chandigarh, Account #766988)",Cancellation,High,Angry,Open,Chandigarh,Punjab,Email,2026-05-28 17:17:01
TC-68042,Customer_107,user_107@telecom-domain.com,Security deposit refund not received after cancellation,"Cancelled my connection 45 days ago but ₹2,000 security deposit refund is still pending. Support promised 7 days. (Location: Chennai, Account #403232)",Billing Dispute,High,Angry,Solved,Chennai,Tamil Nadu,Customer Care Call,2026-07-20 16:00:01
TC-57345,Customer_108,user_108@telecom-domain.com,Cancel broadband subscription connection,"Subscribed to another provider due to continuous outages. Please disconnect line and refund deposit. (Location: Jaipur, Account #915264)",Cancellation,High,Angry,Open,Jaipur,Rajasthan,Mobile App,2026-03-29 09:24:01
TC-91893,Customer_109,user_109@telecom-domain.com,Call disconnects continuously on VoLTE,"HD voice call quality is pathetic. Audio breaks up and call drops without warning during important business calls. (Location: Pune, Account #160307)",Call Drops,High,Angry,Pending,Pune,Maharashtra,Web Portal,2026-06-11 04:20:01
TC-50083,Customer_110,user_110@telecom-domain.com,Modem overheating and rebooting automatically,"Provided Wi-Fi router gets burning hot within 10 minutes and reboots continuously. (Location: Bengaluru, Account #997723)",Equipment / Router,High,Negative,Closed,Bengaluru,Karnataka,Mobile App,2026-05-28 21:20:01
TC-38570,Customer_111,user_111@telecom-domain.com,Delayed fiber installation appointment,"Fiber installation was scheduled for yesterday 2 PM. Technician did not turn up and phone is switched off. (Location: Ahmedabad, Account #726417)",Installation,High,Angry,Solved,Ahmedabad,Gujarat,Branch Store,2026-02-23 10:49:01
TC-48028,Customer_112,user_112@telecom-domain.com,Delayed fiber installation appointment,"Fiber installation was scheduled for yesterday 2 PM. Technician did not turn up and phone is switched off. (Location: Kolkata, Account #632155)",Installation,High,Angry,Closed,Kolkata,West Bengal,Customer Care Call,2026-08-08 07:06:01
TC-56427,Customer_113,user_113@telecom-domain.com,Modem overheating and rebooting automatically,"Provided Wi-Fi router gets burning hot within 10 minutes and reboots continuously. (Location: Kolkata, Account #838744)",Equipment / Router,High,Negative,Open,Kolkata,West Bengal,Mobile App,2026-05-27 02:13:01
TC-75307,Customer_114,user_114@telecom-domain.com,SIM card showing no service,"My SIM suddenly stopped catching network signal. Checked on another phone, still says No Service. (Location: Mumbai, Account #189132)",Network Connectivity,High,Angry,Open,Mumbai,Maharashtra,Email,2026-08-08 13:40:01
TC-77709,Customer_115,user_115@telecom-domain.com,Request to shift broadband to new address,"Moving to new apartment next week. Need connection relocation feasible check and schedule. (Location: Kolkata, Account #180504)",Service Request,Low,Neutral,Closed,Kolkata,West Bengal,Web Portal,2026-06-05 22:21:01
TC-94304,Customer_116,user_116@telecom-domain.com,Auto-debit failure penalty wrongly applied,"Bank auto-debit succeeded on time but your system marked late payment fee ₹250. Please reverse penalty. (Location: Bengaluru, Account #886434)",Billing Dispute,Medium,Negative,Pending,Bengaluru,Karnataka,Customer Care Call,2026-04-25 23:29:01
TC-54187,Customer_117,user_117@telecom-domain.com,Poor signal strength indoors,"Signal is extremely weak inside my home. Cannot make any voice calls or use mobile internet unless I step outside. (Location: Chandigarh, Account #357413)",Network Connectivity,Medium,Negative,Open,Chandigarh,Punjab,Branch Store,2026-04-10 22:42:01
TC-20483,Customer_118,user_118@telecom-domain.com,Daily FUP data quota exhausted instantly,"My 2GB daily data limit got exhausted at 10 AM without heavy usage. Metering system is inaccurate. (Location: Delhi, Account #852424)",Data / Usage Issue,Medium,Frustrated,Pending,Delhi,Delhi,Customer Care Call,2026-06-17 17:17:01
TC-86059,Customer_119,user_119@telecom-domain.com,Terminate account service immediately,"Unsatisfied with customer service and frequent billing errors. Terminate my plan today. (Location: Mumbai, Account #933265)",Cancellation,High,Angry,Solved,Mumbai,Maharashtra,Mobile App,2026-06-12 23:48:01
TC-77631,Customer_120,user_120@telecom-domain.com,Request to shift broadband to new address,"Moving to new apartment next week. Need connection relocation feasible check and schedule. (Location: Chennai, Account #763446)",Service Request,Low,Neutral,Solved,Chennai,Tamil Nadu,Email,2026-07-15 18:46:01
TC-71532,Customer_121,user_121@telecom-domain.com,International roaming data pack not working,"Purchased 5GB roaming data pack for international travel but roaming data is not activating. (Location: Delhi, Account #474088)",Data / Usage Issue,High,Angry,Solved,Delhi,Delhi,Web Portal,2026-06-21 09:03:01
TC-16005,Customer_122,user_122@telecom-domain.com,Request static IP allocation for home server,"Need static IPv4 address for remote access setup on my connection. (Location: Bengaluru, Account #331262)",Service Request,Low,Neutral,Open,Bengaluru,Karnataka,Mobile App,2026-06-05 15:02:01
TC-80625,Customer_123,user_123@telecom-domain.com,Unauthorized Value Added Service (VAS) charged,"My bill includes ₹299 for international roaming VAS which I never subscribed or activated. Deduct this immediately. (Location: Bengaluru, Account #190752)",Billing Dispute,High,Angry,Open,Bengaluru,Karnataka,Customer Care Call,2026-03-26 20:22:01
TC-14447,Customer_124,user_124@telecom-domain.com,Request static IP allocation for home server,"Need static IPv4 address for remote access setup on my connection. (Location: Pune, Account #404352)",Service Request,Low,Neutral,Open,Pune,Maharashtra,Web Portal,2026-07-16 20:41:01
TC-93438,Customer_125,user_125@telecom-domain.com,No network coverage in my area,"I have zero mobile signal since morning in my apartment. Emergency calls only showing on screen. Please fix this cellular network issue immediately. (Location: Chennai, Account #458673)",Network Connectivity,High,Angry,Pending,Chennai,Tamil Nadu,Email,2026-03-19 01:17:01
TC-59962,Customer_126,user_126@telecom-domain.com,Faulty router Wi-Fi red light issue,"Router optical PON light turns solid red. No internet access on any Wi-Fi device. (Location: Pune, Account #438928)",Equipment / Router,High,Angry,Pending,Pune,Maharashtra,Branch Store,2026-06-23 04:52:01
TC-86867,Customer_127,user_127@telecom-domain.com,Requesting MNP UPC port out code due to poor network,"Tired of frequent call drops and zero coverage. Want to port out my number to another operator immediately. (Location: Delhi, Account #747233)",Cancellation,High,Angry,Pending,Delhi,Delhi,Mobile App,2026-08-01 06:45:01
TC-99441,Customer_128,user_128@telecom-domain.com,Rude customer care support agent behavior,"Customer service agent hung up the call on me while explaining my broadband issue. Worst support ever. (Location: Bengaluru, Account #950180)",Customer Service,High,Angry,Open,Bengaluru,Karnataka,Branch Store,2026-04-22 19:30:01
TC-72437,Customer_129,user_129@telecom-domain.com,Cancel broadband subscription connection,"Subscribed to another provider due to continuous outages. Please disconnect line and refund deposit. (Location: Jaipur, Account #464079)",Cancellation,High,Angry,Pending,Jaipur,Rajasthan,Web Portal,2026-04-20 20:12:01
TC-97626,Customer_130,user_130@telecom-domain.com,Requesting MNP UPC port out code due to poor network,"Tired of frequent call drops and zero coverage. Want to port out my number to another operator immediately. (Location: Bengaluru, Account #428667)",Cancellation,High,Angry,Closed,Bengaluru,Karnataka,Mobile App,2026-08-11 20:54:01
TC-42190,Customer_131,user_131@telecom-domain.com,International roaming data pack not working,"Purchased 5GB roaming data pack for international travel but roaming data is not activating. (Location: Chennai, Account #926411)",Data / Usage Issue,High,Angry,Closed,Chennai,Tamil Nadu,Email,2026-07-23 15:32:01
TC-17005,Customer_132,user_132@telecom-domain.com,Complete fiber optic broadband blackout,"Total internet and landline blackout across our entire apartment complex since 8 AM today. No response from helpline. (Location: Mumbai, Account #248760)",Service Outage,High,Angry,Open,Mumbai,Maharashtra,Web Portal,2026-05-13 20:33:01
TC-73280,Customer_133,user_133@telecom-domain.com,Faulty router Wi-Fi red light issue,"Router optical PON light turns solid red. No internet access on any Wi-Fi device. (Location: Mumbai, Account #949816)",Equipment / Router,High,Angry,Pending,Mumbai,Maharashtra,Branch Store,2026-03-09 14:23:01
TC-94536,Customer_134,user_134@telecom-domain.com,Wi-Fi range very weak and dropping,"Wi-Fi signal cuts out 5 meters away from router. Need dual-band router replacement. (Location: Chandigarh, Account #822989)",Equipment / Router,Medium,Negative,Closed,Chandigarh,Punjab,Mobile App,2026-08-06 03:36:01
TC-79768,Customer_135,user_135@telecom-domain.com,Severe network outage in localized zone,"No broadband or cellular service available since last night heavy storm. Fiber cable seems damaged. (Location: Delhi, Account #525687)",Service Outage,High,Angry,Pending,Delhi,Delhi,Email,2026-07-20 15:48:01
TC-87401,Customer_136,user_136@telecom-domain.com,Complete service outage in operational area,"Total breakdown of voice and data services across post office area. Business is severely impacted. (Location: Ahmedabad, Account #667751)",Service Outage,High,Angry,Pending,Ahmedabad,Gujarat,Branch Store,2026-07-05 22:36:01
TC-38793,Customer_137,user_137@telecom-domain.com,Misleading information given by call center,"Support executive promised bill adjustment within 24 hours but ticket was closed without action. (Location: Mumbai, Account #653063)",Customer Service,High,Angry,Solved,Mumbai,Maharashtra,Email,2026-06-19 05:07:01
TC-29955,Customer_138,user_138@telecom-domain.com,No resolution provided despite 5 calls,"Called customer care 5 times in 3 days. Promises callback every time but nobody calls back. (Location: Pune, Account #788760)",Customer Service,High,Angry,Open,Pune,Maharashtra,Mobile App,2026-03-11 11:00:01
TC-65044,Customer_139,user_139@telecom-domain.com,Call disconnects continuously on VoLTE,"HD voice call quality is pathetic. Audio breaks up and call drops without warning during important business calls. (Location: Kolkata, Account #810626)",Call Drops,High,Angry,Pending,Kolkata,West Bengal,Email,2026-03-19 04:58:01
TC-10272,Customer_140,user_140@telecom-domain.com,Frequent loss of 4G/5G connection,"My phone continuously drops from 5G to 2G every 10 minutes. Network bar completely disappears in office building. (Location: Pune, Account #299192)",Network Connectivity,High,Negative,Pending,Pune,Maharashtra,Web Portal,2026-08-15 15:24:01
TC-86860,Customer_141,user_141@telecom-domain.com,High latency and packet loss while working,"Experiencing 40% packet loss and high latency. Video calls on Zoom and Teams keep freezing constantly. (Location: Jaipur, Account #864783)",Broadband Performance,High,Negative,Pending,Jaipur,Rajasthan,Email,2026-04-22 09:24:01
TC-25015,Customer_142,user_142@telecom-domain.com,Delayed fiber installation appointment,"Fiber installation was scheduled for yesterday 2 PM. Technician did not turn up and phone is switched off. (Location: Kolkata, Account #926273)",Installation,High,Angry,Closed,Kolkata,West Bengal,Email,2026-08-07 20:23:01
TC-89988,Customer_143,user_143@telecom-domain.com,Delayed fiber installation appointment,"Fiber installation was scheduled for yesterday 2 PM. Technician did not turn up and phone is switched off. (Location: Ahmedabad, Account #340318)",Installation,High,Angry,Pending,Ahmedabad,Gujarat,Mobile App,2026-03-17 19:24:01
TC-39226,Customer_144,user_144@telecom-domain.com,International roaming data pack not working,"Purchased 5GB roaming data pack for international travel but roaming data is not activating. (Location: Chennai, Account #520907)",Data / Usage Issue,High,Angry,Open,Chennai,Tamil Nadu,Branch Store,2026-03-26 15:46:01
TC-63116,Customer_145,user_145@telecom-domain.com,Complete service outage in operational area,"Total breakdown of voice and data services across post office area. Business is severely impacted. (Location: Chennai, Account #979795)",Service Outage,High,Angry,Closed,Chennai,Tamil Nadu,Mobile App,2026-04-02 23:24:01
TC-72333,Customer_146,user_146@telecom-domain.com,Requesting MNP UPC port out code due to poor network,"Tired of frequent call drops and zero coverage. Want to port out my number to another operator immediately. (Location: Jaipur, Account #803780)",Cancellation,High,Angry,Closed,Jaipur,Rajasthan,Branch Store,2026-06-04 20:51:01
TC-41343,Customer_147,user_147@telecom-domain.com,One-way audio issue during phone calls,"When people call me, they cannot hear my voice at all while I can hear them clearly. Terrible experience. (Location: Delhi, Account #592507)",Call Drops,High,Frustrated,Closed,Delhi,Delhi,Email,2026-06-27 01:09:01
TC-13840,Customer_148,user_148@telecom-domain.com,Data speed throttled to 64 Kbps incorrectly,"High speed data quota shows 50% balance in app but speed is throttled to unusable 64 Kbps. (Location: Kolkata, Account #305343)",Data / Usage Issue,High,Negative,Pending,Kolkata,West Bengal,Web Portal,2026-06-27 21:02:01
TC-83942,Customer_149,user_149@telecom-domain.com,Data balance deducted without internet usage,"500MB data debited automatically overnight while mobile data switch was off. Please audit usage logs. (Location: Bengaluru, Account #463959)",Data / Usage Issue,Medium,Negative,Pending,Bengaluru,Karnataka,Email,2026-03-23 15:18:01
TC-43677,Customer_150,user_150@telecom-domain.com,Cancel broadband subscription connection,"Subscribed to another provider due to continuous outages. Please disconnect line and refund deposit. (Location: Hyderabad, Account #994939)",Cancellation,High,Angry,Closed,Hyderabad,Telangana,Mobile App,2026-08-14 09:31:01
TC-95558,Customer_151,user_151@telecom-domain.com,Rude customer care support agent behavior,"Customer service agent hung up the call on me while explaining my broadband issue. Worst support ever. (Location: Delhi, Account #149299)",Customer Service,High,Angry,Open,Delhi,Delhi,Email,2026-06-24 01:53:01
TC-80906,Customer_152,user_152@telecom-domain.com,High latency and packet loss while working,"Experiencing 40% packet loss and high latency. Video calls on Zoom and Teams keep freezing constantly. (Location: Delhi, Account #371837)",Broadband Performance,High,Negative,Pending,Delhi,Delhi,Branch Store,2026-05-10 09:36:01
TC-11520,Customer_153,user_153@telecom-domain.com,Plan upgrade request to Gigabit speed,"Want to upgrade existing 100 Mbps plan to 1 Gbps fiber plan. Please share pricing and process. (Location: Kolkata, Account #836432)",Service Request,Low,Positive,Open,Kolkata,West Bengal,Mobile App,2026-03-03 19:37:01
TC-31878,Customer_154,user_154@telecom-domain.com,Broadband speed throttling during peak hours,"Every evening between 7 PM and 11 PM speed drops below 2 Mbps. This is unacceptable service quality. (Location: Jaipur, Account #390701)",Broadband Performance,Medium,Frustrated,Closed,Jaipur,Rajasthan,Branch Store,2026-05-16 17:41:01
TC-81199,Customer_155,user_155@telecom-domain.com,One-way audio issue during phone calls,"When people call me, they cannot hear my voice at all while I can hear them clearly. Terrible experience. (Location: Ahmedabad, Account #925588)",Call Drops,High,Frustrated,Closed,Ahmedabad,Gujarat,Web Portal,2026-05-28 04:54:01
TC-43420,Customer_156,user_156@telecom-domain.com,Complete service outage in operational area,"Total breakdown of voice and data services across post office area. Business is severely impacted. (Location: Delhi, Account #125951)",Service Outage,High,Angry,Closed,Delhi,Delhi,Web Portal,2026-08-15 11:57:01
TC-20191,Customer_157,user_157@telecom-domain.com,Plan upgrade request to Gigabit speed,"Want to upgrade existing 100 Mbps plan to 1 Gbps fiber plan. Please share pricing and process. (Location: Ahmedabad, Account #630140)",Service Request,Low,Positive,Closed,Ahmedabad,Gujarat,Mobile App,2026-03-25 10:48:01
TC-14936,Customer_158,user_158@telecom-domain.com,Faulty router Wi-Fi red light issue,"Router optical PON light turns solid red. No internet access on any Wi-Fi device. (Location: Chandigarh, Account #801366)",Equipment / Router,High,Angry,Pending,Chandigarh,Punjab,Email,2026-06-10 16:52:01
TC-26057,Customer_159,user_159@telecom-domain.com,Broadband speed throttling during peak hours,"Every evening between 7 PM and 11 PM speed drops below 2 Mbps. This is unacceptable service quality. (Location: Delhi, Account #848188)",Broadband Performance,Medium,Frustrated,Pending,Delhi,Delhi,Mobile App,2026-04-08 12:07:01
TC-54728,Customer_160,user_160@telecom-domain.com,No resolution provided despite 5 calls,"Called customer care 5 times in 3 days. Promises callback every time but nobody calls back. (Location: Mumbai, Account #250899)",Customer Service,High,Angry,Solved,Mumbai,Maharashtra,Branch Store,2026-07-29 14:59:01
TC-84565,Customer_161,user_161@telecom-domain.com,Frequent loss of 4G/5G connection,"My phone continuously drops from 5G to 2G every 10 minutes. Network bar completely disappears in office building. (Location: Pune, Account #211066)",Network Connectivity,High,Negative,Closed,Pune,Maharashtra,Email,2026-07-06 05:07:01
TC-58915,Customer_162,user_162@telecom-domain.com,Very slow fiber broadband speed,"Subscribed to 300 Mbps fiber plan but getting only 5 Mbps download speed. Speed test ping is over 250ms. Extremely slow. (Location: Delhi, Account #944959)",Broadband Performance,High,Angry,Open,Delhi,Delhi,Email,2026-08-14 21:24:01
TC-63945,Customer_163,user_163@telecom-domain.com,Frequent internet disconnects every hour,"Broadband connection disconnects every 30 minutes while working from home. PON light on fiber ONT blinks red. (Location: Chandigarh, Account #740408)",Broadband Performance,High,Angry,Open,Chandigarh,Punjab,Mobile App,2026-03-05 03:13:01
TC-19508,Customer_164,user_164@telecom-domain.com,Fiber optical cable line signal unstable,"Fiber link drops repeatedly. Router loses IP address allocation every morning. (Location: Kolkata, Account #895566)",Broadband Performance,Medium,Negative,Solved,Kolkata,West Bengal,Web Portal,2026-04-29 18:24:01
TC-71745,Customer_165,user_165@telecom-domain.com,Fiber optical cable line signal unstable,"Fiber link drops repeatedly. Router loses IP address allocation every morning. (Location: Chennai, Account #137909)",Broadband Performance,Medium,Negative,Open,Chennai,Tamil Nadu,Branch Store,2026-04-15 01:46:01
TC-43734,Customer_166,user_166@telecom-domain.com,Wi-Fi range very weak and dropping,"Wi-Fi signal cuts out 5 meters away from router. Need dual-band router replacement. (Location: Kolkata, Account #992160)",Equipment / Router,Medium,Negative,Closed,Kolkata,West Bengal,Customer Care Call,2026-03-21 01:10:01
TC-33412,Customer_167,user_167@telecom-domain.com,Delayed fiber installation appointment,"Fiber installation was scheduled for yesterday 2 PM. Technician did not turn up and phone is switched off. (Location: Jaipur, Account #123390)",Installation,High,Angry,Solved,Jaipur,Rajasthan,Mobile App,2026-04-07 20:11:01
TC-13001,Customer_168,user_168@telecom-domain.com,Voice call drops within 30 seconds,"Almost every call drops automatically within 20 to 30 seconds. Unusable voice calling service. (Location: Kolkata, Account #486975)",Call Drops,High,Angry,Closed,Kolkata,West Bengal,Web Portal,2026-05-08 06:36:01
TC-18528,Customer_169,user_169@telecom-domain.com,Work order pending port availability issue,"Feeder box installation pending due to lack of spare fiber port. Need resolution. (Location: Pune, Account #565262)",Installation,Medium,Negative,Pending,Pune,Maharashtra,Email,2026-06-24 05:59:01
TC-57363,Customer_170,user_170@telecom-domain.com,Frequent loss of 4G/5G connection,"My phone continuously drops from 5G to 2G every 10 minutes. Network bar completely disappears in office building. (Location: Kolkata, Account #370630)",Network Connectivity,High,Negative,Closed,Kolkata,West Bengal,Customer Care Call,2026-06-12 00:35:01
TC-53472,Customer_171,user_171@telecom-domain.com,Data balance deducted without internet usage,"500MB data debited automatically overnight while mobile data switch was off. Please audit usage logs. (Location: Mumbai, Account #185976)",Data / Usage Issue,Medium,Negative,Pending,Mumbai,Maharashtra,Email,2026-05-20 09:01:01
TC-79300,Customer_172,user_172@telecom-domain.com,Terminate account service immediately,"Unsatisfied with customer service and frequent billing errors. Terminate my plan today. (Location: Ahmedabad, Account #704220)",Cancellation,High,Angry,Solved,Ahmedabad,Gujarat,Customer Care Call,2026-05-23 16:29:01
TC-56388,Customer_173,user_173@telecom-domain.com,Regional mobile tower power failure outage,"All mobile network connectivity is down in HSR Layout sector 2. Whole neighborhood affected. (Location: Mumbai, Account #298205)",Service Outage,High,Angry,Solved,Mumbai,Maharashtra,Branch Store,2026-06-27 04:05:01
TC-69061,Customer_174,user_174@telecom-domain.com,Data balance deducted without internet usage,"500MB data debited automatically overnight while mobile data switch was off. Please audit usage logs. (Location: Kolkata, Account #149146)",Data / Usage Issue,Medium,Negative,Solved,Kolkata,West Bengal,Web Portal,2026-06-02 01:07:01
TC-77805,Customer_175,user_175@telecom-domain.com,One-way audio issue during phone calls,"When people call me, they cannot hear my voice at all while I can hear them clearly. Terrible experience. (Location: Jaipur, Account #780493)",Call Drops,High,Frustrated,Solved,Jaipur,Rajasthan,Email,2026-05-15 06:47:01
TC-50111,Customer_176,user_176@telecom-domain.com,High latency and packet loss while working,"Experiencing 40% packet loss and high latency. Video calls on Zoom and Teams keep freezing constantly. (Location: Chandigarh, Account #618776)",Broadband Performance,High,Negative,Open,Chandigarh,Punjab,Mobile App,2026-03-03 15:51:01
TC-75835,Customer_177,user_177@telecom-domain.com,Poor signal strength indoors,"Signal is extremely weak inside my home. Cannot make any voice calls or use mobile internet unless I step outside. (Location: Bengaluru, Account #370478)",Network Connectivity,Medium,Negative,Pending,Bengaluru,Karnataka,Web Portal,2026-08-06 20:08:01
TC-69211,Customer_178,user_178@telecom-domain.com,Daily FUP data quota exhausted instantly,"My 2GB daily data limit got exhausted at 10 AM without heavy usage. Metering system is inaccurate. (Location: Delhi, Account #243693)",Data / Usage Issue,Medium,Frustrated,Solved,Delhi,Delhi,Branch Store,2026-05-02 21:53:01
TC-77991,Customer_179,user_179@telecom-domain.com,Request static IP allocation for home server,"Need static IPv4 address for remote access setup on my connection. (Location: Jaipur, Account #677950)",Service Request,Low,Neutral,Open,Jaipur,Rajasthan,Email,2026-05-24 16:23:01
TC-69475,Customer_180,user_180@telecom-domain.com,Pending broadband connection setup over 5 days,"Applied for new fiber connection 5 days ago. Payment completed but technician installation pending. (Location: Delhi, Account #955110)",Installation,Medium,Frustrated,Closed,Delhi,Delhi,Email,2026-08-06 04:15:01
TC-79545,Customer_181,user_181@telecom-domain.com,Daily FUP data quota exhausted instantly,"My 2GB daily data limit got exhausted at 10 AM without heavy usage. Metering system is inaccurate. (Location: Jaipur, Account #653742)",Data / Usage Issue,Medium,Frustrated,Pending,Jaipur,Rajasthan,Customer Care Call,2026-06-09 03:04:01
TC-17770,Customer_182,user_182@telecom-domain.com,Rude customer care support agent behavior,"Customer service agent hung up the call on me while explaining my broadband issue. Worst support ever. (Location: Jaipur, Account #837538)",Customer Service,High,Angry,Pending,Jaipur,Rajasthan,Web Portal,2026-04-17 22:23:01
TC-83596,Customer_183,user_183@telecom-domain.com,Data speed throttled to 64 Kbps incorrectly,"High speed data quota shows 50% balance in app but speed is throttled to unusable 64 Kbps. (Location: Bengaluru, Account #206419)",Data / Usage Issue,High,Negative,Closed,Bengaluru,Karnataka,Mobile App,2026-03-13 13:39:01
TC-45581,Customer_184,user_184@telecom-domain.com,Misleading information given by call center,"Support executive promised bill adjustment within 24 hours but ticket was closed without action. (Location: Jaipur, Account #694309)",Customer Service,High,Angry,Solved,Jaipur,Rajasthan,Web Portal,2026-06-04 08:48:01
TC-47768,Customer_185,user_185@telecom-domain.com,No resolution provided despite 5 calls,"Called customer care 5 times in 3 days. Promises callback every time but nobody calls back. (Location: Bengaluru, Account #424000)",Customer Service,High,Angry,Solved,Bengaluru,Karnataka,Web Portal,2026-03-01 01:28:01
TC-46264,Customer_186,user_186@telecom-domain.com,Regional mobile tower power failure outage,"All mobile network connectivity is down in HSR Layout sector 2. Whole neighborhood affected. (Location: Mumbai, Account #296329)",Service Outage,High,Angry,Closed,Mumbai,Maharashtra,Branch Store,2026-03-05 12:23:01
TC-85644,Customer_187,user_187@telecom-domain.com,Pending broadband connection setup over 5 days,"Applied for new fiber connection 5 days ago. Payment completed but technician installation pending. (Location: Chennai, Account #144294)",Installation,Medium,Frustrated,Solved,Chennai,Tamil Nadu,Web Portal,2026-04-14 16:24:01
TC-50422,Customer_188,user_188@telecom-domain.com,Misleading information given by call center,"Support executive promised bill adjustment within 24 hours but ticket was closed without action. (Location: Delhi, Account #681554)",Customer Service,High,Angry,Open,Delhi,Delhi,Customer Care Call,2026-02-20 16:53:01
TC-38299,Customer_189,user_189@telecom-domain.com,Call drops frequently while driving in city,"Call handoff between cell towers fails completely. Every call gets cut when moving between cell sectors. (Location: Delhi, Account #475581)",Call Drops,Medium,Negative,Solved,Delhi,Delhi,Email,2026-04-15 20:46:01
TC-82143,Customer_190,user_190@telecom-domain.com,Call drops frequently while driving in city,"Call handoff between cell towers fails completely. Every call gets cut when moving between cell sectors. (Location: Hyderabad, Account #933608)",Call Drops,Medium,Negative,Pending,Hyderabad,Telangana,Mobile App,2026-06-02 13:28:01
TC-21380,Customer_191,user_191@telecom-domain.com,Poor signal strength indoors,"Signal is extremely weak inside my home. Cannot make any voice calls or use mobile internet unless I step outside. (Location: Hyderabad, Account #305510)",Network Connectivity,Medium,Negative,Solved,Hyderabad,Telangana,Web Portal,2026-07-19 12:11:01
TC-80471,Customer_192,user_192@telecom-domain.com,Poor signal strength indoors,"Signal is extremely weak inside my home. Cannot make any voice calls or use mobile internet unless I step outside. (Location: Ahmedabad, Account #793675)",Network Connectivity,Medium,Negative,Pending,Ahmedabad,Gujarat,Email,2026-04-03 02:36:01
TC-11707,Customer_193,user_193@telecom-domain.com,Misleading information given by call center,"Support executive promised bill adjustment within 24 hours but ticket was closed without action. (Location: Chennai, Account #132174)",Customer Service,High,Angry,Open,Chennai,Tamil Nadu,Web Portal,2026-04-03 04:44:01
TC-66044,Customer_194,user_194@telecom-domain.com,International roaming data pack not working,"Purchased 5GB roaming data pack for international travel but roaming data is not activating. (Location: Mumbai, Account #441329)",Data / Usage Issue,High,Angry,Closed,Mumbai,Maharashtra,Mobile App,2026-06-06 01:37:01
TC-65616,Customer_195,user_195@telecom-domain.com,Double charge on monthly broadband bill,"I was charged twice ₹1,499 for the current month bill. Money deducted twice from credit card but status shows pending. (Location: Ahmedabad, Account #399920)",Billing Dispute,High,Angry,Pending,Ahmedabad,Gujarat,Branch Store,2026-08-01 23:09:01
TC-33472,Customer_196,user_196@telecom-domain.com,Unauthorized Value Added Service (VAS) charged,"My bill includes ₹299 for international roaming VAS which I never subscribed or activated. Deduct this immediately. (Location: Pune, Account #978422)",Billing Dispute,High,Angry,Closed,Pune,Maharashtra,Mobile App,2026-05-12 09:02:01
TC-90481,Customer_197,user_197@telecom-domain.com,Requesting MNP UPC port out code due to poor network,"Tired of frequent call drops and zero coverage. Want to port out my number to another operator immediately. (Location: Chandigarh, Account #988782)",Cancellation,High,Angry,Closed,Chandigarh,Punjab,Web Portal,2026-06-18 07:35:01
TC-37217,Customer_198,user_198@telecom-domain.com,Complete service outage in operational area,"Total breakdown of voice and data services across post office area. Business is severely impacted. (Location: Hyderabad, Account #123055)",Service Outage,High,Angry,Solved,Hyderabad,Telangana,Customer Care Call,2026-03-21 10:05:01
TC-51910,Customer_199,user_199@telecom-domain.com,Complete service outage in operational area,"Total breakdown of voice and data services across post office area. Business is severely impacted. (Location: Chandigarh, Account #389392)",Service Outage,High,Angry,Closed,Chandigarh,Punjab,Customer Care Call,2026-03-16 02:31:01
TC-19188,Customer_200,user_200@telecom-domain.com,Daily FUP data quota exhausted instantly,"My 2GB daily data limit got exhausted at 10 AM without heavy usage. Metering system is inaccurate. (Location: Chandigarh, Account #960620)",Data / Usage Issue,Medium,Frustrated,Pending,Chandigarh,Punjab,Email,2026-05-26 08:40:01
TC-76272,Customer_201,user_201@telecom-domain.com,Pending broadband connection setup over 5 days,"Applied for new fiber connection 5 days ago. Payment completed but technician installation pending. (Location: Ahmedabad, Account #692553)",Installation,Medium,Frustrated,Pending,Ahmedabad,Gujarat,Customer Care Call,2026-08-05 06:47:01
TC-62966,Customer_202,user_202@telecom-domain.com,Voice call drops within 30 seconds,"Almost every call drops automatically within 20 to 30 seconds. Unusable voice calling service. (Location: Delhi, Account #392926)",Call Drops,High,Angry,Open,Delhi,Delhi,Web Portal,2026-05-13 11:32:01
TC-92461,Customer_203,user_203@telecom-domain.com,Request static IP allocation for home server,"Need static IPv4 address for remote access setup on my connection. (Location: Jaipur, Account #710702)",Service Request,Low,Neutral,Open,Jaipur,Rajasthan,Web Portal,2026-07-22 12:12:01
TC-85455,Customer_204,user_204@telecom-domain.com,Regional mobile tower power failure outage,"All mobile network connectivity is down in HSR Layout sector 2. Whole neighborhood affected. (Location: Pune, Account #299860)",Service Outage,High,Angry,Solved,Pune,Maharashtra,Mobile App,2026-06-25 11:51:01
TC-45382,Customer_205,user_205@telecom-domain.com,Data speed throttled to 64 Kbps incorrectly,"High speed data quota shows 50% balance in app but speed is throttled to unusable 64 Kbps. (Location: Chandigarh, Account #132269)",Data / Usage Issue,High,Negative,Closed,Chandigarh,Punjab,Email,2026-06-27 15:10:01
TC-45835,Customer_206,user_206@telecom-domain.com,Call drops frequently while driving in city,"Call handoff between cell towers fails completely. Every call gets cut when moving between cell sectors. (Location: Mumbai, Account #443691)",Call Drops,Medium,Negative,Solved,Mumbai,Maharashtra,Email,2026-03-28 09:15:01
TC-14875,Customer_207,user_207@telecom-domain.com,Severe network outage in localized zone,"No broadband or cellular service available since last night heavy storm. Fiber cable seems damaged. (Location: Hyderabad, Account #513864)",Service Outage,High,Angry,Closed,Hyderabad,Telangana,Web Portal,2026-02-23 00:10:01
TC-89812,Customer_208,user_208@telecom-domain.com,Faulty router Wi-Fi red light issue,"Router optical PON light turns solid red. No internet access on any Wi-Fi device. (Location: Pune, Account #741027)",Equipment / Router,High,Angry,Solved,Pune,Maharashtra,Customer Care Call,2026-07-12 02:31:01
TC-21735,Customer_209,user_209@telecom-domain.com,No network coverage in my area,"I have zero mobile signal since morning in my apartment. Emergency calls only showing on screen. Please fix this cellular network issue immediately. (Location: Mumbai, Account #497165)",Network Connectivity,High,Angry,Pending,Mumbai,Maharashtra,Mobile App,2026-05-02 04:20:01
TC-37608,Customer_210,user_210@telecom-domain.com,Plan upgrade request to Gigabit speed,"Want to upgrade existing 100 Mbps plan to 1 Gbps fiber plan. Please share pricing and process. (Location: Kolkata, Account #386690)",Service Request,Low,Positive,Open,Kolkata,West Bengal,Customer Care Call,2026-02-26 18:01:01
TC-42831,Customer_211,user_211@telecom-domain.com,Complete fiber optic broadband blackout,"Total internet and landline blackout across our entire apartment complex since 8 AM today. No response from helpline. (Location: Mumbai, Account #682095)",Service Outage,High,Angry,Solved,Mumbai,Maharashtra,Customer Care Call,2026-04-17 07:12:01
TC-40206,Customer_212,user_212@telecom-domain.com,Network signal keeps dropping repeatedly,"Every time I travel through the electronic city corridor, signal completely dies for 15 minutes. Very unreliable network. (Location: Hyderabad, Account #423001)",Network Connectivity,High,Angry,Open,Hyderabad,Telangana,Mobile App,2026-03-05 18:07:01
TC-79681,Customer_213,user_213@telecom-domain.com,Poor signal strength indoors,"Signal is extremely weak inside my home. Cannot make any voice calls or use mobile internet unless I step outside. (Location: Chennai, Account #773060)",Network Connectivity,Medium,Negative,Solved,Chennai,Tamil Nadu,Branch Store,2026-03-31 05:56:01
TC-57182,Customer_214,user_214@telecom-domain.com,Modem overheating and rebooting automatically,"Provided Wi-Fi router gets burning hot within 10 minutes and reboots continuously. (Location: Jaipur, Account #454132)",Equipment / Router,High,Negative,Solved,Jaipur,Rajasthan,Branch Store,2026-04-09 06:49:01
TC-66088,Customer_215,user_215@telecom-domain.com,Faulty router Wi-Fi red light issue,"Router optical PON light turns solid red. No internet access on any Wi-Fi device. (Location: Mumbai, Account #703132)",Equipment / Router,High,Angry,Closed,Mumbai,Maharashtra,Mobile App,2026-03-04 14:34:01
TC-39316,Customer_216,user_216@telecom-domain.com,Data balance deducted without internet usage,"500MB data debited automatically overnight while mobile data switch was off. Please audit usage logs. (Location: Hyderabad, Account #702147)",Data / Usage Issue,Medium,Negative,Open,Hyderabad,Telangana,Branch Store,2026-03-09 14:09:01
TC-76209,Customer_217,user_217@telecom-domain.com,Severe network outage in localized zone,"No broadband or cellular service available since last night heavy storm. Fiber cable seems damaged. (Location: Jaipur, Account #416168)",Service Outage,High,Angry,Solved,Jaipur,Rajasthan,Branch Store,2026-07-19 01:19:01
TC-15522,Customer_218,user_218@telecom-domain.com,SIM card showing no service,"My SIM suddenly stopped catching network signal. Checked on another phone, still says No Service. (Location: Hyderabad, Account #859590)",Network Connectivity,High,Angry,Open,Hyderabad,Telangana,Email,2026-06-06 17:31:01
TC-91719,Customer_219,user_219@telecom-domain.com,No resolution provided despite 5 calls,"Called customer care 5 times in 3 days. Promises callback every time but nobody calls back. (Location: Jaipur, Account #671535)",Customer Service,High,Angry,Closed,Jaipur,Rajasthan,Branch Store,2026-06-18 16:53:01
TC-78857,Customer_220,user_220@telecom-domain.com,Faulty router Wi-Fi red light issue,"Router optical PON light turns solid red. No internet access on any Wi-Fi device. (Location: Chennai, Account #375434)",Equipment / Router,High,Angry,Open,Chennai,Tamil Nadu,Web Portal,2026-07-08 13:45:01
TC-70239,Customer_221,user_221@telecom-domain.com,Auto-debit failure penalty wrongly applied,"Bank auto-debit succeeded on time but your system marked late payment fee ₹250. Please reverse penalty. (Location: Jaipur, Account #861492)",Billing Dispute,Medium,Negative,Solved,Jaipur,Rajasthan,Mobile App,2026-07-07 18:19:01
TC-80932,Customer_222,user_222@telecom-domain.com,Broadband speed throttling during peak hours,"Every evening between 7 PM and 11 PM speed drops below 2 Mbps. This is unacceptable service quality. (Location: Hyderabad, Account #331964)",Broadband Performance,Medium,Frustrated,Solved,Hyderabad,Telangana,Email,2026-07-31 14:52:01
TC-10184,Customer_223,user_223@telecom-domain.com,Requesting MNP UPC port out code due to poor network,"Tired of frequent call drops and zero coverage. Want to port out my number to another operator immediately. (Location: Chandigarh, Account #859957)",Cancellation,High,Angry,Open,Chandigarh,Punjab,Branch Store,2026-04-22 09:48:01
TC-85574,Customer_224,user_224@telecom-domain.com,Cancel broadband subscription connection,"Subscribed to another provider due to continuous outages. Please disconnect line and refund deposit. (Location: Bengaluru, Account #960405)",Cancellation,High,Angry,Closed,Bengaluru,Karnataka,Mobile App,2026-03-16 10:15:01
TC-75169,Customer_225,user_225@telecom-domain.com,Delayed fiber installation appointment,"Fiber installation was scheduled for yesterday 2 PM. Technician did not turn up and phone is switched off. (Location: Bengaluru, Account #722786)",Installation,High,Angry,Open,Bengaluru,Karnataka,Customer Care Call,2026-05-30 19:19:01
TC-49076,Customer_226,user_226@telecom-domain.com,Data balance deducted without internet usage,"500MB data debited automatically overnight while mobile data switch was off. Please audit usage logs. (Location: Mumbai, Account #964021)",Data / Usage Issue,Medium,Negative,Pending,Mumbai,Maharashtra,Email,2026-03-28 02:40:01
TC-52770,Customer_227,user_227@telecom-domain.com,Complete fiber optic broadband blackout,"Total internet and landline blackout across our entire apartment complex since 8 AM today. No response from helpline. (Location: Mumbai, Account #691291)",Service Outage,High,Angry,Closed,Mumbai,Maharashtra,Web Portal,2026-04-29 09:56:01
TC-97170,Customer_228,user_228@telecom-domain.com,Fiber optical cable line signal unstable,"Fiber link drops repeatedly. Router loses IP address allocation every morning. (Location: Bengaluru, Account #824725)",Broadband Performance,Medium,Negative,Pending,Bengaluru,Karnataka,Email,2026-03-25 07:45:01
TC-35391,Customer_229,user_229@telecom-domain.com,Network signal keeps dropping repeatedly,"Every time I travel through the electronic city corridor, signal completely dies for 15 minutes. Very unreliable network. (Location: Chandigarh, Account #300047)",Network Connectivity,High,Angry,Pending,Chandigarh,Punjab,Mobile App,2026-03-21 03:24:01
TC-89494,Customer_230,user_230@telecom-domain.com,Wi-Fi range very weak and dropping,"Wi-Fi signal cuts out 5 meters away from router. Need dual-band router replacement. (Location: Mumbai, Account #978866)",Equipment / Router,Medium,Negative,Open,Mumbai,Maharashtra,Web Portal,2026-08-16 03:07:01
TC-44066,Customer_231,user_231@telecom-domain.com,Pending broadband connection setup over 5 days,"Applied for new fiber connection 5 days ago. Payment completed but technician installation pending. (Location: Ahmedabad, Account #353673)",Installation,Medium,Frustrated,Closed,Ahmedabad,Gujarat,Customer Care Call,2026-04-04 12:53:01
TC-89560,Customer_232,user_232@telecom-domain.com,Call drops frequently while driving in city,"Call handoff between cell towers fails completely. Every call gets cut when moving between cell sectors. (Location: Delhi, Account #120568)",Call Drops,Medium,Negative,Pending,Delhi,Delhi,Email,2026-04-14 18:10:01
TC-82795,Customer_233,user_233@telecom-domain.com,One-way audio issue during phone calls,"When people call me, they cannot hear my voice at all while I can hear them clearly. Terrible experience. (Location: Hyderabad, Account #345813)",Call Drops,High,Frustrated,Closed,Hyderabad,Telangana,Branch Store,2026-03-08 01:52:01
TC-51799,Customer_234,user_234@telecom-domain.com,Regional mobile tower power failure outage,"All mobile network connectivity is down in HSR Layout sector 2. Whole neighborhood affected. (Location: Bengaluru, Account #593919)",Service Outage,High,Angry,Solved,Bengaluru,Karnataka,Email,2026-04-26 13:21:01
TC-13185,Customer_235,user_235@telecom-domain.com,Modem overheating and rebooting automatically,"Provided Wi-Fi router gets burning hot within 10 minutes and reboots continuously. (Location: Hyderabad, Account #288200)",Equipment / Router,High,Negative,Solved,Hyderabad,Telangana,Email,2026-05-09 09:06:01
TC-42757,Customer_236,user_236@telecom-domain.com,Fiber optical cable line signal unstable,"Fiber link drops repeatedly. Router loses IP address allocation every morning. (Location: Pune, Account #251610)",Broadband Performance,Medium,Negative,Open,Pune,Maharashtra,Mobile App,2026-05-15 18:16:01
TC-89050,Customer_237,user_237@telecom-domain.com,International roaming data pack not working,"Purchased 5GB roaming data pack for international travel but roaming data is not activating. (Location: Hyderabad, Account #605900)",Data / Usage Issue,High,Angry,Closed,Hyderabad,Telangana,Web Portal,2026-07-13 13:17:01
TC-47492,Customer_238,user_238@telecom-domain.com,Work order pending port availability issue,"Feeder box installation pending due to lack of spare fiber port. Need resolution. (Location: Chandigarh, Account #380280)",Installation,Medium,Negative,Closed,Chandigarh,Punjab,Web Portal,2026-03-13 05:59:01
TC-55193,Customer_239,user_239@telecom-domain.com,Incorrect plan billing amount charged,"Subscribed to ₹599 plan but bill generated is ₹1,199. High overcharge without explanation. (Location: Chandigarh, Account #522971)",Billing Dispute,Medium,Frustrated,Closed,Chandigarh,Punjab,Web Portal,2026-05-11 22:16:01
TC-17909,Customer_240,user_240@telecom-domain.com,Poor signal strength indoors,"Signal is extremely weak inside my home. Cannot make any voice calls or use mobile internet unless I step outside. (Location: Chennai, Account #726939)",Network Connectivity,Medium,Negative,Open,Chennai,Tamil Nadu,Customer Care Call,2026-05-31 03:02:01
TC-20830,Customer_241,user_241@telecom-domain.com,Daily FUP data quota exhausted instantly,"My 2GB daily data limit got exhausted at 10 AM without heavy usage. Metering system is inaccurate. (Location: Jaipur, Account #785330)",Data / Usage Issue,Medium,Frustrated,Solved,Jaipur,Rajasthan,Web Portal,2026-07-20 11:38:01
TC-69242,Customer_242,user_242@telecom-domain.com,Severe network outage in localized zone,"No broadband or cellular service available since last night heavy storm. Fiber cable seems damaged. (Location: Chennai, Account #838456)",Service Outage,High,Angry,Solved,Chennai,Tamil Nadu,Branch Store,2026-03-05 01:47:01
TC-77973,Customer_243,user_243@telecom-domain.com,Request to shift broadband to new address,"Moving to new apartment next week. Need connection relocation feasible check and schedule. (Location: Chandigarh, Account #804103)",Service Request,Low,Neutral,Closed,Chandigarh,Punjab,Mobile App,2026-05-24 23:52:01
TC-79075,Customer_244,user_244@telecom-domain.com,Modem overheating and rebooting automatically,"Provided Wi-Fi router gets burning hot within 10 minutes and reboots continuously. (Location: Delhi, Account #296095)",Equipment / Router,High,Negative,Closed,Delhi,Delhi,Mobile App,2026-02-28 13:22:01
TC-87156,Customer_245,user_245@telecom-domain.com,Complete service outage in operational area,"Total breakdown of voice and data services across post office area. Business is severely impacted. (Location: Chennai, Account #495227)",Service Outage,High,Angry,Solved,Chennai,Tamil Nadu,Customer Care Call,2026-04-21 15:31:01
TC-24603,Customer_246,user_246@telecom-domain.com,Regional mobile tower power failure outage,"All mobile network connectivity is down in HSR Layout sector 2. Whole neighborhood affected. (Location: Delhi, Account #129910)",Service Outage,High,Angry,Pending,Delhi,Delhi,Mobile App,2026-05-30 19:57:01
TC-60704,Customer_247,user_247@telecom-domain.com,Request static IP allocation for home server,"Need static IPv4 address for remote access setup on my connection. (Location: Mumbai, Account #343742)",Service Request,Low,Neutral,Pending,Mumbai,Maharashtra,Mobile App,2026-04-11 13:56:01
TC-97636,Customer_248,user_248@telecom-domain.com,Pending broadband connection setup over 5 days,"Applied for new fiber connection 5 days ago. Payment completed but technician installation pending. (Location: Chandigarh, Account #661517)",Installation,Medium,Frustrated,Solved,Chandigarh,Punjab,Mobile App,2026-05-11 13:36:01
TC-37301,Customer_249,user_249@telecom-domain.com,Work order pending port availability issue,"Feeder box installation pending due to lack of spare fiber port. Need resolution. (Location: Bengaluru, Account #531446)",Installation,Medium,Negative,Closed,Bengaluru,Karnataka,Web Portal,2026-07-13 19:19:01
TC-16857,Customer_250,user_250@telecom-domain.com,Wi-Fi range very weak and dropping,"Wi-Fi signal cuts out 5 meters away from router. Need dual-band router replacement. (Location: Pune, Account #990120)",Equipment / Router,Medium,Negative,Solved,Pune,Maharashtra,Mobile App,2026-05-18 03:57:01
TC-10229,Customer_251,user_251@telecom-domain.com,Requesting MNP UPC port out code due to poor network,"Tired of frequent call drops and zero coverage. Want to port out my number to another operator immediately. (Location: Delhi, Account #556885)",Cancellation,High,Angry,Closed,Delhi,Delhi,Email,2026-04-19 06:27:01
TC-20570,Customer_252,user_252@telecom-domain.com,No resolution provided despite 5 calls,"Called customer care 5 times in 3 days. Promises callback every time but nobody calls back. (Location: Pune, Account #762617)",Customer Service,High,Angry,Pending,Pune,Maharashtra,Web Portal,2026-05-26 01:51:01
TC-79604,Customer_253,user_253@telecom-domain.com,Regional mobile tower power failure outage,"All mobile network connectivity is down in HSR Layout sector 2. Whole neighborhood affected. (Location: Kolkata, Account #736395)",Service Outage,High,Angry,Pending,Kolkata,West Bengal,Web Portal,2026-08-05 11:22:01
TC-96873,Customer_254,user_254@telecom-domain.com,Faulty router Wi-Fi red light issue,"Router optical PON light turns solid red. No internet access on any Wi-Fi device. (Location: Jaipur, Account #929229)",Equipment / Router,High,Angry,Solved,Jaipur,Rajasthan,Branch Store,2026-03-08 09:39:01
TC-26719,Customer_255,user_255@telecom-domain.com,One-way audio issue during phone calls,"When people call me, they cannot hear my voice at all while I can hear them clearly. Terrible experience. (Location: Hyderabad, Account #763464)",Call Drops,High,Frustrated,Open,Hyderabad,Telangana,Customer Care Call,2026-04-23 20:05:01
TC-16649,Customer_256,user_256@telecom-domain.com,Modem overheating and rebooting automatically,"Provided Wi-Fi router gets burning hot within 10 minutes and reboots continuously. (Location: Jaipur, Account #913159)",Equipment / Router,High,Negative,Closed,Jaipur,Rajasthan,Branch Store,2026-07-21 10:37:01
TC-79930,Customer_257,user_257@telecom-domain.com,Complete fiber optic broadband blackout,"Total internet and landline blackout across our entire apartment complex since 8 AM today. No response from helpline. (Location: Bengaluru, Account #264732)",Service Outage,High,Angry,Open,Bengaluru,Karnataka,Branch Store,2026-06-16 21:06:01
TC-65688,Customer_258,user_258@telecom-domain.com,Wi-Fi range very weak and dropping,"Wi-Fi signal cuts out 5 meters away from router. Need dual-band router replacement. (Location: Chandigarh, Account #885782)",Equipment / Router,Medium,Negative,Pending,Chandigarh,Punjab,Branch Store,2026-03-19 17:12:01
TC-27637,Customer_259,user_259@telecom-domain.com,Faulty router Wi-Fi red light issue,"Router optical PON light turns solid red. No internet access on any Wi-Fi device. (Location: Hyderabad, Account #135937)",Equipment / Router,High,Angry,Solved,Hyderabad,Telangana,Branch Store,2026-03-01 23:10:01
TC-19063,Customer_260,user_260@telecom-domain.com,Severe network outage in localized zone,"No broadband or cellular service available since last night heavy storm. Fiber cable seems damaged. (Location: Kolkata, Account #222397)",Service Outage,High,Angry,Closed,Kolkata,West Bengal,Email,2026-06-07 12:21:01
TC-80382,Customer_261,user_261@telecom-domain.com,Regional mobile tower power failure outage,"All mobile network connectivity is down in HSR Layout sector 2. Whole neighborhood affected. (Location: Bengaluru, Account #693462)",Service Outage,High,Angry,Closed,Bengaluru,Karnataka,Web Portal,2026-03-05 15:11:01
TC-22102,Customer_262,user_262@telecom-domain.com,Rude customer care support agent behavior,"Customer service agent hung up the call on me while explaining my broadband issue. Worst support ever. (Location: Chennai, Account #256068)",Customer Service,High,Angry,Pending,Chennai,Tamil Nadu,Web Portal,2026-08-07 14:46:01
TC-87257,Customer_263,user_263@telecom-domain.com,Faulty router Wi-Fi red light issue,"Router optical PON light turns solid red. No internet access on any Wi-Fi device. (Location: Kolkata, Account #304885)",Equipment / Router,High,Angry,Closed,Kolkata,West Bengal,Email,2026-07-10 11:57:01
TC-71527,Customer_264,user_264@telecom-domain.com,Cancel broadband subscription connection,"Subscribed to another provider due to continuous outages. Please disconnect line and refund deposit. (Location: Pune, Account #419177)",Cancellation,High,Angry,Closed,Pune,Maharashtra,Web Portal,2026-02-23 15:03:01
TC-65502,Customer_265,user_265@telecom-domain.com,Rude customer care support agent behavior,"Customer service agent hung up the call on me while explaining my broadband issue. Worst support ever. (Location: Chennai, Account #250620)",Customer Service,High,Angry,Closed,Chennai,Tamil Nadu,Email,2026-07-25 23:53:01
TC-35024,Customer_266,user_266@telecom-domain.com,Poor signal strength indoors,"Signal is extremely weak inside my home. Cannot make any voice calls or use mobile internet unless I step outside. (Location: Delhi, Account #292032)",Network Connectivity,Medium,Negative,Open,Delhi,Delhi,Customer Care Call,2026-06-24 02:50:01
TC-10403,Customer_267,user_267@telecom-domain.com,Request to shift broadband to new address,"Moving to new apartment next week. Need connection relocation feasible check and schedule. (Location: Jaipur, Account #723400)",Service Request,Low,Neutral,Closed,Jaipur,Rajasthan,Email,2026-07-28 03:02:01
TC-41141,Customer_268,user_268@telecom-domain.com,Very slow fiber broadband speed,"Subscribed to 300 Mbps fiber plan but getting only 5 Mbps download speed. Speed test ping is over 250ms. Extremely slow. (Location: Jaipur, Account #905878)",Broadband Performance,High,Angry,Closed,Jaipur,Rajasthan,Email,2026-07-16 22:29:01
TC-29091,Customer_269,user_269@telecom-domain.com,Fiber optical cable line signal unstable,"Fiber link drops repeatedly. Router loses IP address allocation every morning. (Location: Delhi, Account #626254)",Broadband Performance,Medium,Negative,Open,Delhi,Delhi,Customer Care Call,2026-07-11 09:34:01
TC-54696,Customer_270,user_270@telecom-domain.com,Faulty router Wi-Fi red light issue,"Router optical PON light turns solid red. No internet access on any Wi-Fi device. (Location: Ahmedabad, Account #745888)",Equipment / Router,High,Angry,Solved,Ahmedabad,Gujarat,Branch Store,2026-03-17 23:54:01
TC-63866,Customer_271,user_271@telecom-domain.com,Delayed fiber installation appointment,"Fiber installation was scheduled for yesterday 2 PM. Technician did not turn up and phone is switched off. (Location: Bengaluru, Account #177561)",Installation,High,Angry,Pending,Bengaluru,Karnataka,Customer Care Call,2026-07-16 09:14:01
TC-22466,Customer_272,user_272@telecom-domain.com,International roaming data pack not working,"Purchased 5GB roaming data pack for international travel but roaming data is not activating. (Location: Bengaluru, Account #536442)",Data / Usage Issue,High,Angry,Closed,Bengaluru,Karnataka,Branch Store,2026-05-12 15:14:01
TC-96571,Customer_273,user_273@telecom-domain.com,Rude customer care support agent behavior,"Customer service agent hung up the call on me while explaining my broadband issue. Worst support ever. (Location: Pune, Account #395748)",Customer Service,High,Angry,Open,Pune,Maharashtra,Web Portal,2026-06-22 18:33:01
TC-44620,Customer_274,user_274@telecom-domain.com,Complete fiber optic broadband blackout,"Total internet and landline blackout across our entire apartment complex since 8 AM today. No response from helpline. (Location: Mumbai, Account #577303)",Service Outage,High,Angry,Solved,Mumbai,Maharashtra,Customer Care Call,2026-03-19 20:57:01
TC-27908,Customer_275,user_275@telecom-domain.com,Voice call drops within 30 seconds,"Almost every call drops automatically within 20 to 30 seconds. Unusable voice calling service. (Location: Jaipur, Account #415816)",Call Drops,High,Angry,Closed,Jaipur,Rajasthan,Email,2026-05-22 23:21:01
TC-89078,Customer_276,user_276@telecom-domain.com,Cancel broadband subscription connection,"Subscribed to another provider due to continuous outages. Please disconnect line and refund deposit. (Location: Kolkata, Account #703983)",Cancellation,High,Angry,Closed,Kolkata,West Bengal,Web Portal,2026-07-26 22:53:01
TC-85447,Customer_277,user_277@telecom-domain.com,Security deposit refund not received after cancellation,"Cancelled my connection 45 days ago but ₹2,000 security deposit refund is still pending. Support promised 7 days. (Location: Chandigarh, Account #674617)",Billing Dispute,High,Angry,Solved,Chandigarh,Punjab,Customer Care Call,2026-03-04 02:07:01
TC-20851,Customer_278,user_278@telecom-domain.com,Auto-debit failure penalty wrongly applied,"Bank auto-debit succeeded on time but your system marked late payment fee ₹250. Please reverse penalty. (Location: Delhi, Account #448076)",Billing Dispute,Medium,Negative,Closed,Delhi,Delhi,Email,2026-02-25 11:43:01
TC-32779,Customer_279,user_279@telecom-domain.com,Voice call drops within 30 seconds,"Almost every call drops automatically within 20 to 30 seconds. Unusable voice calling service. (Location: Mumbai, Account #113518)",Call Drops,High,Angry,Closed,Mumbai,Maharashtra,Branch Store,2026-04-12 07:56:01
TC-54882,Customer_280,user_280@telecom-domain.com,Auto-debit failure penalty wrongly applied,"Bank auto-debit succeeded on time but your system marked late payment fee ₹250. Please reverse penalty. (Location: Chennai, Account #916185)",Billing Dispute,Medium,Negative,Closed,Chennai,Tamil Nadu,Web Portal,2026-05-28 11:21:01
TC-11748,Customer_281,user_281@telecom-domain.com,Work order pending port availability issue,"Feeder box installation pending due to lack of spare fiber port. Need resolution. (Location: Delhi, Account #509171)",Installation,Medium,Negative,Pending,Delhi,Delhi,Customer Care Call,2026-03-26 11:32:01
TC-27281,Customer_282,user_282@telecom-domain.com,Modem overheating and rebooting automatically,"Provided Wi-Fi router gets burning hot within 10 minutes and reboots continuously. (Location: Pune, Account #854337)",Equipment / Router,High,Negative,Closed,Pune,Maharashtra,Email,2026-06-29 22:36:01
TC-27921,Customer_283,user_283@telecom-domain.com,Poor signal strength indoors,"Signal is extremely weak inside my home. Cannot make any voice calls or use mobile internet unless I step outside. (Location: Jaipur, Account #171228)",Network Connectivity,Medium,Negative,Open,Jaipur,Rajasthan,Customer Care Call,2026-04-17 10:24:01
TC-13234,Customer_284,user_284@telecom-domain.com,Requesting MNP UPC port out code due to poor network,"Tired of frequent call drops and zero coverage. Want to port out my number to another operator immediately. (Location: Jaipur, Account #761838)",Cancellation,High,Angry,Solved,Jaipur,Rajasthan,Email,2026-06-02 11:04:01
TC-25958,Customer_285,user_285@telecom-domain.com,Plan upgrade request to Gigabit speed,"Want to upgrade existing 100 Mbps plan to 1 Gbps fiber plan. Please share pricing and process. (Location: Jaipur, Account #836375)",Service Request,Low,Positive,Pending,Jaipur,Rajasthan,Web Portal,2026-04-19 08:29:01
TC-66304,Customer_286,user_286@telecom-domain.com,Frequent loss of 4G/5G connection,"My phone continuously drops from 5G to 2G every 10 minutes. Network bar completely disappears in office building. (Location: Bengaluru, Account #996313)",Network Connectivity,High,Negative,Open,Bengaluru,Karnataka,Web Portal,2026-03-15 18:21:01
TC-72135,Customer_287,user_287@telecom-domain.com,International roaming data pack not working,"Purchased 5GB roaming data pack for international travel but roaming data is not activating. (Location: Kolkata, Account #447859)",Data / Usage Issue,High,Angry,Closed,Kolkata,West Bengal,Web Portal,2026-05-22 15:23:01
TC-56849,Customer_288,user_288@telecom-domain.com,Data speed throttled to 64 Kbps incorrectly,"High speed data quota shows 50% balance in app but speed is throttled to unusable 64 Kbps. (Location: Bengaluru, Account #143137)",Data / Usage Issue,High,Negative,Closed,Bengaluru,Karnataka,Mobile App,2026-05-26 01:49:01
TC-94386,Customer_289,user_289@telecom-domain.com,Regional mobile tower power failure outage,"All mobile network connectivity is down in HSR Layout sector 2. Whole neighborhood affected. (Location: Bengaluru, Account #186749)",Service Outage,High,Angry,Open,Bengaluru,Karnataka,Branch Store,2026-05-31 15:42:01
TC-19308,Customer_290,user_290@telecom-domain.com,Misleading information given by call center,"Support executive promised bill adjustment within 24 hours but ticket was closed without action. (Location: Delhi, Account #106048)",Customer Service,High,Angry,Closed,Delhi,Delhi,Mobile App,2026-06-16 15:57:01
TC-78977,Customer_291,user_291@telecom-domain.com,Regional mobile tower power failure outage,"All mobile network connectivity is down in HSR Layout sector 2. Whole neighborhood affected. (Location: Kolkata, Account #456570)",Service Outage,High,Angry,Open,Kolkata,West Bengal,Email,2026-06-24 16:49:01
TC-55641,Customer_292,user_292@telecom-domain.com,Call disconnects continuously on VoLTE,"HD voice call quality is pathetic. Audio breaks up and call drops without warning during important business calls. (Location: Bengaluru, Account #963652)",Call Drops,High,Angry,Open,Bengaluru,Karnataka,Customer Care Call,2026-03-07 09:37:01
TC-92592,Customer_293,user_293@telecom-domain.com,Data balance deducted without internet usage,"500MB data debited automatically overnight while mobile data switch was off. Please audit usage logs. (Location: Jaipur, Account #678541)",Data / Usage Issue,Medium,Negative,Closed,Jaipur,Rajasthan,Customer Care Call,2026-04-13 03:22:01
TC-28532,Customer_294,user_294@telecom-domain.com,Request to shift broadband to new address,"Moving to new apartment next week. Need connection relocation feasible check and schedule. (Location: Kolkata, Account #142787)",Service Request,Low,Neutral,Open,Kolkata,West Bengal,Customer Care Call,2026-03-02 16:59:01
TC-20540,Customer_295,user_295@telecom-domain.com,Misleading information given by call center,"Support executive promised bill adjustment within 24 hours but ticket was closed without action. (Location: Kolkata, Account #613334)",Customer Service,High,Angry,Open,Kolkata,West Bengal,Mobile App,2026-07-10 11:46:01
TC-77147,Customer_296,user_296@telecom-domain.com,Work order pending port availability issue,"Feeder box installation pending due to lack of spare fiber port. Need resolution. (Location: Jaipur, Account #286873)",Installation,Medium,Negative,Open,Jaipur,Rajasthan,Mobile App,2026-07-30 13:15:01
TC-86003,Customer_297,user_297@telecom-domain.com,Terminate account service immediately,"Unsatisfied with customer service and frequent billing errors. Terminate my plan today. (Location: Bengaluru, Account #828335)",Cancellation,High,Angry,Closed,Bengaluru,Karnataka,Email,2026-07-21 16:26:01
TC-73761,Customer_298,user_298@telecom-domain.com,Data balance deducted without internet usage,"500MB data debited automatically overnight while mobile data switch was off. Please audit usage logs. (Location: Kolkata, Account #679442)",Data / Usage Issue,Medium,Negative,Solved,Kolkata,West Bengal,Email,2026-08-10 12:11:01
TC-82535,Customer_299,user_299@telecom-domain.com,Daily FUP data quota exhausted instantly,"My 2GB daily data limit got exhausted at 10 AM without heavy usage. Metering system is inaccurate. (Location: Delhi, Account #486352)",Data / Usage Issue,Medium,Frustrated,Pending,Delhi,Delhi,Branch Store,2026-06-08 09:25:01
TC-46522,Customer_300,user_300@telecom-domain.com,Poor signal strength indoors,"Signal is extremely weak inside my home. Cannot make any voice calls or use mobile internet unless I step outside. (Location: Jaipur, Account #443214)",Network Connectivity,Medium,Negative,Solved,Jaipur,Rajasthan,Customer Care Call,2026-06-12 10:24:01
TC-35601,Customer_301,user_301@telecom-domain.com,Cancel broadband subscription connection,"Subscribed to another provider due to continuous outages. Please disconnect line and refund deposit. (Location: Ahmedabad, Account #376835)",Cancellation,High,Angry,Open,Ahmedabad,Gujarat,Web Portal,2026-06-28 11:57:01
TC-14791,Customer_302,user_302@telecom-domain.com,Misleading information given by call center,"Support executive promised bill adjustment within 24 hours but ticket was closed without action. (Location: Chennai, Account #205989)",Customer Service,High,Angry,Solved,Chennai,Tamil Nadu,Web Portal,2026-06-28 06:56:01
TC-75784,Customer_303,user_303@telecom-domain.com,Very slow fiber broadband speed,"Subscribed to 300 Mbps fiber plan but getting only 5 Mbps download speed. Speed test ping is over 250ms. Extremely slow. (Location: Mumbai, Account #836633)",Broadband Performance,High,Angry,Closed,Mumbai,Maharashtra,Customer Care Call,2026-06-26 17:32:01
TC-80625,Customer_304,user_304@telecom-domain.com,Requesting MNP UPC port out code due to poor network,"Tired of frequent call drops and zero coverage. Want to port out my number to another operator immediately. (Location: Pune, Account #729769)",Cancellation,High,Angry,Solved,Pune,Maharashtra,Branch Store,2026-03-11 16:39:01
TC-66403,Customer_305,user_305@telecom-domain.com,Call disconnects continuously on VoLTE,"HD voice call quality is pathetic. Audio breaks up and call drops without warning during important business calls. (Location: Pune, Account #602204)",Call Drops,High,Angry,Closed,Pune,Maharashtra,Customer Care Call,2026-07-29 19:23:01
TC-27116,Customer_306,user_306@telecom-domain.com,High latency and packet loss while working,"Experiencing 40% packet loss and high latency. Video calls on Zoom and Teams keep freezing constantly. (Location: Ahmedabad, Account #457431)",Broadband Performance,High,Negative,Closed,Ahmedabad,Gujarat,Customer Care Call,2026-05-06 16:48:01
TC-51370,Customer_307,user_307@telecom-domain.com,Rude customer care support agent behavior,"Customer service agent hung up the call on me while explaining my broadband issue. Worst support ever. (Location: Kolkata, Account #231945)",Customer Service,High,Angry,Open,Kolkata,West Bengal,Mobile App,2026-07-18 04:29:01
TC-26618,Customer_308,user_308@telecom-domain.com,Modem overheating and rebooting automatically,"Provided Wi-Fi router gets burning hot within 10 minutes and reboots continuously. (Location: Kolkata, Account #275208)",Equipment / Router,High,Negative,Solved,Kolkata,West Bengal,Web Portal,2026-03-11 17:10:01
TC-27708,Customer_309,user_309@telecom-domain.com,Data balance deducted without internet usage,"500MB data debited automatically overnight while mobile data switch was off. Please audit usage logs. (Location: Chandigarh, Account #121002)",Data / Usage Issue,Medium,Negative,Solved,Chandigarh,Punjab,Email,2026-03-24 15:15:01
TC-98706,Customer_310,user_310@telecom-domain.com,Requesting MNP UPC port out code due to poor network,"Tired of frequent call drops and zero coverage. Want to port out my number to another operator immediately. (Location: Mumbai, Account #713075)",Cancellation,High,Angry,Open,Mumbai,Maharashtra,Customer Care Call,2026-04-03 00:02:01
TC-88305,Customer_311,user_311@telecom-domain.com,Cancel broadband subscription connection,"Subscribed to another provider due to continuous outages. Please disconnect line and refund deposit. (Location: Pune, Account #513501)",Cancellation,High,Angry,Open,Pune,Maharashtra,Web Portal,2026-03-07 20:03:01
TC-50025,Customer_312,user_312@telecom-domain.com,Data balance deducted without internet usage,"500MB data debited automatically overnight while mobile data switch was off. Please audit usage logs. (Location: Kolkata, Account #534248)",Data / Usage Issue,Medium,Negative,Closed,Kolkata,West Bengal,Email,2026-06-03 04:05:01
TC-10106,Customer_313,user_313@telecom-domain.com,Frequent loss of 4G/5G connection,"My phone continuously drops from 5G to 2G every 10 minutes. Network bar completely disappears in office building. (Location: Mumbai, Account #519840)",Network Connectivity,High,Negative,Solved,Mumbai,Maharashtra,Branch Store,2026-07-21 10:30:01
TC-30535,Customer_314,user_314@telecom-domain.com,Request to shift broadband to new address,"Moving to new apartment next week. Need connection relocation feasible check and schedule. (Location: Bengaluru, Account #457953)",Service Request,Low,Neutral,Pending,Bengaluru,Karnataka,Customer Care Call,2026-02-27 09:16:01
TC-62094,Customer_315,user_315@telecom-domain.com,Wi-Fi range very weak and dropping,"Wi-Fi signal cuts out 5 meters away from router. Need dual-band router replacement. (Location: Chandigarh, Account #645118)",Equipment / Router,Medium,Negative,Pending,Chandigarh,Punjab,Branch Store,2026-08-12 11:42:01
TC-92640,Customer_316,user_316@telecom-domain.com,Pending broadband connection setup over 5 days,"Applied for new fiber connection 5 days ago. Payment completed but technician installation pending. (Location: Hyderabad, Account #639817)",Installation,Medium,Frustrated,Open,Hyderabad,Telangana,Web Portal,2026-08-04 11:26:01
TC-96382,Customer_317,user_317@telecom-domain.com,SIM card showing no service,"My SIM suddenly stopped catching network signal. Checked on another phone, still says No Service. (Location: Bengaluru, Account #603253)",Network Connectivity,High,Angry,Pending,Bengaluru,Karnataka,Email,2026-03-08 10:18:01
TC-21785,Customer_318,user_318@telecom-domain.com,Delayed fiber installation appointment,"Fiber installation was scheduled for yesterday 2 PM. Technician did not turn up and phone is switched off. (Location: Mumbai, Account #922331)",Installation,High,Angry,Open,Mumbai,Maharashtra,Customer Care Call,2026-04-13 22:25:01
TC-95591,Customer_319,user_319@telecom-domain.com,Wi-Fi range very weak and dropping,"Wi-Fi signal cuts out 5 meters away from router. Need dual-band router replacement. (Location: Bengaluru, Account #219313)",Equipment / Router,Medium,Negative,Pending,Bengaluru,Karnataka,Web Portal,2026-05-05 18:56:01
TC-52842,Customer_320,user_320@telecom-domain.com,International roaming data pack not working,"Purchased 5GB roaming data pack for international travel but roaming data is not activating. (Location: Bengaluru, Account #612917)",Data / Usage Issue,High,Angry,Open,Bengaluru,Karnataka,Mobile App,2026-04-23 07:02:01
TC-93666,Customer_321,user_321@telecom-domain.com,Data balance deducted without internet usage,"500MB data debited automatically overnight while mobile data switch was off. Please audit usage logs. (Location: Chennai, Account #838831)",Data / Usage Issue,Medium,Negative,Pending,Chennai,Tamil Nadu,Customer Care Call,2026-03-10 04:50:01
TC-11307,Customer_322,user_322@telecom-domain.com,Unable to make outgoing calls,"Outgoing calls immediately get terminated with call ended error. Incoming calls work fine. (Location: Bengaluru, Account #635820)",Call Drops,High,Angry,Pending,Bengaluru,Karnataka,Customer Care Call,2026-04-01 05:20:01
TC-99182,Customer_323,user_323@telecom-domain.com,Call disconnects continuously on VoLTE,"HD voice call quality is pathetic. Audio breaks up and call drops without warning during important business calls. (Location: Delhi, Account #995666)",Call Drops,High,Angry,Open,Delhi,Delhi,Mobile App,2026-06-06 12:09:01
TC-41324,Customer_324,user_324@telecom-domain.com,Cancel broadband subscription connection,"Subscribed to another provider due to continuous outages. Please disconnect line and refund deposit. (Location: Jaipur, Account #237253)",Cancellation,High,Angry,Closed,Jaipur,Rajasthan,Customer Care Call,2026-03-06 11:56:01
TC-87446,Customer_325,user_325@telecom-domain.com,Wi-Fi range very weak and dropping,"Wi-Fi signal cuts out 5 meters away from router. Need dual-band router replacement. (Location: Ahmedabad, Account #975062)",Equipment / Router,Medium,Negative,Solved,Ahmedabad,Gujarat,Branch Store,2026-06-05 16:35:01
TC-89855,Customer_326,user_326@telecom-domain.com,Faulty router Wi-Fi red light issue,"Router optical PON light turns solid red. No internet access on any Wi-Fi device. (Location: Mumbai, Account #872382)",Equipment / Router,High,Angry,Closed,Mumbai,Maharashtra,Branch Store,2026-04-05 20:24:01
TC-43630,Customer_327,user_327@telecom-domain.com,Poor signal strength indoors,"Signal is extremely weak inside my home. Cannot make any voice calls or use mobile internet unless I step outside. (Location: Pune, Account #676272)",Network Connectivity,Medium,Negative,Solved,Pune,Maharashtra,Email,2026-04-01 05:15:01
TC-76698,Customer_328,user_328@telecom-domain.com,Terminate account service immediately,"Unsatisfied with customer service and frequent billing errors. Terminate my plan today. (Location: Mumbai, Account #101228)",Cancellation,High,Angry,Closed,Mumbai,Maharashtra,Mobile App,2026-04-20 23:13:01
TC-95583,Customer_329,user_329@telecom-domain.com,Faulty router Wi-Fi red light issue,"Router optical PON light turns solid red. No internet access on any Wi-Fi device. (Location: Chennai, Account #535146)",Equipment / Router,High,Angry,Open,Chennai,Tamil Nadu,Customer Care Call,2026-07-18 17:13:01
TC-71590,Customer_330,user_330@telecom-domain.com,Faulty router Wi-Fi red light issue,"Router optical PON light turns solid red. No internet access on any Wi-Fi device. (Location: Ahmedabad, Account #919495)",Equipment / Router,High,Angry,Closed,Ahmedabad,Gujarat,Email,2026-02-27 00:12:01
TC-30162,Customer_331,user_331@telecom-domain.com,Terminate account service immediately,"Unsatisfied with customer service and frequent billing errors. Terminate my plan today. (Location: Jaipur, Account #441342)",Cancellation,High,Angry,Closed,Jaipur,Rajasthan,Branch Store,2026-06-04 14:09:01
TC-15561,Customer_332,user_332@telecom-domain.com,Security deposit refund not received after cancellation,"Cancelled my connection 45 days ago but ₹2,000 security deposit refund is still pending. Support promised 7 days. (Location: Mumbai, Account #684261)",Billing Dispute,High,Angry,Open,Mumbai,Maharashtra,Email,2026-04-17 06:04:01
TC-93470,Customer_333,user_333@telecom-domain.com,No resolution provided despite 5 calls,"Called customer care 5 times in 3 days. Promises callback every time but nobody calls back. (Location: Chennai, Account #601102)",Customer Service,High,Angry,Solved,Chennai,Tamil Nadu,Email,2026-06-13 00:36:01
TC-64148,Customer_334,user_334@telecom-domain.com,Terminate account service immediately,"Unsatisfied with customer service and frequent billing errors. Terminate my plan today. (Location: Chandigarh, Account #335289)",Cancellation,High,Angry,Solved,Chandigarh,Punjab,Branch Store,2026-04-04 04:48:01
TC-15088,Customer_335,user_335@telecom-domain.com,Pending broadband connection setup over 5 days,"Applied for new fiber connection 5 days ago. Payment completed but technician installation pending. (Location: Delhi, Account #615649)",Installation,Medium,Frustrated,Closed,Delhi,Delhi,Branch Store,2026-03-23 14:38:01
TC-84296,Customer_336,user_336@telecom-domain.com,Call drops frequently while driving in city,"Call handoff between cell towers fails completely. Every call gets cut when moving between cell sectors. (Location: Ahmedabad, Account #639518)",Call Drops,Medium,Negative,Solved,Ahmedabad,Gujarat,Branch Store,2026-05-31 22:56:01
TC-13282,Customer_337,user_337@telecom-domain.com,Unable to make outgoing calls,"Outgoing calls immediately get terminated with call ended error. Incoming calls work fine. (Location: Mumbai, Account #865044)",Call Drops,High,Angry,Pending,Mumbai,Maharashtra,Branch Store,2026-07-12 22:51:01
TC-72238,Customer_338,user_338@telecom-domain.com,Network signal keeps dropping repeatedly,"Every time I travel through the electronic city corridor, signal completely dies for 15 minutes. Very unreliable network. (Location: Hyderabad, Account #864614)",Network Connectivity,High,Angry,Pending,Hyderabad,Telangana,Customer Care Call,2026-05-07 01:20:01
TC-79467,Customer_339,user_339@telecom-domain.com,Double charge on monthly broadband bill,"I was charged twice ₹1,499 for the current month bill. Money deducted twice from credit card but status shows pending. (Location: Jaipur, Account #217455)",Billing Dispute,High,Angry,Open,Jaipur,Rajasthan,Web Portal,2026-06-08 00:38:01
TC-22579,Customer_340,user_340@telecom-domain.com,Pending broadband connection setup over 5 days,"Applied for new fiber connection 5 days ago. Payment completed but technician installation pending. (Location: Bengaluru, Account #396299)",Installation,Medium,Frustrated,Solved,Bengaluru,Karnataka,Mobile App,2026-03-05 11:54:01
TC-79496,Customer_341,user_341@telecom-domain.com,Work order pending port availability issue,"Feeder box installation pending due to lack of spare fiber port. Need resolution. (Location: Chennai, Account #266982)",Installation,Medium,Negative,Solved,Chennai,Tamil Nadu,Email,2026-05-17 22:12:01
TC-26698,Customer_342,user_342@telecom-domain.com,Double charge on monthly broadband bill,"I was charged twice ₹1,499 for the current month bill. Money deducted twice from credit card but status shows pending. (Location: Delhi, Account #186045)",Billing Dispute,High,Angry,Closed,Delhi,Delhi,Branch Store,2026-07-04 14:54:01
TC-28014,Customer_343,user_343@telecom-domain.com,Rude customer care support agent behavior,"Customer service agent hung up the call on me while explaining my broadband issue. Worst support ever. (Location: Jaipur, Account #290117)",Customer Service,High,Angry,Solved,Jaipur,Rajasthan,Mobile App,2026-07-10 14:24:01
TC-74273,Customer_344,user_344@telecom-domain.com,Work order pending port availability issue,"Feeder box installation pending due to lack of spare fiber port. Need resolution. (Location: Bengaluru, Account #159956)",Installation,Medium,Negative,Solved,Bengaluru,Karnataka,Email,2026-03-28 19:47:01
TC-92669,Customer_345,user_345@telecom-domain.com,SIM card showing no service,"My SIM suddenly stopped catching network signal. Checked on another phone, still says No Service. (Location: Chennai, Account #495101)",Network Connectivity,High,Angry,Closed,Chennai,Tamil Nadu,Branch Store,2026-08-06 10:48:01
TC-58014,Customer_346,user_346@telecom-domain.com,Fiber optical cable line signal unstable,"Fiber link drops repeatedly. Router loses IP address allocation every morning. (Location: Jaipur, Account #680083)",Broadband Performance,Medium,Negative,Open,Jaipur,Rajasthan,Branch Store,2026-03-27 14:28:01
TC-94478,Customer_347,user_347@telecom-domain.com,Security deposit refund not received after cancellation,"Cancelled my connection 45 days ago but ₹2,000 security deposit refund is still pending. Support promised 7 days. (Location: Delhi, Account #455563)",Billing Dispute,High,Angry,Closed,Delhi,Delhi,Web Portal,2026-04-04 01:57:01
TC-93015,Customer_348,user_348@telecom-domain.com,No network coverage in my area,"I have zero mobile signal since morning in my apartment. Emergency calls only showing on screen. Please fix this cellular network issue immediately. (Location: Pune, Account #904727)",Network Connectivity,High,Angry,Open,Pune,Maharashtra,Customer Care Call,2026-05-09 00:46:01
TC-95126,Customer_349,user_349@telecom-domain.com,International roaming data pack not working,"Purchased 5GB roaming data pack for international travel but roaming data is not activating. (Location: Kolkata, Account #756446)",Data / Usage Issue,High,Angry,Closed,Kolkata,West Bengal,Branch Store,2026-04-21 11:53:01
TC-55345,Customer_350,user_350@telecom-domain.com,Modem overheating and rebooting automatically,"Provided Wi-Fi router gets burning hot within 10 minutes and reboots continuously. (Location: Bengaluru, Account #429380)",Equipment / Router,High,Negative,Closed,Bengaluru,Karnataka,Web Portal,2026-07-28 12:14:01
TC-18627,Customer_351,user_351@telecom-domain.com,Daily FUP data quota exhausted instantly,"My 2GB daily data limit got exhausted at 10 AM without heavy usage. Metering system is inaccurate. (Location: Chandigarh, Account #290790)",Data / Usage Issue,Medium,Frustrated,Solved,Chandigarh,Punjab,Web Portal,2026-03-08 09:59:01
TC-44568,Customer_352,user_352@telecom-domain.com,Poor signal strength indoors,"Signal is extremely weak inside my home. Cannot make any voice calls or use mobile internet unless I step outside. (Location: Hyderabad, Account #318378)",Network Connectivity,Medium,Negative,Pending,Hyderabad,Telangana,Customer Care Call,2026-06-20 07:01:01
TC-55477,Customer_353,user_353@telecom-domain.com,Data speed throttled to 64 Kbps incorrectly,"High speed data quota shows 50% balance in app but speed is throttled to unusable 64 Kbps. (Location: Mumbai, Account #518273)",Data / Usage Issue,High,Negative,Pending,Mumbai,Maharashtra,Web Portal,2026-08-12 11:36:01
TC-84597,Customer_354,user_354@telecom-domain.com,Cancel broadband subscription connection,"Subscribed to another provider due to continuous outages. Please disconnect line and refund deposit. (Location: Chandigarh, Account #471987)",Cancellation,High,Angry,Pending,Chandigarh,Punjab,Web Portal,2026-02-27 05:28:01
TC-98803,Customer_355,user_355@telecom-domain.com,Complete service outage in operational area,"Total breakdown of voice and data services across post office area. Business is severely impacted. (Location: Chennai, Account #614407)",Service Outage,High,Angry,Solved,Chennai,Tamil Nadu,Email,2026-02-24 18:50:01
TC-91935,Customer_356,user_356@telecom-domain.com,Delayed fiber installation appointment,"Fiber installation was scheduled for yesterday 2 PM. Technician did not turn up and phone is switched off. (Location: Bengaluru, Account #119187)",Installation,High,Angry,Closed,Bengaluru,Karnataka,Email,2026-04-04 16:57:01
TC-83554,Customer_357,user_357@telecom-domain.com,Regional mobile tower power failure outage,"All mobile network connectivity is down in HSR Layout sector 2. Whole neighborhood affected. (Location: Chennai, Account #919281)",Service Outage,High,Angry,Open,Chennai,Tamil Nadu,Branch Store,2026-02-20 06:59:01
TC-44823,Customer_358,user_358@telecom-domain.com,Faulty router Wi-Fi red light issue,"Router optical PON light turns solid red. No internet access on any Wi-Fi device. (Location: Kolkata, Account #139202)",Equipment / Router,High,Angry,Open,Kolkata,West Bengal,Web Portal,2026-04-05 06:43:01
TC-97930,Customer_359,user_359@telecom-domain.com,Plan upgrade request to Gigabit speed,"Want to upgrade existing 100 Mbps plan to 1 Gbps fiber plan. Please share pricing and process. (Location: Pune, Account #390185)",Service Request,Low,Positive,Solved,Pune,Maharashtra,Email,2026-02-24 07:35:01
TC-25903,Customer_360,user_360@telecom-domain.com,Unauthorized Value Added Service (VAS) charged,"My bill includes ₹299 for international roaming VAS which I never subscribed or activated. Deduct this immediately. (Location: Chandigarh, Account #998254)",Billing Dispute,High,Angry,Closed,Chandigarh,Punjab,Branch Store,2026-03-01 04:29:01
TC-33802,Customer_361,user_361@telecom-domain.com,International roaming data pack not working,"Purchased 5GB roaming data pack for international travel but roaming data is not activating. (Location: Ahmedabad, Account #845021)",Data / Usage Issue,High,Angry,Solved,Ahmedabad,Gujarat,Web Portal,2026-05-15 04:58:01
TC-19114,Customer_362,user_362@telecom-domain.com,One-way audio issue during phone calls,"When people call me, they cannot hear my voice at all while I can hear them clearly. Terrible experience. (Location: Mumbai, Account #360055)",Call Drops,High,Frustrated,Closed,Mumbai,Maharashtra,Web Portal,2026-06-04 08:13:01
TC-90500,Customer_363,user_363@telecom-domain.com,Cancel broadband subscription connection,"Subscribed to another provider due to continuous outages. Please disconnect line and refund deposit. (Location: Hyderabad, Account #199761)",Cancellation,High,Angry,Open,Hyderabad,Telangana,Customer Care Call,2026-02-27 11:42:01
TC-92437,Customer_364,user_364@telecom-domain.com,Delayed fiber installation appointment,"Fiber installation was scheduled for yesterday 2 PM. Technician did not turn up and phone is switched off. (Location: Ahmedabad, Account #129405)",Installation,High,Angry,Closed,Ahmedabad,Gujarat,Email,2026-05-10 05:28:01
TC-71795,Customer_365,user_365@telecom-domain.com,Severe network outage in localized zone,"No broadband or cellular service available since last night heavy storm. Fiber cable seems damaged. (Location: Kolkata, Account #700925)",Service Outage,High,Angry,Closed,Kolkata,West Bengal,Customer Care Call,2026-05-21 04:48:01
TC-33108,Customer_366,user_366@telecom-domain.com,Daily FUP data quota exhausted instantly,"My 2GB daily data limit got exhausted at 10 AM without heavy usage. Metering system is inaccurate. (Location: Chennai, Account #804643)",Data / Usage Issue,Medium,Frustrated,Closed,Chennai,Tamil Nadu,Customer Care Call,2026-05-07 12:51:01
TC-55384,Customer_367,user_367@telecom-domain.com,Cancel broadband subscription connection,"Subscribed to another provider due to continuous outages. Please disconnect line and refund deposit. (Location: Kolkata, Account #419527)",Cancellation,High,Angry,Closed,Kolkata,West Bengal,Email,2026-03-29 06:48:01
TC-11110,Customer_368,user_368@telecom-domain.com,Complete service outage in operational area,"Total breakdown of voice and data services across post office area. Business is severely impacted. (Location: Ahmedabad, Account #463105)",Service Outage,High,Angry,Closed,Ahmedabad,Gujarat,Branch Store,2026-03-23 12:16:01
TC-86376,Customer_369,user_369@telecom-domain.com,Daily FUP data quota exhausted instantly,"My 2GB daily data limit got exhausted at 10 AM without heavy usage. Metering system is inaccurate. (Location: Kolkata, Account #295653)",Data / Usage Issue,Medium,Frustrated,Solved,Kolkata,West Bengal,Branch Store,2026-02-23 01:47:01
TC-48197,Customer_370,user_370@telecom-domain.com,Rude customer care support agent behavior,"Customer service agent hung up the call on me while explaining my broadband issue. Worst support ever. (Location: Chennai, Account #855322)",Customer Service,High,Angry,Pending,Chennai,Tamil Nadu,Email,2026-04-14 10:48:01
TC-90441,Customer_371,user_371@telecom-domain.com,Security deposit refund not received after cancellation,"Cancelled my connection 45 days ago but ₹2,000 security deposit refund is still pending. Support promised 7 days. (Location: Chennai, Account #678062)",Billing Dispute,High,Angry,Open,Chennai,Tamil Nadu,Mobile App,2026-06-08 16:27:01
TC-48732,Customer_372,user_372@telecom-domain.com,No resolution provided despite 5 calls,"Called customer care 5 times in 3 days. Promises callback every time but nobody calls back. (Location: Chennai, Account #978729)",Customer Service,High,Angry,Closed,Chennai,Tamil Nadu,Mobile App,2026-07-06 10:38:01
TC-23903,Customer_373,user_373@telecom-domain.com,Work order pending port availability issue,"Feeder box installation pending due to lack of spare fiber port. Need resolution. (Location: Bengaluru, Account #787689)",Installation,Medium,Negative,Pending,Bengaluru,Karnataka,Customer Care Call,2026-05-08 00:10:01
TC-78355,Customer_374,user_374@telecom-domain.com,Delayed fiber installation appointment,"Fiber installation was scheduled for yesterday 2 PM. Technician did not turn up and phone is switched off. (Location: Pune, Account #507229)",Installation,High,Angry,Solved,Pune,Maharashtra,Web Portal,2026-03-20 06:56:01
TC-89936,Customer_375,user_375@telecom-domain.com,Regional mobile tower power failure outage,"All mobile network connectivity is down in HSR Layout sector 2. Whole neighborhood affected. (Location: Hyderabad, Account #545115)",Service Outage,High,Angry,Open,Hyderabad,Telangana,Branch Store,2026-06-12 01:37:01
TC-83661,Customer_376,user_376@telecom-domain.com,Broadband speed throttling during peak hours,"Every evening between 7 PM and 11 PM speed drops below 2 Mbps. This is unacceptable service quality. (Location: Ahmedabad, Account #959662)",Broadband Performance,Medium,Frustrated,Solved,Ahmedabad,Gujarat,Branch Store,2026-08-10 09:03:01
TC-82225,Customer_377,user_377@telecom-domain.com,Broadband speed throttling during peak hours,"Every evening between 7 PM and 11 PM speed drops below 2 Mbps. This is unacceptable service quality. (Location: Ahmedabad, Account #259504)",Broadband Performance,Medium,Frustrated,Pending,Ahmedabad,Gujarat,Email,2026-02-22 14:12:01
TC-37533,Customer_378,user_378@telecom-domain.com,Work order pending port availability issue,"Feeder box installation pending due to lack of spare fiber port. Need resolution. (Location: Mumbai, Account #968318)",Installation,Medium,Negative,Closed,Mumbai,Maharashtra,Branch Store,2026-05-10 05:58:01
TC-86484,Customer_379,user_379@telecom-domain.com,Plan upgrade request to Gigabit speed,"Want to upgrade existing 100 Mbps plan to 1 Gbps fiber plan. Please share pricing and process. (Location: Bengaluru, Account #953458)",Service Request,Low,Positive,Closed,Bengaluru,Karnataka,Mobile App,2026-07-30 22:32:01
TC-97213,Customer_380,user_380@telecom-domain.com,Poor signal strength indoors,"Signal is extremely weak inside my home. Cannot make any voice calls or use mobile internet unless I step outside. (Location: Chandigarh, Account #694218)",Network Connectivity,Medium,Negative,Open,Chandigarh,Punjab,Customer Care Call,2026-07-13 05:43:01
TC-76836,Customer_381,user_381@telecom-domain.com,No resolution provided despite 5 calls,"Called customer care 5 times in 3 days. Promises callback every time but nobody calls back. (Location: Bengaluru, Account #206977)",Customer Service,High,Angry,Closed,Bengaluru,Karnataka,Customer Care Call,2026-04-05 18:13:01
TC-39801,Customer_382,user_382@telecom-domain.com,No resolution provided despite 5 calls,"Called customer care 5 times in 3 days. Promises callback every time but nobody calls back. (Location: Bengaluru, Account #660540)",Customer Service,High,Angry,Solved,Bengaluru,Karnataka,Customer Care Call,2026-04-22 14:10:01
TC-42223,Customer_383,user_383@telecom-domain.com,Request static IP allocation for home server,"Need static IPv4 address for remote access setup on my connection. (Location: Chennai, Account #196448)",Service Request,Low,Neutral,Pending,Chennai,Tamil Nadu,Email,2026-06-25 17:10:01
TC-41303,Customer_384,user_384@telecom-domain.com,High latency and packet loss while working,"Experiencing 40% packet loss and high latency. Video calls on Zoom and Teams keep freezing constantly. (Location: Mumbai, Account #879677)",Broadband Performance,High,Negative,Solved,Mumbai,Maharashtra,Customer Care Call,2026-08-06 12:06:01
TC-64800,Customer_385,user_385@telecom-domain.com,International roaming data pack not working,"Purchased 5GB roaming data pack for international travel but roaming data is not activating. (Location: Hyderabad, Account #974358)",Data / Usage Issue,High,Angry,Closed,Hyderabad,Telangana,Mobile App,2026-03-11 00:17:01
TC-46285,Customer_386,user_386@telecom-domain.com,Terminate account service immediately,"Unsatisfied with customer service and frequent billing errors. Terminate my plan today. (Location: Mumbai, Account #295901)",Cancellation,High,Angry,Pending,Mumbai,Maharashtra,Branch Store,2026-05-02 15:17:01
TC-37665,Customer_387,user_387@telecom-domain.com,Unable to make outgoing calls,"Outgoing calls immediately get terminated with call ended error. Incoming calls work fine. (Location: Chennai, Account #957752)",Call Drops,High,Angry,Solved,Chennai,Tamil Nadu,Branch Store,2026-03-25 18:46:01
TC-80370,Customer_388,user_388@telecom-domain.com,Request to shift broadband to new address,"Moving to new apartment next week. Need connection relocation feasible check and schedule. (Location: Jaipur, Account #197118)",Service Request,Low,Neutral,Open,Jaipur,Rajasthan,Customer Care Call,2026-07-26 06:26:01
TC-88425,Customer_389,user_389@telecom-domain.com,Terminate account service immediately,"Unsatisfied with customer service and frequent billing errors. Terminate my plan today. (Location: Kolkata, Account #214715)",Cancellation,High,Angry,Closed,Kolkata,West Bengal,Mobile App,2026-07-05 06:52:01
TC-83803,Customer_390,user_390@telecom-domain.com,Network signal keeps dropping repeatedly,"Every time I travel through the electronic city corridor, signal completely dies for 15 minutes. Very unreliable network. (Location: Kolkata, Account #981717)",Network Connectivity,High,Angry,Solved,Kolkata,West Bengal,Email,2026-08-04 01:33:01
TC-64676,Customer_391,user_391@telecom-domain.com,SIM card showing no service,"My SIM suddenly stopped catching network signal. Checked on another phone, still says No Service. (Location: Pune, Account #134314)",Network Connectivity,High,Angry,Closed,Pune,Maharashtra,Branch Store,2026-07-22 04:51:01
TC-95736,Customer_392,user_392@telecom-domain.com,Network signal keeps dropping repeatedly,"Every time I travel through the electronic city corridor, signal completely dies for 15 minutes. Very unreliable network. (Location: Delhi, Account #313795)",Network Connectivity,High,Angry,Closed,Delhi,Delhi,Email,2026-05-20 08:47:01
TC-32886,Customer_393,user_393@telecom-domain.com,International roaming data pack not working,"Purchased 5GB roaming data pack for international travel but roaming data is not activating. (Location: Bengaluru, Account #414846)",Data / Usage Issue,High,Angry,Closed,Bengaluru,Karnataka,Web Portal,2026-06-30 11:44:01
TC-45252,Customer_394,user_394@telecom-domain.com,Modem overheating and rebooting automatically,"Provided Wi-Fi router gets burning hot within 10 minutes and reboots continuously. (Location: Jaipur, Account #865779)",Equipment / Router,High,Negative,Open,Jaipur,Rajasthan,Mobile App,2026-06-13 13:06:01
TC-46670,Customer_395,user_395@telecom-domain.com,Plan upgrade request to Gigabit speed,"Want to upgrade existing 100 Mbps plan to 1 Gbps fiber plan. Please share pricing and process. (Location: Mumbai, Account #451910)",Service Request,Low,Positive,Solved,Mumbai,Maharashtra,Mobile App,2026-03-05 10:35:01
TC-41543,Customer_396,user_396@telecom-domain.com,Work order pending port availability issue,"Feeder box installation pending due to lack of spare fiber port. Need resolution. (Location: Kolkata, Account #887758)",Installation,Medium,Negative,Solved,Kolkata,West Bengal,Email,2026-03-20 17:16:01
TC-90914,Customer_397,user_397@telecom-domain.com,High latency and packet loss while working,"Experiencing 40% packet loss and high latency. Video calls on Zoom and Teams keep freezing constantly. (Location: Chennai, Account #608887)",Broadband Performance,High,Negative,Pending,Chennai,Tamil Nadu,Customer Care Call,2026-02-23 08:09:01
TC-25022,Customer_398,user_398@telecom-domain.com,Regional mobile tower power failure outage,"All mobile network connectivity is down in HSR Layout sector 2. Whole neighborhood affected. (Location: Bengaluru, Account #100708)",Service Outage,High,Angry,Solved,Bengaluru,Karnataka,Web Portal,2026-08-12 07:29:01
TC-38639,Customer_399,user_399@telecom-domain.com,Pending broadband connection setup over 5 days,"Applied for new fiber connection 5 days ago. Payment completed but technician installation pending. (Location: Bengaluru, Account #253894)",Installation,Medium,Frustrated,Solved,Bengaluru,Karnataka,Email,2026-07-23 01:05:01
TC-58758,Customer_400,user_400@telecom-domain.com,No network coverage in my area,"I have zero mobile signal since morning in my apartment. Emergency calls only showing on screen. Please fix this cellular network issue immediately. (Location: Pune, Account #978989)",Network Connectivity,High,Angry,Open,Pune,Maharashtra,Mobile App,2026-04-09 10:56:01
TC-49698,Customer_401,user_401@telecom-domain.com,International roaming data pack not working,"Purchased 5GB roaming data pack for international travel but roaming data is not activating. (Location: Delhi, Account #176325)",Data / Usage Issue,High,Angry,Open,Delhi,Delhi,Customer Care Call,2026-05-14 11:04:01
TC-28918,Customer_402,user_402@telecom-domain.com,SIM card showing no service,"My SIM suddenly stopped catching network signal. Checked on another phone, still says No Service. (Location: Hyderabad, Account #335745)",Network Connectivity,High,Angry,Open,Hyderabad,Telangana,Branch Store,2026-06-27 10:27:01
TC-65531,Customer_403,user_403@telecom-domain.com,Complete service outage in operational area,"Total breakdown of voice and data services across post office area. Business is severely impacted. (Location: Jaipur, Account #745321)",Service Outage,High,Angry,Pending,Jaipur,Rajasthan,Customer Care Call,2026-08-08 14:53:01
TC-97842,Customer_404,user_404@telecom-domain.com,Faulty router Wi-Fi red light issue,"Router optical PON light turns solid red. No internet access on any Wi-Fi device. (Location: Chennai, Account #378329)",Equipment / Router,High,Angry,Solved,Chennai,Tamil Nadu,Customer Care Call,2026-04-04 15:34:01
TC-27897,Customer_405,user_405@telecom-domain.com,Poor signal strength indoors,"Signal is extremely weak inside my home. Cannot make any voice calls or use mobile internet unless I step outside. (Location: Jaipur, Account #900595)",Network Connectivity,Medium,Negative,Solved,Jaipur,Rajasthan,Web Portal,2026-04-30 07:02:01
TC-31546,Customer_406,user_406@telecom-domain.com,Terminate account service immediately,"Unsatisfied with customer service and frequent billing errors. Terminate my plan today. (Location: Kolkata, Account #996266)",Cancellation,High,Angry,Closed,Kolkata,West Bengal,Branch Store,2026-05-03 15:59:01
TC-79204,Customer_407,user_407@telecom-domain.com,Delayed fiber installation appointment,"Fiber installation was scheduled for yesterday 2 PM. Technician did not turn up and phone is switched off. (Location: Pune, Account #530207)",Installation,High,Angry,Closed,Pune,Maharashtra,Email,2026-02-24 11:42:01
TC-65935,Customer_408,user_408@telecom-domain.com,Rude customer care support agent behavior,"Customer service agent hung up the call on me while explaining my broadband issue. Worst support ever. (Location: Bengaluru, Account #344674)",Customer Service,High,Angry,Pending,Bengaluru,Karnataka,Customer Care Call,2026-03-27 19:12:01
TC-55655,Customer_409,user_409@telecom-domain.com,Severe network outage in localized zone,"No broadband or cellular service available since last night heavy storm. Fiber cable seems damaged. (Location: Mumbai, Account #226459)",Service Outage,High,Angry,Closed,Mumbai,Maharashtra,Mobile App,2026-03-16 02:54:01
TC-49072,Customer_410,user_410@telecom-domain.com,Very slow fiber broadband speed,"Subscribed to 300 Mbps fiber plan but getting only 5 Mbps download speed. Speed test ping is over 250ms. Extremely slow. (Location: Chandigarh, Account #436833)",Broadband Performance,High,Angry,Open,Chandigarh,Punjab,Branch Store,2026-08-14 01:55:01
TC-42888,Customer_411,user_411@telecom-domain.com,Fiber optical cable line signal unstable,"Fiber link drops repeatedly. Router loses IP address allocation every morning. (Location: Delhi, Account #984949)",Broadband Performance,Medium,Negative,Closed,Delhi,Delhi,Web Portal,2026-03-09 06:34:01
TC-89780,Customer_412,user_412@telecom-domain.com,Regional mobile tower power failure outage,"All mobile network connectivity is down in HSR Layout sector 2. Whole neighborhood affected. (Location: Delhi, Account #374352)",Service Outage,High,Angry,Pending,Delhi,Delhi,Email,2026-03-23 09:17:01
TC-30546,Customer_413,user_413@telecom-domain.com,Plan upgrade request to Gigabit speed,"Want to upgrade existing 100 Mbps plan to 1 Gbps fiber plan. Please share pricing and process. (Location: Ahmedabad, Account #688241)",Service Request,Low,Positive,Closed,Ahmedabad,Gujarat,Branch Store,2026-07-02 08:33:01
TC-93549,Customer_414,user_414@telecom-domain.com,No resolution provided despite 5 calls,"Called customer care 5 times in 3 days. Promises callback every time but nobody calls back. (Location: Chennai, Account #561495)",Customer Service,High,Angry,Solved,Chennai,Tamil Nadu,Customer Care Call,2026-05-27 11:38:01
TC-52730,Customer_415,user_415@telecom-domain.com,Call drops frequently while driving in city,"Call handoff between cell towers fails completely. Every call gets cut when moving between cell sectors. (Location: Jaipur, Account #536133)",Call Drops,Medium,Negative,Solved,Jaipur,Rajasthan,Email,2026-08-03 19:31:01
TC-83171,Customer_416,user_416@telecom-domain.com,International roaming data pack not working,"Purchased 5GB roaming data pack for international travel but roaming data is not activating. (Location: Mumbai, Account #413724)",Data / Usage Issue,High,Angry,Pending,Mumbai,Maharashtra,Email,2026-07-17 23:06:01
TC-80373,Customer_417,user_417@telecom-domain.com,Faulty router Wi-Fi red light issue,"Router optical PON light turns solid red. No internet access on any Wi-Fi device. (Location: Kolkata, Account #885739)",Equipment / Router,High,Angry,Pending,Kolkata,West Bengal,Customer Care Call,2026-04-17 04:39:01
TC-22373,Customer_418,user_418@telecom-domain.com,One-way audio issue during phone calls,"When people call me, they cannot hear my voice at all while I can hear them clearly. Terrible experience. (Location: Delhi, Account #787265)",Call Drops,High,Frustrated,Solved,Delhi,Delhi,Email,2026-06-11 17:53:01
TC-92282,Customer_419,user_419@telecom-domain.com,Poor signal strength indoors,"Signal is extremely weak inside my home. Cannot make any voice calls or use mobile internet unless I step outside. (Location: Jaipur, Account #431689)",Network Connectivity,Medium,Negative,Pending,Jaipur,Rajasthan,Web Portal,2026-03-15 03:39:01
TC-65329,Customer_420,user_420@telecom-domain.com,Security deposit refund not received after cancellation,"Cancelled my connection 45 days ago but ₹2,000 security deposit refund is still pending. Support promised 7 days. (Location: Ahmedabad, Account #151426)",Billing Dispute,High,Angry,Open,Ahmedabad,Gujarat,Mobile App,2026-07-08 10:46:01
TC-90666,Customer_421,user_421@telecom-domain.com,Double charge on monthly broadband bill,"I was charged twice ₹1,499 for the current month bill. Money deducted twice from credit card but status shows pending. (Location: Jaipur, Account #836973)",Billing Dispute,High,Angry,Closed,Jaipur,Rajasthan,Customer Care Call,2026-04-26 18:42:01
TC-67885,Customer_422,user_422@telecom-domain.com,Frequent loss of 4G/5G connection,"My phone continuously drops from 5G to 2G every 10 minutes. Network bar completely disappears in office building. (Location: Mumbai, Account #913120)",Network Connectivity,High,Negative,Closed,Mumbai,Maharashtra,Customer Care Call,2026-04-19 23:17:01
TC-47921,Customer_423,user_423@telecom-domain.com,Daily FUP data quota exhausted instantly,"My 2GB daily data limit got exhausted at 10 AM without heavy usage. Metering system is inaccurate. (Location: Mumbai, Account #248920)",Data / Usage Issue,Medium,Frustrated,Open,Mumbai,Maharashtra,Mobile App,2026-06-20 01:01:01
TC-32182,Customer_424,user_424@telecom-domain.com,Requesting MNP UPC port out code due to poor network,"Tired of frequent call drops and zero coverage. Want to port out my number to another operator immediately. (Location: Kolkata, Account #345604)",Cancellation,High,Angry,Pending,Kolkata,West Bengal,Mobile App,2026-07-14 09:33:01
TC-73993,Customer_425,user_425@telecom-domain.com,Request static IP allocation for home server,"Need static IPv4 address for remote access setup on my connection. (Location: Pune, Account #449998)",Service Request,Low,Neutral,Closed,Pune,Maharashtra,Mobile App,2026-06-05 03:01:01
TC-70540,Customer_426,user_426@telecom-domain.com,Plan upgrade request to Gigabit speed,"Want to upgrade existing 100 Mbps plan to 1 Gbps fiber plan. Please share pricing and process. (Location: Jaipur, Account #890149)",Service Request,Low,Positive,Closed,Jaipur,Rajasthan,Email,2026-03-30 06:32:01
TC-81839,Customer_427,user_427@telecom-domain.com,Plan upgrade request to Gigabit speed,"Want to upgrade existing 100 Mbps plan to 1 Gbps fiber plan. Please share pricing and process. (Location: Kolkata, Account #871850)",Service Request,Low,Positive,Solved,Kolkata,West Bengal,Mobile App,2026-03-05 15:22:01
TC-44471,Customer_428,user_428@telecom-domain.com,Unable to make outgoing calls,"Outgoing calls immediately get terminated with call ended error. Incoming calls work fine. (Location: Hyderabad, Account #496670)",Call Drops,High,Angry,Solved,Hyderabad,Telangana,Email,2026-05-09 11:47:01
TC-79233,Customer_429,user_429@telecom-domain.com,Plan upgrade request to Gigabit speed,"Want to upgrade existing 100 Mbps plan to 1 Gbps fiber plan. Please share pricing and process. (Location: Hyderabad, Account #405574)",Service Request,Low,Positive,Closed,Hyderabad,Telangana,Email,2026-04-29 19:28:01
TC-30048,Customer_430,user_430@telecom-domain.com,Modem overheating and rebooting automatically,"Provided Wi-Fi router gets burning hot within 10 minutes and reboots continuously. (Location: Chennai, Account #292350)",Equipment / Router,High,Negative,Pending,Chennai,Tamil Nadu,Web Portal,2026-06-30 03:54:01
TC-47349,Customer_431,user_431@telecom-domain.com,Security deposit refund not received after cancellation,"Cancelled my connection 45 days ago but ₹2,000 security deposit refund is still pending. Support promised 7 days. (Location: Jaipur, Account #272775)",Billing Dispute,High,Angry,Pending,Jaipur,Rajasthan,Web Portal,2026-02-24 22:52:01
TC-75362,Customer_432,user_432@telecom-domain.com,Requesting MNP UPC port out code due to poor network,"Tired of frequent call drops and zero coverage. Want to port out my number to another operator immediately. (Location: Delhi, Account #489211)",Cancellation,High,Angry,Pending,Delhi,Delhi,Branch Store,2026-07-23 08:20:01
TC-21666,Customer_433,user_433@telecom-domain.com,Frequent internet disconnects every hour,"Broadband connection disconnects every 30 minutes while working from home. PON light on fiber ONT blinks red. (Location: Delhi, Account #658242)",Broadband Performance,High,Angry,Closed,Delhi,Delhi,Branch Store,2026-03-23 19:40:01
TC-85790,Customer_434,user_434@telecom-domain.com,Unauthorized Value Added Service (VAS) charged,"My bill includes ₹299 for international roaming VAS which I never subscribed or activated. Deduct this immediately. (Location: Chennai, Account #672590)",Billing Dispute,High,Angry,Open,Chennai,Tamil Nadu,Email,2026-03-26 04:15:01
TC-22283,Customer_435,user_435@telecom-domain.com,Broadband speed throttling during peak hours,"Every evening between 7 PM and 11 PM speed drops below 2 Mbps. This is unacceptable service quality. (Location: Mumbai, Account #315232)",Broadband Performance,Medium,Frustrated,Open,Mumbai,Maharashtra,Branch Store,2026-04-11 17:54:01
TC-15630,Customer_436,user_436@telecom-domain.com,Regional mobile tower power failure outage,"All mobile network connectivity is down in HSR Layout sector 2. Whole neighborhood affected. (Location: Jaipur, Account #451912)",Service Outage,High,Angry,Closed,Jaipur,Rajasthan,Customer Care Call,2026-05-21 14:53:01
TC-33345,Customer_437,user_437@telecom-domain.com,SIM card showing no service,"My SIM suddenly stopped catching network signal. Checked on another phone, still says No Service. (Location: Ahmedabad, Account #824250)",Network Connectivity,High,Angry,Closed,Ahmedabad,Gujarat,Email,2026-03-03 13:37:01
TC-17478,Customer_438,user_438@telecom-domain.com,Daily FUP data quota exhausted instantly,"My 2GB daily data limit got exhausted at 10 AM without heavy usage. Metering system is inaccurate. (Location: Chandigarh, Account #920833)",Data / Usage Issue,Medium,Frustrated,Closed,Chandigarh,Punjab,Customer Care Call,2026-08-11 00:32:01
TC-30979,Customer_439,user_439@telecom-domain.com,Fiber optical cable line signal unstable,"Fiber link drops repeatedly. Router loses IP address allocation every morning. (Location: Delhi, Account #652451)",Broadband Performance,Medium,Negative,Solved,Delhi,Delhi,Branch Store,2026-08-10 02:30:01
TC-68130,Customer_440,user_440@telecom-domain.com,Daily FUP data quota exhausted instantly,"My 2GB daily data limit got exhausted at 10 AM without heavy usage. Metering system is inaccurate. (Location: Chandigarh, Account #569057)",Data / Usage Issue,Medium,Frustrated,Closed,Chandigarh,Punjab,Mobile App,2026-03-11 04:51:01
TC-38683,Customer_441,user_441@telecom-domain.com,Pending broadband connection setup over 5 days,"Applied for new fiber connection 5 days ago. Payment completed but technician installation pending. (Location: Chennai, Account #290426)",Installation,Medium,Frustrated,Solved,Chennai,Tamil Nadu,Email,2026-04-21 20:56:01
TC-60347,Customer_442,user_442@telecom-domain.com,No network coverage in my area,"I have zero mobile signal since morning in my apartment. Emergency calls only showing on screen. Please fix this cellular network issue immediately. (Location: Kolkata, Account #248860)",Network Connectivity,High,Angry,Pending,Kolkata,West Bengal,Email,2026-06-08 02:27:01
TC-40390,Customer_443,user_443@telecom-domain.com,Request static IP allocation for home server,"Need static IPv4 address for remote access setup on my connection. (Location: Jaipur, Account #146023)",Service Request,Low,Neutral,Pending,Jaipur,Rajasthan,Customer Care Call,2026-05-13 22:59:01
TC-96340,Customer_444,user_444@telecom-domain.com,Regional mobile tower power failure outage,"All mobile network connectivity is down in HSR Layout sector 2. Whole neighborhood affected. (Location: Delhi, Account #910787)",Service Outage,High,Angry,Pending,Delhi,Delhi,Web Portal,2026-07-05 11:48:01
TC-92594,Customer_445,user_445@telecom-domain.com,Data speed throttled to 64 Kbps incorrectly,"High speed data quota shows 50% balance in app but speed is throttled to unusable 64 Kbps. (Location: Bengaluru, Account #659563)",Data / Usage Issue,High,Negative,Pending,Bengaluru,Karnataka,Email,2026-03-23 01:49:01
TC-13893,Customer_446,user_446@telecom-domain.com,Daily FUP data quota exhausted instantly,"My 2GB daily data limit got exhausted at 10 AM without heavy usage. Metering system is inaccurate. (Location: Delhi, Account #179877)",Data / Usage Issue,Medium,Frustrated,Solved,Delhi,Delhi,Branch Store,2026-05-09 04:06:01
TC-33884,Customer_447,user_447@telecom-domain.com,Request to shift broadband to new address,"Moving to new apartment next week. Need connection relocation feasible check and schedule. (Location: Jaipur, Account #949442)",Service Request,Low,Neutral,Solved,Jaipur,Rajasthan,Customer Care Call,2026-07-14 20:23:01
TC-27541,Customer_448,user_448@telecom-domain.com,Frequent loss of 4G/5G connection,"My phone continuously drops from 5G to 2G every 10 minutes. Network bar completely disappears in office building. (Location: Chennai, Account #923390)",Network Connectivity,High,Negative,Open,Chennai,Tamil Nadu,Mobile App,2026-06-04 01:32:01
TC-26388,Customer_449,user_449@telecom-domain.com,Misleading information given by call center,"Support executive promised bill adjustment within 24 hours but ticket was closed without action. (Location: Jaipur, Account #186548)",Customer Service,High,Angry,Pending,Jaipur,Rajasthan,Mobile App,2026-05-20 15:17:01
TC-80954,Customer_450,user_450@telecom-domain.com,Request to shift broadband to new address,"Moving to new apartment next week. Need connection relocation feasible check and schedule. (Location: Chennai, Account #710894)",Service Request,Low,Neutral,Pending,Chennai,Tamil Nadu,Branch Store,2026-05-03 12:51:01
TC-49885,Customer_451,user_451@telecom-domain.com,Plan upgrade request to Gigabit speed,"Want to upgrade existing 100 Mbps plan to 1 Gbps fiber plan. Please share pricing and process. (Location: Chennai, Account #859344)",Service Request,Low,Positive,Open,Chennai,Tamil Nadu,Web Portal,2026-03-04 03:00:01
TC-51084,Customer_452,user_452@telecom-domain.com,Pending broadband connection setup over 5 days,"Applied for new fiber connection 5 days ago. Payment completed but technician installation pending. (Location: Mumbai, Account #311485)",Installation,Medium,Frustrated,Open,Mumbai,Maharashtra,Email,2026-08-02 05:27:01
TC-72982,Customer_453,user_453@telecom-domain.com,Plan upgrade request to Gigabit speed,"Want to upgrade existing 100 Mbps plan to 1 Gbps fiber plan. Please share pricing and process. (Location: Chennai, Account #598479)",Service Request,Low,Positive,Open,Chennai,Tamil Nadu,Branch Store,2026-05-15 19:53:01
TC-85313,Customer_454,user_454@telecom-domain.com,International roaming data pack not working,"Purchased 5GB roaming data pack for international travel but roaming data is not activating. (Location: Kolkata, Account #159072)",Data / Usage Issue,High,Angry,Closed,Kolkata,West Bengal,Branch Store,2026-05-31 03:37:01
TC-24101,Customer_455,user_455@telecom-domain.com,Wi-Fi range very weak and dropping,"Wi-Fi signal cuts out 5 meters away from router. Need dual-band router replacement. (Location: Jaipur, Account #252539)",Equipment / Router,Medium,Negative,Open,Jaipur,Rajasthan,Branch Store,2026-04-09 23:45:01
TC-40508,Customer_456,user_456@telecom-domain.com,Wi-Fi range very weak and dropping,"Wi-Fi signal cuts out 5 meters away from router. Need dual-band router replacement. (Location: Pune, Account #148077)",Equipment / Router,Medium,Negative,Open,Pune,Maharashtra,Customer Care Call,2026-02-22 06:46:01
TC-15717,Customer_457,user_457@telecom-domain.com,Data balance deducted without internet usage,"500MB data debited automatically overnight while mobile data switch was off. Please audit usage logs. (Location: Mumbai, Account #193150)",Data / Usage Issue,Medium,Negative,Pending,Mumbai,Maharashtra,Branch Store,2026-04-15 19:20:01
TC-90342,Customer_458,user_458@telecom-domain.com,Data speed throttled to 64 Kbps incorrectly,"High speed data quota shows 50% balance in app but speed is throttled to unusable 64 Kbps. (Location: Ahmedabad, Account #101842)",Data / Usage Issue,High,Negative,Closed,Ahmedabad,Gujarat,Email,2026-03-29 06:55:01
TC-23735,Customer_459,user_459@telecom-domain.com,Fiber optical cable line signal unstable,"Fiber link drops repeatedly. Router loses IP address allocation every morning. (Location: Jaipur, Account #663670)",Broadband Performance,Medium,Negative,Closed,Jaipur,Rajasthan,Web Portal,2026-08-05 09:31:01
TC-16218,Customer_460,user_460@telecom-domain.com,Pending broadband connection setup over 5 days,"Applied for new fiber connection 5 days ago. Payment completed but technician installation pending. (Location: Pune, Account #520727)",Installation,Medium,Frustrated,Pending,Pune,Maharashtra,Customer Care Call,2026-07-19 16:35:01
TC-24477,Customer_461,user_461@telecom-domain.com,Modem overheating and rebooting automatically,"Provided Wi-Fi router gets burning hot within 10 minutes and reboots continuously. (Location: Ahmedabad, Account #237821)",Equipment / Router,High,Negative,Closed,Ahmedabad,Gujarat,Mobile App,2026-08-16 05:27:01
TC-45234,Customer_462,user_462@telecom-domain.com,Voice call drops within 30 seconds,"Almost every call drops automatically within 20 to 30 seconds. Unusable voice calling service. (Location: Bengaluru, Account #960382)",Call Drops,High,Angry,Closed,Bengaluru,Karnataka,Email,2026-03-01 05:18:01
TC-75115,Customer_463,user_463@telecom-domain.com,Misleading information given by call center,"Support executive promised bill adjustment within 24 hours but ticket was closed without action. (Location: Jaipur, Account #644261)",Customer Service,High,Angry,Solved,Jaipur,Rajasthan,Branch Store,2026-05-25 06:48:01
TC-93172,Customer_464,user_464@telecom-domain.com,Double charge on monthly broadband bill,"I was charged twice ₹1,499 for the current month bill. Money deducted twice from credit card but status shows pending. (Location: Kolkata, Account #418603)",Billing Dispute,High,Angry,Open,Kolkata,West Bengal,Web Portal,2026-05-14 12:44:01
TC-52768,Customer_465,user_465@telecom-domain.com,Faulty router Wi-Fi red light issue,"Router optical PON light turns solid red. No internet access on any Wi-Fi device. (Location: Jaipur, Account #767964)",Equipment / Router,High,Angry,Closed,Jaipur,Rajasthan,Web Portal,2026-05-28 16:19:01
TC-55682,Customer_466,user_466@telecom-domain.com,Modem overheating and rebooting automatically,"Provided Wi-Fi router gets burning hot within 10 minutes and reboots continuously. (Location: Ahmedabad, Account #108008)",Equipment / Router,High,Negative,Open,Ahmedabad,Gujarat,Customer Care Call,2026-06-10 12:20:01
TC-50881,Customer_467,user_467@telecom-domain.com,Faulty router Wi-Fi red light issue,"Router optical PON light turns solid red. No internet access on any Wi-Fi device. (Location: Jaipur, Account #591208)",Equipment / Router,High,Angry,Solved,Jaipur,Rajasthan,Web Portal,2026-07-12 15:07:01
TC-54206,Customer_468,user_468@telecom-domain.com,Work order pending port availability issue,"Feeder box installation pending due to lack of spare fiber port. Need resolution. (Location: Jaipur, Account #597946)",Installation,Medium,Negative,Closed,Jaipur,Rajasthan,Web Portal,2026-06-10 05:13:01
TC-19860,Customer_469,user_469@telecom-domain.com,Broadband speed throttling during peak hours,"Every evening between 7 PM and 11 PM speed drops below 2 Mbps. This is unacceptable service quality. (Location: Jaipur, Account #378248)",Broadband Performance,Medium,Frustrated,Closed,Jaipur,Rajasthan,Web Portal,2026-05-29 10:37:01
TC-20982,Customer_470,user_470@telecom-domain.com,Call drops frequently while driving in city,"Call handoff between cell towers fails completely. Every call gets cut when moving between cell sectors. (Location: Hyderabad, Account #361510)",Call Drops,Medium,Negative,Closed,Hyderabad,Telangana,Mobile App,2026-05-03 02:52:01
TC-69841,Customer_471,user_471@telecom-domain.com,Work order pending port availability issue,"Feeder box installation pending due to lack of spare fiber port. Need resolution. (Location: Hyderabad, Account #767894)",Installation,Medium,Negative,Open,Hyderabad,Telangana,Web Portal,2026-07-18 11:15:01
TC-59250,Customer_472,user_472@telecom-domain.com,Modem overheating and rebooting automatically,"Provided Wi-Fi router gets burning hot within 10 minutes and reboots continuously. (Location: Bengaluru, Account #486465)",Equipment / Router,High,Negative,Solved,Bengaluru,Karnataka,Web Portal,2026-04-13 23:10:01
TC-22963,Customer_473,user_473@telecom-domain.com,Daily FUP data quota exhausted instantly,"My 2GB daily data limit got exhausted at 10 AM without heavy usage. Metering system is inaccurate. (Location: Bengaluru, Account #295802)",Data / Usage Issue,Medium,Frustrated,Closed,Bengaluru,Karnataka,Web Portal,2026-06-20 10:57:01
TC-29888,Customer_474,user_474@telecom-domain.com,Fiber optical cable line signal unstable,"Fiber link drops repeatedly. Router loses IP address allocation every morning. (Location: Bengaluru, Account #730932)",Broadband Performance,Medium,Negative,Pending,Bengaluru,Karnataka,Customer Care Call,2026-05-04 21:10:01
TC-84775,Customer_475,user_475@telecom-domain.com,Fiber optical cable line signal unstable,"Fiber link drops repeatedly. Router loses IP address allocation every morning. (Location: Bengaluru, Account #612778)",Broadband Performance,Medium,Negative,Open,Bengaluru,Karnataka,Customer Care Call,2026-03-14 09:53:01
TC-91456,Customer_476,user_476@telecom-domain.com,Plan upgrade request to Gigabit speed,"Want to upgrade existing 100 Mbps plan to 1 Gbps fiber plan. Please share pricing and process. (Location: Mumbai, Account #662297)",Service Request,Low,Positive,Open,Mumbai,Maharashtra,Web Portal,2026-06-12 20:58:01
TC-46194,Customer_477,user_477@telecom-domain.com,Very slow fiber broadband speed,"Subscribed to 300 Mbps fiber plan but getting only 5 Mbps download speed. Speed test ping is over 250ms. Extremely slow. (Location: Hyderabad, Account #778618)",Broadband Performance,High,Angry,Solved,Hyderabad,Telangana,Customer Care Call,2026-04-13 02:59:01
TC-97350,Customer_478,user_478@telecom-domain.com,Misleading information given by call center,"Support executive promised bill adjustment within 24 hours but ticket was closed without action. (Location: Mumbai, Account #807917)",Customer Service,High,Angry,Open,Mumbai,Maharashtra,Mobile App,2026-03-15 20:02:01
TC-57226,Customer_479,user_479@telecom-domain.com,High latency and packet loss while working,"Experiencing 40% packet loss and high latency. Video calls on Zoom and Teams keep freezing constantly. (Location: Delhi, Account #903897)",Broadband Performance,High,Negative,Solved,Delhi,Delhi,Branch Store,2026-03-01 21:17:01
TC-50592,Customer_480,user_480@telecom-domain.com,Misleading information given by call center,"Support executive promised bill adjustment within 24 hours but ticket was closed without action. (Location: Delhi, Account #537269)",Customer Service,High,Angry,Open,Delhi,Delhi,Web Portal,2026-03-05 04:48:01
TC-44452,Customer_481,user_481@telecom-domain.com,Complete fiber optic broadband blackout,"Total internet and landline blackout across our entire apartment complex since 8 AM today. No response from helpline. (Location: Jaipur, Account #688279)",Service Outage,High,Angry,Pending,Jaipur,Rajasthan,Web Portal,2026-07-27 22:59:01
TC-15088,Customer_482,user_482@telecom-domain.com,Call disconnects continuously on VoLTE,"HD voice call quality is pathetic. Audio breaks up and call drops without warning during important business calls. (Location: Bengaluru, Account #622499)",Call Drops,High,Angry,Pending,Bengaluru,Karnataka,Branch Store,2026-03-28 00:21:01
TC-24784,Customer_483,user_483@telecom-domain.com,Faulty router Wi-Fi red light issue,"Router optical PON light turns solid red. No internet access on any Wi-Fi device. (Location: Kolkata, Account #361243)",Equipment / Router,High,Angry,Closed,Kolkata,West Bengal,Email,2026-02-27 20:54:01
TC-51356,Customer_484,user_484@telecom-domain.com,No network coverage in my area,"I have zero mobile signal since morning in my apartment. Emergency calls only showing on screen. Please fix this cellular network issue immediately. (Location: Delhi, Account #249557)",Network Connectivity,High,Angry,Solved,Delhi,Delhi,Email,2026-06-27 10:51:01
TC-39613,Customer_485,user_485@telecom-domain.com,Rude customer care support agent behavior,"Customer service agent hung up the call on me while explaining my broadband issue. Worst support ever. (Location: Mumbai, Account #853446)",Customer Service,High,Angry,Pending,Mumbai,Maharashtra,Email,2026-05-22 19:57:01
TC-86301,Customer_486,user_486@telecom-domain.com,Cancel broadband subscription connection,"Subscribed to another provider due to continuous outages. Please disconnect line and refund deposit. (Location: Ahmedabad, Account #236306)",Cancellation,High,Angry,Open,Ahmedabad,Gujarat,Customer Care Call,2026-08-11 14:13:01
TC-96563,Customer_487,user_487@telecom-domain.com,Misleading information given by call center,"Support executive promised bill adjustment within 24 hours but ticket was closed without action. (Location: Pune, Account #225779)",Customer Service,High,Angry,Closed,Pune,Maharashtra,Web Portal,2026-05-04 02:02:01
TC-36142,Customer_488,user_488@telecom-domain.com,Request to shift broadband to new address,"Moving to new apartment next week. Need connection relocation feasible check and schedule. (Location: Kolkata, Account #878523)",Service Request,Low,Neutral,Closed,Kolkata,West Bengal,Email,2026-04-02 01:15:01
TC-41025,Customer_489,user_489@telecom-domain.com,High latency and packet loss while working,"Experiencing 40% packet loss and high latency. Video calls on Zoom and Teams keep freezing constantly. (Location: Pune, Account #929771)",Broadband Performance,High,Negative,Open,Pune,Maharashtra,Email,2026-05-09 22:44:01
TC-84914,Customer_490,user_490@telecom-domain.com,Complete service outage in operational area,"Total breakdown of voice and data services across post office area. Business is severely impacted. (Location: Ahmedabad, Account #411725)",Service Outage,High,Angry,Open,Ahmedabad,Gujarat,Branch Store,2026-06-22 14:53:01
TC-75144,Customer_491,user_491@telecom-domain.com,Complete service outage in operational area,"Total breakdown of voice and data services across post office area. Business is severely impacted. (Location: Ahmedabad, Account #306434)",Service Outage,High,Angry,Open,Ahmedabad,Gujarat,Customer Care Call,2026-04-01 09:52:01
TC-85966,Customer_492,user_492@telecom-domain.com,Request static IP allocation for home server,"Need static IPv4 address for remote access setup on my connection. (Location: Kolkata, Account #860588)",Service Request,Low,Neutral,Solved,Kolkata,West Bengal,Email,2026-08-10 07:47:01
TC-36547,Customer_493,user_493@telecom-domain.com,Pending broadband connection setup over 5 days,"Applied for new fiber connection 5 days ago. Payment completed but technician installation pending. (Location: Chandigarh, Account #837770)",Installation,Medium,Frustrated,Open,Chandigarh,Punjab,Mobile App,2026-03-08 13:13:01
TC-11525,Customer_494,user_494@telecom-domain.com,Incorrect plan billing amount charged,"Subscribed to ₹599 plan but bill generated is ₹1,199. High overcharge without explanation. (Location: Jaipur, Account #995258)",Billing Dispute,Medium,Frustrated,Pending,Jaipur,Rajasthan,Web Portal,2026-03-14 08:42:01
TC-21256,Customer_495,user_495@telecom-domain.com,Request to shift broadband to new address,"Moving to new apartment next week. Need connection relocation feasible check and schedule. (Location: Pune, Account #924519)",Service Request,Low,Neutral,Closed,Pune,Maharashtra,Branch Store,2026-04-07 08:29:01
TC-90146,Customer_496,user_496@telecom-domain.com,Terminate account service immediately,"Unsatisfied with customer service and frequent billing errors. Terminate my plan today. (Location: Pune, Account #742551)",Cancellation,High,Angry,Solved,Pune,Maharashtra,Customer Care Call,2026-07-17 03:19:01
TC-17150,Customer_497,user_497@telecom-domain.com,No resolution provided despite 5 calls,"Called customer care 5 times in 3 days. Promises callback every time but nobody calls back. (Location: Jaipur, Account #959456)",Customer Service,High,Angry,Pending,Jaipur,Rajasthan,Customer Care Call,2026-03-27 08:03:01
TC-71428,Customer_498,user_498@telecom-domain.com,Complete fiber optic broadband blackout,"Total internet and landline blackout across our entire apartment complex since 8 AM today. No response from helpline. (Location: Hyderabad, Account #788279)",Service Outage,High,Angry,Solved,Hyderabad,Telangana,Email,2026-07-24 02:42:01
TC-63389,Customer_499,user_499@telecom-domain.com,Unauthorized Value Added Service (VAS) charged,"My bill includes ₹299 for international roaming VAS which I never subscribed or activated. Deduct this immediately. (Location: Chandigarh, Account #271477)",Billing Dispute,High,Angry,Pending,Chandigarh,Punjab,Email,2026-06-04 08:56:01
TC-17887,Customer_500,user_500@telecom-domain.com,Pending broadband connection setup over 5 days,"Applied for new fiber connection 5 days ago. Payment completed but technician installation pending. (Location: Chennai, Account #727013)",Installation,Medium,Frustrated,Pending,Chennai,Tamil Nadu,Email,2026-06-15 04:24:01
TC-25176,Customer_501,user_501@telecom-domain.com,Pending broadband connection setup over 5 days,"Applied for new fiber connection 5 days ago. Payment completed but technician installation pending. (Location: Chennai, Account #318201)",Installation,Medium,Frustrated,Open,Chennai,Tamil Nadu,Email,2026-07-22 20:22:01
TC-60622,Customer_502,user_502@telecom-domain.com,Modem overheating and rebooting automatically,"Provided Wi-Fi router gets burning hot within 10 minutes and reboots continuously. (Location: Ahmedabad, Account #876216)",Equipment / Router,High,Negative,Closed,Ahmedabad,Gujarat,Email,2026-08-04 06:16:01
TC-57662,Customer_503,user_503@telecom-domain.com,Request static IP allocation for home server,"Need static IPv4 address for remote access setup on my connection. (Location: Bengaluru, Account #134238)",Service Request,Low,Neutral,Open,Bengaluru,Karnataka,Email,2026-07-20 07:58:01
TC-27148,Customer_504,user_504@telecom-domain.com,Delayed fiber installation appointment,"Fiber installation was scheduled for yesterday 2 PM. Technician did not turn up and phone is switched off. (Location: Bengaluru, Account #772221)",Installation,High,Angry,Closed,Bengaluru,Karnataka,Email,2026-08-18 05:57:01
TC-24643,Customer_505,user_505@telecom-domain.com,Security deposit refund not received after cancellation,"Cancelled my connection 45 days ago but ₹2,000 security deposit refund is still pending. Support promised 7 days. (Location: Chandigarh, Account #133057)",Billing Dispute,High,Angry,Closed,Chandigarh,Punjab,Email,2026-07-16 14:44:01
TC-75478,Customer_506,user_506@telecom-domain.com,Delayed fiber installation appointment,"Fiber installation was scheduled for yesterday 2 PM. Technician did not turn up and phone is switched off. (Location: Kolkata, Account #968837)",Installation,High,Angry,Open,Kolkata,West Bengal,Mobile App,2026-04-04 03:07:01
TC-40075,Customer_507,user_507@telecom-domain.com,Wi-Fi range very weak and dropping,"Wi-Fi signal cuts out 5 meters away from router. Need dual-band router replacement. (Location: Jaipur, Account #535410)",Equipment / Router,Medium,Negative,Open,Jaipur,Rajasthan,Mobile App,2026-07-26 21:24:01
TC-91886,Customer_508,user_508@telecom-domain.com,Misleading information given by call center,"Support executive promised bill adjustment within 24 hours but ticket was closed without action. (Location: Mumbai, Account #726402)",Customer Service,High,Angry,Solved,Mumbai,Maharashtra,Branch Store,2026-04-03 19:00:01
TC-13587,Customer_509,user_509@telecom-domain.com,Pending broadband connection setup over 5 days,"Applied for new fiber connection 5 days ago. Payment completed but technician installation pending. (Location: Chandigarh, Account #815331)",Installation,Medium,Frustrated,Closed,Chandigarh,Punjab,Web Portal,2026-06-29 02:12:01
TC-21680,Customer_510,user_510@telecom-domain.com,Request static IP allocation for home server,"Need static IPv4 address for remote access setup on my connection. (Location: Hyderabad, Account #666906)",Service Request,Low,Neutral,Pending,Hyderabad,Telangana,Customer Care Call,2026-03-21 17:33:01
TC-98839,Customer_511,user_511@telecom-domain.com,No network coverage in my area,"I have zero mobile signal since morning in my apartment. Emergency calls only showing on screen. Please fix this cellular network issue immediately. (Location: Bengaluru, Account #925312)",Network Connectivity,High,Angry,Closed,Bengaluru,Karnataka,Mobile App,2026-05-06 19:22:01
TC-98094,Customer_512,user_512@telecom-domain.com,Request to shift broadband to new address,"Moving to new apartment next week. Need connection relocation feasible check and schedule. (Location: Jaipur, Account #574715)",Service Request,Low,Neutral,Solved,Jaipur,Rajasthan,Branch Store,2026-07-19 03:26:01
TC-20568,Customer_513,user_513@telecom-domain.com,No resolution provided despite 5 calls,"Called customer care 5 times in 3 days. Promises callback every time but nobody calls back. (Location: Jaipur, Account #400315)",Customer Service,High,Angry,Pending,Jaipur,Rajasthan,Customer Care Call,2026-08-08 21:42:01
TC-65225,Customer_514,user_514@telecom-domain.com,Terminate account service immediately,"Unsatisfied with customer service and frequent billing errors. Terminate my plan today. (Location: Delhi, Account #737380)",Cancellation,High,Angry,Open,Delhi,Delhi,Web Portal,2026-04-25 07:37:01
TC-30215,Customer_515,user_515@telecom-domain.com,Modem overheating and rebooting automatically,"Provided Wi-Fi router gets burning hot within 10 minutes and reboots continuously. (Location: Hyderabad, Account #607856)",Equipment / Router,High,Negative,Pending,Hyderabad,Telangana,Email,2026-05-18 11:19:01
TC-97559,Customer_516,user_516@telecom-domain.com,Regional mobile tower power failure outage,"All mobile network connectivity is down in HSR Layout sector 2. Whole neighborhood affected. (Location: Kolkata, Account #519777)",Service Outage,High,Angry,Pending,Kolkata,West Bengal,Branch Store,2026-05-22 04:38:01
TC-83906,Customer_517,user_517@telecom-domain.com,Voice call drops within 30 seconds,"Almost every call drops automatically within 20 to 30 seconds. Unusable voice calling service. (Location: Chennai, Account #668537)",Call Drops,High,Angry,Pending,Chennai,Tamil Nadu,Branch Store,2026-03-09 01:46:01
TC-45069,Customer_518,user_518@telecom-domain.com,Frequent loss of 4G/5G connection,"My phone continuously drops from 5G to 2G every 10 minutes. Network bar completely disappears in office building. (Location: Delhi, Account #235122)",Network Connectivity,High,Negative,Solved,Delhi,Delhi,Email,2026-08-13 17:09:01
TC-13383,Customer_519,user_519@telecom-domain.com,Cancel broadband subscription connection,"Subscribed to another provider due to continuous outages. Please disconnect line and refund deposit. (Location: Delhi, Account #369148)",Cancellation,High,Angry,Closed,Delhi,Delhi,Branch Store,2026-07-21 15:48:01
TC-81389,Customer_520,user_520@telecom-domain.com,Delayed fiber installation appointment,"Fiber installation was scheduled for yesterday 2 PM. Technician did not turn up and phone is switched off. (Location: Chennai, Account #273422)",Installation,High,Angry,Pending,Chennai,Tamil Nadu,Branch Store,2026-08-18 00:39:01
TC-46665,Customer_521,user_521@telecom-domain.com,Poor signal strength indoors,"Signal is extremely weak inside my home. Cannot make any voice calls or use mobile internet unless I step outside. (Location: Ahmedabad, Account #229888)",Network Connectivity,Medium,Negative,Solved,Ahmedabad,Gujarat,Branch Store,2026-04-15 23:58:01
TC-24693,Customer_522,user_522@telecom-domain.com,Severe network outage in localized zone,"No broadband or cellular service available since last night heavy storm. Fiber cable seems damaged. (Location: Bengaluru, Account #563343)",Service Outage,High,Angry,Closed,Bengaluru,Karnataka,Email,2026-04-27 10:03:01
TC-73045,Customer_523,user_523@telecom-domain.com,Request static IP allocation for home server,"Need static IPv4 address for remote access setup on my connection. (Location: Delhi, Account #577360)",Service Request,Low,Neutral,Solved,Delhi,Delhi,Customer Care Call,2026-07-16 20:03:01
TC-63506,Customer_524,user_524@telecom-domain.com,Call drops frequently while driving in city,"Call handoff between cell towers fails completely. Every call gets cut when moving between cell sectors. (Location: Pune, Account #644825)",Call Drops,Medium,Negative,Closed,Pune,Maharashtra,Email,2026-08-16 05:31:01
TC-25331,Customer_525,user_525@telecom-domain.com,Unable to make outgoing calls,"Outgoing calls immediately get terminated with call ended error. Incoming calls work fine. (Location: Delhi, Account #527925)",Call Drops,High,Angry,Pending,Delhi,Delhi,Mobile App,2026-06-03 16:19:01
TC-78034,Customer_526,user_526@telecom-domain.com,Very slow fiber broadband speed,"Subscribed to 300 Mbps fiber plan but getting only 5 Mbps download speed. Speed test ping is over 250ms. Extremely slow. (Location: Mumbai, Account #544377)",Broadband Performance,High,Angry,Solved,Mumbai,Maharashtra,Email,2026-03-26 18:13:01
TC-79984,Customer_527,user_527@telecom-domain.com,Daily FUP data quota exhausted instantly,"My 2GB daily data limit got exhausted at 10 AM without heavy usage. Metering system is inaccurate. (Location: Ahmedabad, Account #570837)",Data / Usage Issue,Medium,Frustrated,Solved,Ahmedabad,Gujarat,Customer Care Call,2026-05-01 20:10:01
TC-66545,Customer_528,user_528@telecom-domain.com,International roaming data pack not working,"Purchased 5GB roaming data pack for international travel but roaming data is not activating. (Location: Ahmedabad, Account #543077)",Data / Usage Issue,High,Angry,Solved,Ahmedabad,Gujarat,Customer Care Call,2026-08-05 16:50:01
TC-78779,Customer_529,user_529@telecom-domain.com,Wi-Fi range very weak and dropping,"Wi-Fi signal cuts out 5 meters away from router. Need dual-band router replacement. (Location: Chandigarh, Account #736592)",Equipment / Router,Medium,Negative,Pending,Chandigarh,Punjab,Email,2026-04-20 10:22:01
TC-93135,Customer_530,user_530@telecom-domain.com,Incorrect plan billing amount charged,"Subscribed to ₹599 plan but bill generated is ₹1,199. High overcharge without explanation. (Location: Kolkata, Account #468398)",Billing Dispute,Medium,Frustrated,Solved,Kolkata,West Bengal,Branch Store,2026-05-22 20:58:01
TC-61600,Customer_531,user_531@telecom-domain.com,Regional mobile tower power failure outage,"All mobile network connectivity is down in HSR Layout sector 2. Whole neighborhood affected. (Location: Pune, Account #602087)",Service Outage,High,Angry,Closed,Pune,Maharashtra,Branch Store,2026-03-14 13:48:01
TC-53930,Customer_532,user_532@telecom-domain.com,Call disconnects continuously on VoLTE,"HD voice call quality is pathetic. Audio breaks up and call drops without warning during important business calls. (Location: Pune, Account #552314)",Call Drops,High,Angry,Open,Pune,Maharashtra,Mobile App,2026-03-03 07:37:01
TC-88892,Customer_533,user_533@telecom-domain.com,Terminate account service immediately,"Unsatisfied with customer service and frequent billing errors. Terminate my plan today. (Location: Pune, Account #664080)",Cancellation,High,Angry,Pending,Pune,Maharashtra,Web Portal,2026-07-16 15:03:01
TC-35982,Customer_534,user_534@telecom-domain.com,Complete service outage in operational area,"Total breakdown of voice and data services across post office area. Business is severely impacted. (Location: Ahmedabad, Account #422682)",Service Outage,High,Angry,Closed,Ahmedabad,Gujarat,Email,2026-03-24 19:22:01
TC-25301,Customer_535,user_535@telecom-domain.com,Daily FUP data quota exhausted instantly,"My 2GB daily data limit got exhausted at 10 AM without heavy usage. Metering system is inaccurate. (Location: Kolkata, Account #527739)",Data / Usage Issue,Medium,Frustrated,Open,Kolkata,West Bengal,Web Portal,2026-08-10 13:57:01
TC-42760,Customer_536,user_536@telecom-domain.com,Frequent internet disconnects every hour,"Broadband connection disconnects every 30 minutes while working from home. PON light on fiber ONT blinks red. (Location: Bengaluru, Account #880260)",Broadband Performance,High,Angry,Closed,Bengaluru,Karnataka,Mobile App,2026-05-06 20:49:01
TC-47269,Customer_537,user_537@telecom-domain.com,Broadband speed throttling during peak hours,"Every evening between 7 PM and 11 PM speed drops below 2 Mbps. This is unacceptable service quality. (Location: Bengaluru, Account #982052)",Broadband Performance,Medium,Frustrated,Solved,Bengaluru,Karnataka,Email,2026-07-10 16:24:01
TC-30925,Customer_538,user_538@telecom-domain.com,Frequent loss of 4G/5G connection,"My phone continuously drops from 5G to 2G every 10 minutes. Network bar completely disappears in office building. (Location: Bengaluru, Account #440726)",Network Connectivity,High,Negative,Closed,Bengaluru,Karnataka,Customer Care Call,2026-04-12 05:48:01
TC-64958,Customer_539,user_539@telecom-domain.com,Request static IP allocation for home server,"Need static IPv4 address for remote access setup on my connection. (Location: Bengaluru, Account #128082)",Service Request,Low,Neutral,Closed,Bengaluru,Karnataka,Branch Store,2026-05-20 08:47:01
TC-33990,Customer_540,user_540@telecom-domain.com,One-way audio issue during phone calls,"When people call me, they cannot hear my voice at all while I can hear them clearly. Terrible experience. (Location: Chennai, Account #891201)",Call Drops,High,Frustrated,Pending,Chennai,Tamil Nadu,Mobile App,2026-07-20 16:45:01
TC-30764,Customer_541,user_541@telecom-domain.com,Delayed fiber installation appointment,"Fiber installation was scheduled for yesterday 2 PM. Technician did not turn up and phone is switched off. (Location: Hyderabad, Account #901419)",Installation,High,Angry,Pending,Hyderabad,Telangana,Web Portal,2026-07-30 19:12:01
TC-88585,Customer_542,user_542@telecom-domain.com,Request static IP allocation for home server,"Need static IPv4 address for remote access setup on my connection. (Location: Bengaluru, Account #636865)",Service Request,Low,Neutral,Open,Bengaluru,Karnataka,Customer Care Call,2026-03-21 09:41:01
TC-53528,Customer_543,user_543@telecom-domain.com,Pending broadband connection setup over 5 days,"Applied for new fiber connection 5 days ago. Payment completed but technician installation pending. (Location: Bengaluru, Account #391935)",Installation,Medium,Frustrated,Pending,Bengaluru,Karnataka,Email,2026-04-23 20:42:01
TC-11666,Customer_544,user_544@telecom-domain.com,Terminate account service immediately,"Unsatisfied with customer service and frequent billing errors. Terminate my plan today. (Location: Pune, Account #868496)",Cancellation,High,Angry,Pending,Pune,Maharashtra,Mobile App,2026-05-29 20:14:01
TC-62163,Customer_545,user_545@telecom-domain.com,Requesting MNP UPC port out code due to poor network,"Tired of frequent call drops and zero coverage. Want to port out my number to another operator immediately. (Location: Delhi, Account #174373)",Cancellation,High,Angry,Open,Delhi,Delhi,Branch Store,2026-05-19 01:58:01
TC-84228,Customer_546,user_546@telecom-domain.com,Regional mobile tower power failure outage,"All mobile network connectivity is down in HSR Layout sector 2. Whole neighborhood affected. (Location: Jaipur, Account #749796)",Service Outage,High,Angry,Solved,Jaipur,Rajasthan,Mobile App,2026-05-30 11:54:01
TC-91120,Customer_547,user_547@telecom-domain.com,Request to shift broadband to new address,"Moving to new apartment next week. Need connection relocation feasible check and schedule. (Location: Pune, Account #232507)",Service Request,Low,Neutral,Closed,Pune,Maharashtra,Mobile App,2026-04-11 06:35:01
TC-24894,Customer_548,user_548@telecom-domain.com,Data speed throttled to 64 Kbps incorrectly,"High speed data quota shows 50% balance in app but speed is throttled to unusable 64 Kbps. (Location: Jaipur, Account #612145)",Data / Usage Issue,High,Negative,Solved,Jaipur,Rajasthan,Branch Store,2026-05-09 11:36:01
TC-20954,Customer_549,user_549@telecom-domain.com,Complete service outage in operational area,"Total breakdown of voice and data services across post office area. Business is severely impacted. (Location: Chandigarh, Account #285914)",Service Outage,High,Angry,Solved,Chandigarh,Punjab,Web Portal,2026-06-23 11:50:01
TC-89021,Customer_550,user_550@telecom-domain.com,Work order pending port availability issue,"Feeder box installation pending due to lack of spare fiber port. Need resolution. (Location: Hyderabad, Account #137541)",Installation,Medium,Negative,Pending,Hyderabad,Telangana,Customer Care Call,2026-04-11 05:32:01
TC-26440,Customer_551,user_551@telecom-domain.com,Frequent loss of 4G/5G connection,"My phone continuously drops from 5G to 2G every 10 minutes. Network bar completely disappears in office building. (Location: Jaipur, Account #313711)",Network Connectivity,High,Negative,Closed,Jaipur,Rajasthan,Mobile App,2026-06-08 09:05:01
TC-58426,Customer_552,user_552@telecom-domain.com,Request static IP allocation for home server,"Need static IPv4 address for remote access setup on my connection. (Location: Ahmedabad, Account #707113)",Service Request,Low,Neutral,Open,Ahmedabad,Gujarat,Branch Store,2026-03-16 15:25:01
TC-51136,Customer_553,user_553@telecom-domain.com,Modem overheating and rebooting automatically,"Provided Wi-Fi router gets burning hot within 10 minutes and reboots continuously. (Location: Hyderabad, Account #450072)",Equipment / Router,High,Negative,Solved,Hyderabad,Telangana,Branch Store,2026-05-03 01:21:01
TC-93375,Customer_554,user_554@telecom-domain.com,Double charge on monthly broadband bill,"I was charged twice ₹1,499 for the current month bill. Money deducted twice from credit card but status shows pending. (Location: Hyderabad, Account #390150)",Billing Dispute,High,Angry,Open,Hyderabad,Telangana,Mobile App,2026-04-18 08:06:01
TC-27525,Customer_555,user_555@telecom-domain.com,Request static IP allocation for home server,"Need static IPv4 address for remote access setup on my connection. (Location: Delhi, Account #107271)",Service Request,Low,Neutral,Closed,Delhi,Delhi,Customer Care Call,2026-03-24 22:36:01
TC-16708,Customer_556,user_556@telecom-domain.com,Modem overheating and rebooting automatically,"Provided Wi-Fi router gets burning hot within 10 minutes and reboots continuously. (Location: Pune, Account #602460)",Equipment / Router,High,Negative,Pending,Pune,Maharashtra,Email,2026-05-07 01:24:01
TC-11510,Customer_557,user_557@telecom-domain.com,Network signal keeps dropping repeatedly,"Every time I travel through the electronic city corridor, signal completely dies for 15 minutes. Very unreliable network. (Location: Chennai, Account #397711)",Network Connectivity,High,Angry,Open,Chennai,Tamil Nadu,Mobile App,2026-05-08 04:45:01
TC-14978,Customer_558,user_558@telecom-domain.com,Requesting MNP UPC port out code due to poor network,"Tired of frequent call drops and zero coverage. Want to port out my number to another operator immediately. (Location: Bengaluru, Account #924552)",Cancellation,High,Angry,Open,Bengaluru,Karnataka,Email,2026-06-06 16:40:01
TC-41031,Customer_559,user_559@telecom-domain.com,Very slow fiber broadband speed,"Subscribed to 300 Mbps fiber plan but getting only 5 Mbps download speed. Speed test ping is over 250ms. Extremely slow. (Location: Pune, Account #448374)",Broadband Performance,High,Angry,Pending,Pune,Maharashtra,Branch Store,2026-05-21 19:34:01
TC-73873,Customer_560,user_560@telecom-domain.com,Call disconnects continuously on VoLTE,"HD voice call quality is pathetic. Audio breaks up and call drops without warning during important business calls. (Location: Chennai, Account #863644)",Call Drops,High,Angry,Solved,Chennai,Tamil Nadu,Customer Care Call,2026-03-23 16:28:01
TC-87540,Customer_561,user_561@telecom-domain.com,Frequent loss of 4G/5G connection,"My phone continuously drops from 5G to 2G every 10 minutes. Network bar completely disappears in office building. (Location: Mumbai, Account #564207)",Network Connectivity,High,Negative,Solved,Mumbai,Maharashtra,Customer Care Call,2026-02-22 13:35:01
TC-29946,Customer_562,user_562@telecom-domain.com,Plan upgrade request to Gigabit speed,"Want to upgrade existing 100 Mbps plan to 1 Gbps fiber plan. Please share pricing and process. (Location: Delhi, Account #892795)",Service Request,Low,Positive,Pending,Delhi,Delhi,Mobile App,2026-08-18 08:48:01
TC-18218,Customer_563,user_563@telecom-domain.com,Frequent internet disconnects every hour,"Broadband connection disconnects every 30 minutes while working from home. PON light on fiber ONT blinks red. (Location: Pune, Account #212606)",Broadband Performance,High,Angry,Closed,Pune,Maharashtra,Customer Care Call,2026-08-03 21:53:01
TC-11687,Customer_564,user_564@telecom-domain.com,Pending broadband connection setup over 5 days,"Applied for new fiber connection 5 days ago. Payment completed but technician installation pending. (Location: Pune, Account #302431)",Installation,Medium,Frustrated,Solved,Pune,Maharashtra,Customer Care Call,2026-04-10 13:48:01
TC-42381,Customer_565,user_565@telecom-domain.com,SIM card showing no service,"My SIM suddenly stopped catching network signal. Checked on another phone, still says No Service. (Location: Hyderabad, Account #973378)",Network Connectivity,High,Angry,Open,Hyderabad,Telangana,Mobile App,2026-05-24 07:28:01
TC-35664,Customer_566,user_566@telecom-domain.com,Plan upgrade request to Gigabit speed,"Want to upgrade existing 100 Mbps plan to 1 Gbps fiber plan. Please share pricing and process. (Location: Mumbai, Account #948547)",Service Request,Low,Positive,Open,Mumbai,Maharashtra,Web Portal,2026-07-02 11:11:01
TC-50354,Customer_567,user_567@telecom-domain.com,Delayed fiber installation appointment,"Fiber installation was scheduled for yesterday 2 PM. Technician did not turn up and phone is switched off. (Location: Bengaluru, Account #641851)",Installation,High,Angry,Pending,Bengaluru,Karnataka,Branch Store,2026-07-29 13:38:01
TC-90721,Customer_568,user_568@telecom-domain.com,Security deposit refund not received after cancellation,"Cancelled my connection 45 days ago but ₹2,000 security deposit refund is still pending. Support promised 7 days. (Location: Bengaluru, Account #751769)",Billing Dispute,High,Angry,Closed,Bengaluru,Karnataka,Email,2026-05-21 01:00:01
TC-77254,Customer_569,user_569@telecom-domain.com,Incorrect plan billing amount charged,"Subscribed to ₹599 plan but bill generated is ₹1,199. High overcharge without explanation. (Location: Delhi, Account #591283)",Billing Dispute,Medium,Frustrated,Open,Delhi,Delhi,Mobile App,2026-04-19 17:58:01
TC-70120,Customer_570,user_570@telecom-domain.com,Double charge on monthly broadband bill,"I was charged twice ₹1,499 for the current month bill. Money deducted twice from credit card but status shows pending. (Location: Chennai, Account #783871)",Billing Dispute,High,Angry,Pending,Chennai,Tamil Nadu,Web Portal,2026-07-12 20:09:01
TC-90328,Customer_571,user_571@telecom-domain.com,Rude customer care support agent behavior,"Customer service agent hung up the call on me while explaining my broadband issue. Worst support ever. (Location: Pune, Account #578723)",Customer Service,High,Angry,Solved,Pune,Maharashtra,Mobile App,2026-03-01 22:11:01
TC-32726,Customer_572,user_572@telecom-domain.com,Auto-debit failure penalty wrongly applied,"Bank auto-debit succeeded on time but your system marked late payment fee ₹250. Please reverse penalty. (Location: Mumbai, Account #802791)",Billing Dispute,Medium,Negative,Pending,Mumbai,Maharashtra,Email,2026-07-25 15:03:01
TC-11916,Customer_573,user_573@telecom-domain.com,Modem overheating and rebooting automatically,"Provided Wi-Fi router gets burning hot within 10 minutes and reboots continuously. (Location: Kolkata, Account #754809)",Equipment / Router,High,Negative,Pending,Kolkata,West Bengal,Mobile App,2026-05-16 12:12:01
TC-95630,Customer_574,user_574@telecom-domain.com,Severe network outage in localized zone,"No broadband or cellular service available since last night heavy storm. Fiber cable seems damaged. (Location: Bengaluru, Account #457940)",Service Outage,High,Angry,Closed,Bengaluru,Karnataka,Branch Store,2026-03-03 15:13:01
TC-57967,Customer_575,user_575@telecom-domain.com,High latency and packet loss while working,"Experiencing 40% packet loss and high latency. Video calls on Zoom and Teams keep freezing constantly. (Location: Pune, Account #548132)",Broadband Performance,High,Negative,Solved,Pune,Maharashtra,Branch Store,2026-03-06 07:19:01
TC-94368,Customer_576,user_576@telecom-domain.com,Delayed fiber installation appointment,"Fiber installation was scheduled for yesterday 2 PM. Technician did not turn up and phone is switched off. (Location: Jaipur, Account #278729)",Installation,High,Angry,Pending,Jaipur,Rajasthan,Email,2026-07-06 21:20:01
TC-31257,Customer_577,user_577@telecom-domain.com,Security deposit refund not received after cancellation,"Cancelled my connection 45 days ago but ₹2,000 security deposit refund is still pending. Support promised 7 days. (Location: Mumbai, Account #690531)",Billing Dispute,High,Angry,Solved,Mumbai,Maharashtra,Mobile App,2026-03-20 17:13:01
TC-42686,Customer_578,user_578@telecom-domain.com,Requesting MNP UPC port out code due to poor network,"Tired of frequent call drops and zero coverage. Want to port out my number to another operator immediately. (Location: Mumbai, Account #814512)",Cancellation,High,Angry,Closed,Mumbai,Maharashtra,Email,2026-05-22 11:56:01
TC-46233,Customer_579,user_579@telecom-domain.com,Voice call drops within 30 seconds,"Almost every call drops automatically within 20 to 30 seconds. Unusable voice calling service. (Location: Bengaluru, Account #232598)",Call Drops,High,Angry,Solved,Bengaluru,Karnataka,Web Portal,2026-06-22 14:51:01
TC-80432,Customer_580,user_580@telecom-domain.com,Requesting MNP UPC port out code due to poor network,"Tired of frequent call drops and zero coverage. Want to port out my number to another operator immediately. (Location: Bengaluru, Account #636865)",Cancellation,High,Angry,Solved,Bengaluru,Karnataka,Mobile App,2026-06-13 05:36:01
TC-63955,Customer_581,user_581@telecom-domain.com,Unable to make outgoing calls,"Outgoing calls immediately get terminated with call ended error. Incoming calls work fine. (Location: Kolkata, Account #746030)",Call Drops,High,Angry,Open,Kolkata,West Bengal,Branch Store,2026-03-15 21:16:01
TC-51564,Customer_582,user_582@telecom-domain.com,Requesting MNP UPC port out code due to poor network,"Tired of frequent call drops and zero coverage. Want to port out my number to another operator immediately. (Location: Ahmedabad, Account #190210)",Cancellation,High,Angry,Solved,Ahmedabad,Gujarat,Web Portal,2026-03-29 00:08:01
TC-33237,Customer_583,user_583@telecom-domain.com,No resolution provided despite 5 calls,"Called customer care 5 times in 3 days. Promises callback every time but nobody calls back. (Location: Chennai, Account #251821)",Customer Service,High,Angry,Closed,Chennai,Tamil Nadu,Web Portal,2026-07-10 21:48:01
TC-71265,Customer_584,user_584@telecom-domain.com,Request static IP allocation for home server,"Need static IPv4 address for remote access setup on my connection. (Location: Kolkata, Account #261348)",Service Request,Low,Neutral,Pending,Kolkata,West Bengal,Branch Store,2026-06-22 03:33:01
TC-14089,Customer_585,user_585@telecom-domain.com,Broadband speed throttling during peak hours,"Every evening between 7 PM and 11 PM speed drops below 2 Mbps. This is unacceptable service quality. (Location: Jaipur, Account #835643)",Broadband Performance,Medium,Frustrated,Pending,Jaipur,Rajasthan,Branch Store,2026-03-01 15:55:01
TC-49570,Customer_586,user_586@telecom-domain.com,Poor signal strength indoors,"Signal is extremely weak inside my home. Cannot make any voice calls or use mobile internet unless I step outside. (Location: Hyderabad, Account #982058)",Network Connectivity,Medium,Negative,Pending,Hyderabad,Telangana,Mobile App,2026-07-02 03:24:01
TC-46502,Customer_587,user_587@telecom-domain.com,Rude customer care support agent behavior,"Customer service agent hung up the call on me while explaining my broadband issue. Worst support ever. (Location: Chandigarh, Account #597966)",Customer Service,High,Angry,Solved,Chandigarh,Punjab,Mobile App,2026-08-07 10:59:01
TC-77337,Customer_588,user_588@telecom-domain.com,Faulty router Wi-Fi red light issue,"Router optical PON light turns solid red. No internet access on any Wi-Fi device. (Location: Chandigarh, Account #140401)",Equipment / Router,High,Angry,Closed,Chandigarh,Punjab,Customer Care Call,2026-08-13 13:44:01
TC-49660,Customer_589,user_589@telecom-domain.com,Wi-Fi range very weak and dropping,"Wi-Fi signal cuts out 5 meters away from router. Need dual-band router replacement. (Location: Chennai, Account #933428)",Equipment / Router,Medium,Negative,Closed,Chennai,Tamil Nadu,Customer Care Call,2026-06-15 21:20:01
TC-28550,Customer_590,user_590@telecom-domain.com,Delayed fiber installation appointment,"Fiber installation was scheduled for yesterday 2 PM. Technician did not turn up and phone is switched off. (Location: Chennai, Account #229299)",Installation,High,Angry,Open,Chennai,Tamil Nadu,Email,2026-07-09 07:48:01
TC-59222,Customer_591,user_591@telecom-domain.com,Modem overheating and rebooting automatically,"Provided Wi-Fi router gets burning hot within 10 minutes and reboots continuously. (Location: Mumbai, Account #416030)",Equipment / Router,High,Negative,Open,Mumbai,Maharashtra,Branch Store,2026-07-26 02:51:01
TC-47473,Customer_592,user_592@telecom-domain.com,Auto-debit failure penalty wrongly applied,"Bank auto-debit succeeded on time but your system marked late payment fee ₹250. Please reverse penalty. (Location: Ahmedabad, Account #811097)",Billing Dispute,Medium,Negative,Pending,Ahmedabad,Gujarat,Customer Care Call,2026-03-09 09:03:01
TC-51193,Customer_593,user_593@telecom-domain.com,International roaming data pack not working,"Purchased 5GB roaming data pack for international travel but roaming data is not activating. (Location: Delhi, Account #888998)",Data / Usage Issue,High,Angry,Closed,Delhi,Delhi,Branch Store,2026-06-24 00:04:01
TC-56789,Customer_594,user_594@telecom-domain.com,Poor signal strength indoors,"Signal is extremely weak inside my home. Cannot make any voice calls or use mobile internet unless I step outside. (Location: Bengaluru, Account #514821)",Network Connectivity,Medium,Negative,Solved,Bengaluru,Karnataka,Email,2026-06-03 14:49:01
TC-85743,Customer_595,user_595@telecom-domain.com,International roaming data pack not working,"Purchased 5GB roaming data pack for international travel but roaming data is not activating. (Location: Pune, Account #353987)",Data / Usage Issue,High,Angry,Open,Pune,Maharashtra,Mobile App,2026-06-09 10:32:01
TC-93858,Customer_596,user_596@telecom-domain.com,Incorrect plan billing amount charged,"Subscribed to ₹599 plan but bill generated is ₹1,199. High overcharge without explanation. (Location: Chennai, Account #659125)",Billing Dispute,Medium,Frustrated,Solved,Chennai,Tamil Nadu,Customer Care Call,2026-07-19 22:43:01
TC-69476,Customer_597,user_597@telecom-domain.com,Double charge on monthly broadband bill,"I was charged twice ₹1,499 for the current month bill. Money deducted twice from credit card but status shows pending. (Location: Mumbai, Account #671868)",Billing Dispute,High,Angry,Solved,Mumbai,Maharashtra,Customer Care Call,2026-03-14 13:31:01
TC-40462,Customer_598,user_598@telecom-domain.com,Delayed fiber installation appointment,"Fiber installation was scheduled for yesterday 2 PM. Technician did not turn up and phone is switched off. (Location: Jaipur, Account #902326)",Installation,High,Angry,Open,Jaipur,Rajasthan,Branch Store,2026-07-24 11:48:01
TC-99689,Customer_599,user_599@telecom-domain.com,No network coverage in my area,"I have zero mobile signal since morning in my apartment. Emergency calls only showing on screen. Please fix this cellular network issue immediately. (Location: Delhi, Account #378675)",Network Connectivity,High,Angry,Pending,Delhi,Delhi,Web Portal,2026-05-19 13:39:01
TC-41688,Customer_600,user_600@telecom-domain.com,Daily FUP data quota exhausted instantly,"My 2GB daily data limit got exhausted at 10 AM without heavy usage. Metering system is inaccurate. (Location: Jaipur, Account #827204)",Data / Usage Issue,Medium,Frustrated,Pending,Jaipur,Rajasthan,Email,2026-06-05 07:49:01
TC-62290,Customer_601,user_601@telecom-domain.com,Fiber optical cable line signal unstable,"Fiber link drops repeatedly. Router loses IP address allocation every morning. (Location: Kolkata, Account #552794)",Broadband Performance,Medium,Negative,Pending,Kolkata,West Bengal,Branch Store,2026-07-22 06:48:01
TC-96505,Customer_602,user_602@telecom-domain.com,Work order pending port availability issue,"Feeder box installation pending due to lack of spare fiber port. Need resolution. (Location: Jaipur, Account #684620)",Installation,Medium,Negative,Closed,Jaipur,Rajasthan,Branch Store,2026-05-18 17:06:01
TC-71429,Customer_603,user_603@telecom-domain.com,Data balance deducted without internet usage,"500MB data debited automatically overnight while mobile data switch was off. Please audit usage logs. (Location: Kolkata, Account #959436)",Data / Usage Issue,Medium,Negative,Solved,Kolkata,West Bengal,Customer Care Call,2026-05-25 12:31:01
TC-85471,Customer_604,user_604@telecom-domain.com,Modem overheating and rebooting automatically,"Provided Wi-Fi router gets burning hot within 10 minutes and reboots continuously. (Location: Delhi, Account #797900)",Equipment / Router,High,Negative,Solved,Delhi,Delhi,Branch Store,2026-05-12 18:18:01
TC-64087,Customer_605,user_605@telecom-domain.com,Delayed fiber installation appointment,"Fiber installation was scheduled for yesterday 2 PM. Technician did not turn up and phone is switched off. (Location: Bengaluru, Account #682206)",Installation,High,Angry,Open,Bengaluru,Karnataka,Email,2026-04-05 23:24:01
TC-80764,Customer_606,user_606@telecom-domain.com,Pending broadband connection setup over 5 days,"Applied for new fiber connection 5 days ago. Payment completed but technician installation pending. (Location: Kolkata, Account #829551)",Installation,Medium,Frustrated,Solved,Kolkata,West Bengal,Web Portal,2026-07-06 16:57:01
TC-56068,Customer_607,user_607@telecom-domain.com,Request to shift broadband to new address,"Moving to new apartment next week. Need connection relocation feasible check and schedule. (Location: Chennai, Account #764710)",Service Request,Low,Neutral,Open,Chennai,Tamil Nadu,Mobile App,2026-05-19 20:42:01
TC-29584,Customer_608,user_608@telecom-domain.com,Complete service outage in operational area,"Total breakdown of voice and data services across post office area. Business is severely impacted. (Location: Bengaluru, Account #368528)",Service Outage,High,Angry,Pending,Bengaluru,Karnataka,Email,2026-07-24 02:08:01
TC-92945,Customer_609,user_609@telecom-domain.com,Request to shift broadband to new address,"Moving to new apartment next week. Need connection relocation feasible check and schedule. (Location: Ahmedabad, Account #635267)",Service Request,Low,Neutral,Pending,Ahmedabad,Gujarat,Email,2026-03-09 09:09:01
TC-21397,Customer_610,user_610@telecom-domain.com,Data balance deducted without internet usage,"500MB data debited automatically overnight while mobile data switch was off. Please audit usage logs. (Location: Pune, Account #693082)",Data / Usage Issue,Medium,Negative,Solved,Pune,Maharashtra,Mobile App,2026-06-02 00:32:01
TC-74840,Customer_611,user_611@telecom-domain.com,Terminate account service immediately,"Unsatisfied with customer service and frequent billing errors. Terminate my plan today. (Location: Mumbai, Account #933392)",Cancellation,High,Angry,Pending,Mumbai,Maharashtra,Branch Store,2026-08-03 18:43:01
TC-42000,Customer_612,user_612@telecom-domain.com,Faulty router Wi-Fi red light issue,"Router optical PON light turns solid red. No internet access on any Wi-Fi device. (Location: Chennai, Account #716312)",Equipment / Router,High,Angry,Pending,Chennai,Tamil Nadu,Branch Store,2026-04-18 21:51:01
TC-71056,Customer_613,user_613@telecom-domain.com,No network coverage in my area,"I have zero mobile signal since morning in my apartment. Emergency calls only showing on screen. Please fix this cellular network issue immediately. (Location: Hyderabad, Account #342640)",Network Connectivity,High,Angry,Pending,Hyderabad,Telangana,Web Portal,2026-07-01 08:48:01
TC-60685,Customer_614,user_614@telecom-domain.com,Regional mobile tower power failure outage,"All mobile network connectivity is down in HSR Layout sector 2. Whole neighborhood affected. (Location: Kolkata, Account #565400)",Service Outage,High,Angry,Solved,Kolkata,West Bengal,Branch Store,2026-08-13 03:38:01
TC-92185,Customer_615,user_615@telecom-domain.com,Modem overheating and rebooting automatically,"Provided Wi-Fi router gets burning hot within 10 minutes and reboots continuously. (Location: Chennai, Account #682145)",Equipment / Router,High,Negative,Open,Chennai,Tamil Nadu,Email,2026-07-14 01:16:01
TC-99910,Customer_616,user_616@telecom-domain.com,Request to shift broadband to new address,"Moving to new apartment next week. Need connection relocation feasible check and schedule. (Location: Jaipur, Account #986533)",Service Request,Low,Neutral,Closed,Jaipur,Rajasthan,Email,2026-03-28 12:35:01
TC-46347,Customer_617,user_617@telecom-domain.com,Unauthorized Value Added Service (VAS) charged,"My bill includes ₹299 for international roaming VAS which I never subscribed or activated. Deduct this immediately. (Location: Chennai, Account #801841)",Billing Dispute,High,Angry,Solved,Chennai,Tamil Nadu,Branch Store,2026-05-29 21:32:01
TC-42489,Customer_618,user_618@telecom-domain.com,Unauthorized Value Added Service (VAS) charged,"My bill includes ₹299 for international roaming VAS which I never subscribed or activated. Deduct this immediately. (Location: Hyderabad, Account #806167)",Billing Dispute,High,Angry,Closed,Hyderabad,Telangana,Mobile App,2026-05-12 18:36:01
TC-20920,Customer_619,user_619@telecom-domain.com,No network coverage in my area,"I have zero mobile signal since morning in my apartment. Emergency calls only showing on screen. Please fix this cellular network issue immediately. (Location: Delhi, Account #340378)",Network Connectivity,High,Angry,Solved,Delhi,Delhi,Branch Store,2026-06-29 13:27:01
TC-35666,Customer_620,user_620@telecom-domain.com,Modem overheating and rebooting automatically,"Provided Wi-Fi router gets burning hot within 10 minutes and reboots continuously. (Location: Ahmedabad, Account #405186)",Equipment / Router,High,Negative,Solved,Ahmedabad,Gujarat,Customer Care Call,2026-07-14 15:34:01
TC-57927,Customer_621,user_621@telecom-domain.com,Cancel broadband subscription connection,"Subscribed to another provider due to continuous outages. Please disconnect line and refund deposit. (Location: Ahmedabad, Account #906982)",Cancellation,High,Angry,Pending,Ahmedabad,Gujarat,Customer Care Call,2026-06-16 02:45:01
TC-44728,Customer_622,user_622@telecom-domain.com,Auto-debit failure penalty wrongly applied,"Bank auto-debit succeeded on time but your system marked late payment fee ₹250. Please reverse penalty. (Location: Pune, Account #854919)",Billing Dispute,Medium,Negative,Pending,Pune,Maharashtra,Branch Store,2026-05-11 05:02:01
TC-15621,Customer_623,user_623@telecom-domain.com,Requesting MNP UPC port out code due to poor network,"Tired of frequent call drops and zero coverage. Want to port out my number to another operator immediately. (Location: Mumbai, Account #432240)",Cancellation,High,Angry,Closed,Mumbai,Maharashtra,Web Portal,2026-04-20 12:00:01
TC-33005,Customer_624,user_624@telecom-domain.com,Plan upgrade request to Gigabit speed,"Want to upgrade existing 100 Mbps plan to 1 Gbps fiber plan. Please share pricing and process. (Location: Hyderabad, Account #378353)",Service Request,Low,Positive,Open,Hyderabad,Telangana,Branch Store,2026-06-25 12:46:01
TC-46427,Customer_625,user_625@telecom-domain.com,Unauthorized Value Added Service (VAS) charged,"My bill includes ₹299 for international roaming VAS which I never subscribed or activated. Deduct this immediately. (Location: Jaipur, Account #314985)",Billing Dispute,High,Angry,Open,Jaipur,Rajasthan,Email,2026-07-07 00:38:01
TC-67310,Customer_626,user_626@telecom-domain.com,Call disconnects continuously on VoLTE,"HD voice call quality is pathetic. Audio breaks up and call drops without warning during important business calls. (Location: Chennai, Account #180347)",Call Drops,High,Angry,Closed,Chennai,Tamil Nadu,Customer Care Call,2026-04-22 23:13:01
TC-93400,Customer_627,user_627@telecom-domain.com,Voice call drops within 30 seconds,"Almost every call drops automatically within 20 to 30 seconds. Unusable voice calling service. (Location: Ahmedabad, Account #893353)",Call Drops,High,Angry,Pending,Ahmedabad,Gujarat,Branch Store,2026-03-21 13:46:01
TC-53016,Customer_628,user_628@telecom-domain.com,Poor signal strength indoors,"Signal is extremely weak inside my home. Cannot make any voice calls or use mobile internet unless I step outside. (Location: Hyderabad, Account #430296)",Network Connectivity,Medium,Negative,Solved,Hyderabad,Telangana,Web Portal,2026-03-18 15:32:01
TC-20254,Customer_629,user_629@telecom-domain.com,No resolution provided despite 5 calls,"Called customer care 5 times in 3 days. Promises callback every time but nobody calls back. (Location: Kolkata, Account #496595)",Customer Service,High,Angry,Open,Kolkata,West Bengal,Mobile App,2026-05-10 13:47:01
TC-69989,Customer_630,user_630@telecom-domain.com,Unauthorized Value Added Service (VAS) charged,"My bill includes ₹299 for international roaming VAS which I never subscribed or activated. Deduct this immediately. (Location: Delhi, Account #853403)",Billing Dispute,High,Angry,Open,Delhi,Delhi,Branch Store,2026-07-31 23:06:01
TC-27831,Customer_631,user_631@telecom-domain.com,Voice call drops within 30 seconds,"Almost every call drops automatically within 20 to 30 seconds. Unusable voice calling service. (Location: Hyderabad, Account #916312)",Call Drops,High,Angry,Pending,Hyderabad,Telangana,Mobile App,2026-02-20 13:25:01
TC-65529,Customer_632,user_632@telecom-domain.com,Unable to make outgoing calls,"Outgoing calls immediately get terminated with call ended error. Incoming calls work fine. (Location: Hyderabad, Account #603988)",Call Drops,High,Angry,Open,Hyderabad,Telangana,Web Portal,2026-05-28 00:05:01
TC-65155,Customer_633,user_633@telecom-domain.com,Daily FUP data quota exhausted instantly,"My 2GB daily data limit got exhausted at 10 AM without heavy usage. Metering system is inaccurate. (Location: Bengaluru, Account #931968)",Data / Usage Issue,Medium,Frustrated,Open,Bengaluru,Karnataka,Web Portal,2026-05-12 04:35:01
TC-32581,Customer_634,user_634@telecom-domain.com,Delayed fiber installation appointment,"Fiber installation was scheduled for yesterday 2 PM. Technician did not turn up and phone is switched off. (Location: Ahmedabad, Account #415506)",Installation,High,Angry,Solved,Ahmedabad,Gujarat,Web Portal,2026-07-16 03:15:01
TC-63344,Customer_635,user_635@telecom-domain.com,Very slow fiber broadband speed,"Subscribed to 300 Mbps fiber plan but getting only 5 Mbps download speed. Speed test ping is over 250ms. Extremely slow. (Location: Ahmedabad, Account #195985)",Broadband Performance,High,Angry,Closed,Ahmedabad,Gujarat,Customer Care Call,2026-07-22 13:32:01
TC-40428,Customer_636,user_636@telecom-domain.com,Complete service outage in operational area,"Total breakdown of voice and data services across post office area. Business is severely impacted. (Location: Chennai, Account #358762)",Service Outage,High,Angry,Closed,Chennai,Tamil Nadu,Branch Store,2026-04-10 15:54:01
TC-33723,Customer_637,user_637@telecom-domain.com,Terminate account service immediately,"Unsatisfied with customer service and frequent billing errors. Terminate my plan today. (Location: Hyderabad, Account #719184)",Cancellation,High,Angry,Open,Hyderabad,Telangana,Customer Care Call,2026-08-04 23:00:01
TC-82127,Customer_638,user_638@telecom-domain.com,Call disconnects continuously on VoLTE,"HD voice call quality is pathetic. Audio breaks up and call drops without warning during important business calls. (Location: Chandigarh, Account #454583)",Call Drops,High,Angry,Closed,Chandigarh,Punjab,Customer Care Call,2026-02-28 05:16:01
TC-79201,Customer_639,user_639@telecom-domain.com,Call disconnects continuously on VoLTE,"HD voice call quality is pathetic. Audio breaks up and call drops without warning during important business calls. (Location: Ahmedabad, Account #986894)",Call Drops,High,Angry,Pending,Ahmedabad,Gujarat,Branch Store,2026-04-17 23:39:01
TC-56623,Customer_640,user_640@telecom-domain.com,Broadband speed throttling during peak hours,"Every evening between 7 PM and 11 PM speed drops below 2 Mbps. This is unacceptable service quality. (Location: Delhi, Account #859414)",Broadband Performance,Medium,Frustrated,Pending,Delhi,Delhi,Mobile App,2026-07-14 21:54:01
TC-40350,Customer_641,user_641@telecom-domain.com,Network signal keeps dropping repeatedly,"Every time I travel through the electronic city corridor, signal completely dies for 15 minutes. Very unreliable network. (Location: Chennai, Account #458127)",Network Connectivity,High,Angry,Closed,Chennai,Tamil Nadu,Branch Store,2026-05-17 11:26:01
TC-63796,Customer_642,user_642@telecom-domain.com,Data balance deducted without internet usage,"500MB data debited automatically overnight while mobile data switch was off. Please audit usage logs. (Location: Bengaluru, Account #539388)",Data / Usage Issue,Medium,Negative,Closed,Bengaluru,Karnataka,Customer Care Call,2026-07-09 02:19:01
TC-52747,Customer_643,user_643@telecom-domain.com,SIM card showing no service,"My SIM suddenly stopped catching network signal. Checked on another phone, still says No Service. (Location: Kolkata, Account #928867)",Network Connectivity,High,Angry,Open,Kolkata,West Bengal,Web Portal,2026-03-24 14:02:01
TC-54240,Customer_644,user_644@telecom-domain.com,Call drops frequently while driving in city,"Call handoff between cell towers fails completely. Every call gets cut when moving between cell sectors. (Location: Pune, Account #633322)",Call Drops,Medium,Negative,Pending,Pune,Maharashtra,Mobile App,2026-08-12 02:41:01
TC-71348,Customer_645,user_645@telecom-domain.com,Request static IP allocation for home server,"Need static IPv4 address for remote access setup on my connection. (Location: Jaipur, Account #856475)",Service Request,Low,Neutral,Closed,Jaipur,Rajasthan,Customer Care Call,2026-06-15 01:25:01
TC-99516,Customer_646,user_646@telecom-domain.com,Complete fiber optic broadband blackout,"Total internet and landline blackout across our entire apartment complex since 8 AM today. No response from helpline. (Location: Hyderabad, Account #451167)",Service Outage,High,Angry,Solved,Hyderabad,Telangana,Branch Store,2026-05-12 13:33:01
TC-21248,Customer_647,user_647@telecom-domain.com,Security deposit refund not received after cancellation,"Cancelled my connection 45 days ago but ₹2,000 security deposit refund is still pending. Support promised 7 days. (Location: Mumbai, Account #372466)",Billing Dispute,High,Angry,Closed,Mumbai,Maharashtra,Email,2026-07-21 12:43:01
TC-30294,Customer_648,user_648@telecom-domain.com,Unable to make outgoing calls,"Outgoing calls immediately get terminated with call ended error. Incoming calls work fine. (Location: Mumbai, Account #638757)",Call Drops,High,Angry,Closed,Mumbai,Maharashtra,Web Portal,2026-08-17 16:52:01
TC-94305,Customer_649,user_649@telecom-domain.com,International roaming data pack not working,"Purchased 5GB roaming data pack for international travel but roaming data is not activating. (Location: Jaipur, Account #492607)",Data / Usage Issue,High,Angry,Closed,Jaipur,Rajasthan,Email,2026-07-16 03:15:01
TC-99236,Customer_650,user_650@telecom-domain.com,Wi-Fi range very weak and dropping,"Wi-Fi signal cuts out 5 meters away from router. Need dual-band router replacement. (Location: Chandigarh, Account #181917)",Equipment / Router,Medium,Negative,Pending,Chandigarh,Punjab,Mobile App,2026-04-04 19:27:01
TC-81529,Customer_651,user_651@telecom-domain.com,Request static IP allocation for home server,"Need static IPv4 address for remote access setup on my connection. (Location: Jaipur, Account #572738)",Service Request,Low,Neutral,Open,Jaipur,Rajasthan,Email,2026-02-24 06:41:01
TC-43277,Customer_652,user_652@telecom-domain.com,Complete fiber optic broadband blackout,"Total internet and landline blackout across our entire apartment complex since 8 AM today. No response from helpline. (Location: Chandigarh, Account #397003)",Service Outage,High,Angry,Closed,Chandigarh,Punjab,Mobile App,2026-07-26 10:13:01
TC-72256,Customer_653,user_653@telecom-domain.com,Terminate account service immediately,"Unsatisfied with customer service and frequent billing errors. Terminate my plan today. (Location: Chandigarh, Account #856019)",Cancellation,High,Angry,Closed,Chandigarh,Punjab,Web Portal,2026-05-12 11:04:01
TC-71371,Customer_654,user_654@telecom-domain.com,Request static IP allocation for home server,"Need static IPv4 address for remote access setup on my connection. (Location: Pune, Account #368236)",Service Request,Low,Neutral,Open,Pune,Maharashtra,Web Portal,2026-02-20 21:57:01
TC-16233,Customer_655,user_655@telecom-domain.com,Unable to make outgoing calls,"Outgoing calls immediately get terminated with call ended error. Incoming calls work fine. (Location: Delhi, Account #559814)",Call Drops,High,Angry,Closed,Delhi,Delhi,Email,2026-07-23 06:50:01
TC-19276,Customer_656,user_656@telecom-domain.com,Call drops frequently while driving in city,"Call handoff between cell towers fails completely. Every call gets cut when moving between cell sectors. (Location: Chandigarh, Account #391517)",Call Drops,Medium,Negative,Open,Chandigarh,Punjab,Mobile App,2026-08-01 18:41:01
TC-72461,Customer_657,user_657@telecom-domain.com,Work order pending port availability issue,"Feeder box installation pending due to lack of spare fiber port. Need resolution. (Location: Chandigarh, Account #174084)",Installation,Medium,Negative,Solved,Chandigarh,Punjab,Web Portal,2026-04-04 19:51:01
TC-18800,Customer_658,user_658@telecom-domain.com,Incorrect plan billing amount charged,"Subscribed to ₹599 plan but bill generated is ₹1,199. High overcharge without explanation. (Location: Hyderabad, Account #580659)",Billing Dispute,Medium,Frustrated,Pending,Hyderabad,Telangana,Email,2026-07-06 06:46:01
TC-53375,Customer_659,user_659@telecom-domain.com,One-way audio issue during phone calls,"When people call me, they cannot hear my voice at all while I can hear them clearly. Terrible experience. (Location: Pune, Account #212062)",Call Drops,High,Frustrated,Open,Pune,Maharashtra,Customer Care Call,2026-07-04 20:41:01
TC-18819,Customer_660,user_660@telecom-domain.com,Faulty router Wi-Fi red light issue,"Router optical PON light turns solid red. No internet access on any Wi-Fi device. (Location: Chandigarh, Account #798609)",Equipment / Router,High,Angry,Open,Chandigarh,Punjab,Web Portal,2026-07-02 12:13:01
TC-86999,Customer_661,user_661@telecom-domain.com,Call drops frequently while driving in city,"Call handoff between cell towers fails completely. Every call gets cut when moving between cell sectors. (Location: Ahmedabad, Account #175607)",Call Drops,Medium,Negative,Solved,Ahmedabad,Gujarat,Branch Store,2026-04-23 19:32:01
TC-44367,Customer_662,user_662@telecom-domain.com,Pending broadband connection setup over 5 days,"Applied for new fiber connection 5 days ago. Payment completed but technician installation pending. (Location: Kolkata, Account #639903)",Installation,Medium,Frustrated,Open,Kolkata,West Bengal,Mobile App,2026-04-13 23:05:01
TC-99196,Customer_663,user_663@telecom-domain.com,Daily FUP data quota exhausted instantly,"My 2GB daily data limit got exhausted at 10 AM without heavy usage. Metering system is inaccurate. (Location: Hyderabad, Account #137609)",Data / Usage Issue,Medium,Frustrated,Closed,Hyderabad,Telangana,Branch Store,2026-08-15 01:26:01
TC-30067,Customer_664,user_664@telecom-domain.com,Faulty router Wi-Fi red light issue,"Router optical PON light turns solid red. No internet access on any Wi-Fi device. (Location: Bengaluru, Account #296210)",Equipment / Router,High,Angry,Open,Bengaluru,Karnataka,Email,2026-04-03 22:31:01
TC-39979,Customer_665,user_665@telecom-domain.com,Frequent internet disconnects every hour,"Broadband connection disconnects every 30 minutes while working from home. PON light on fiber ONT blinks red. (Location: Kolkata, Account #134113)",Broadband Performance,High,Angry,Pending,Kolkata,West Bengal,Mobile App,2026-04-19 01:57:01
TC-26410,Customer_666,user_666@telecom-domain.com,Security deposit refund not received after cancellation,"Cancelled my connection 45 days ago but ₹2,000 security deposit refund is still pending. Support promised 7 days. (Location: Bengaluru, Account #257136)",Billing Dispute,High,Angry,Solved,Bengaluru,Karnataka,Branch Store,2026-05-25 07:50:01
TC-88916,Customer_667,user_667@telecom-domain.com,Auto-debit failure penalty wrongly applied,"Bank auto-debit succeeded on time but your system marked late payment fee ₹250. Please reverse penalty. (Location: Chandigarh, Account #938971)",Billing Dispute,Medium,Negative,Pending,Chandigarh,Punjab,Mobile App,2026-03-31 05:22:01
TC-60712,Customer_668,user_668@telecom-domain.com,Rude customer care support agent behavior,"Customer service agent hung up the call on me while explaining my broadband issue. Worst support ever. (Location: Chennai, Account #716185)",Customer Service,High,Angry,Closed,Chennai,Tamil Nadu,Customer Care Call,2026-08-17 06:54:01
TC-61554,Customer_669,user_669@telecom-domain.com,Fiber optical cable line signal unstable,"Fiber link drops repeatedly. Router loses IP address allocation every morning. (Location: Delhi, Account #557137)",Broadband Performance,Medium,Negative,Pending,Delhi,Delhi,Web Portal,2026-08-17 23:15:01
TC-37566,Customer_670,user_670@telecom-domain.com,Network signal keeps dropping repeatedly,"Every time I travel through the electronic city corridor, signal completely dies for 15 minutes. Very unreliable network. (Location: Bengaluru, Account #615539)",Network Connectivity,High,Angry,Open,Bengaluru,Karnataka,Email,2026-05-22 23:30:01
TC-23219,Customer_671,user_671@telecom-domain.com,Request to shift broadband to new address,"Moving to new apartment next week. Need connection relocation feasible check and schedule. (Location: Delhi, Account #645597)",Service Request,Low,Neutral,Pending,Delhi,Delhi,Mobile App,2026-06-16 09:19:01
TC-29605,Customer_672,user_672@telecom-domain.com,Complete service outage in operational area,"Total breakdown of voice and data services across post office area. Business is severely impacted. (Location: Bengaluru, Account #661811)",Service Outage,High,Angry,Solved,Bengaluru,Karnataka,Mobile App,2026-07-10 22:28:01
TC-53800,Customer_673,user_673@telecom-domain.com,Terminate account service immediately,"Unsatisfied with customer service and frequent billing errors. Terminate my plan today. (Location: Jaipur, Account #509872)",Cancellation,High,Angry,Pending,Jaipur,Rajasthan,Web Portal,2026-04-07 08:05:01
TC-36341,Customer_674,user_674@telecom-domain.com,Daily FUP data quota exhausted instantly,"My 2GB daily data limit got exhausted at 10 AM without heavy usage. Metering system is inaccurate. (Location: Jaipur, Account #443958)",Data / Usage Issue,Medium,Frustrated,Solved,Jaipur,Rajasthan,Email,2026-04-04 20:08:01
TC-59427,Customer_675,user_675@telecom-domain.com,Faulty router Wi-Fi red light issue,"Router optical PON light turns solid red. No internet access on any Wi-Fi device. (Location: Bengaluru, Account #834288)",Equipment / Router,High,Angry,Open,Bengaluru,Karnataka,Email,2026-06-20 15:14:01
TC-71187,Customer_676,user_676@telecom-domain.com,Pending broadband connection setup over 5 days,"Applied for new fiber connection 5 days ago. Payment completed but technician installation pending. (Location: Mumbai, Account #737950)",Installation,Medium,Frustrated,Pending,Mumbai,Maharashtra,Web Portal,2026-04-19 20:53:01
TC-72527,Customer_677,user_677@telecom-domain.com,Pending broadband connection setup over 5 days,"Applied for new fiber connection 5 days ago. Payment completed but technician installation pending. (Location: Mumbai, Account #617851)",Installation,Medium,Frustrated,Open,Mumbai,Maharashtra,Branch Store,2026-03-19 19:01:01
TC-90322,Customer_678,user_678@telecom-domain.com,Daily FUP data quota exhausted instantly,"My 2GB daily data limit got exhausted at 10 AM without heavy usage. Metering system is inaccurate. (Location: Chennai, Account #609727)",Data / Usage Issue,Medium,Frustrated,Closed,Chennai,Tamil Nadu,Customer Care Call,2026-02-28 21:32:01
TC-35280,Customer_679,user_679@telecom-domain.com,Frequent loss of 4G/5G connection,"My phone continuously drops from 5G to 2G every 10 minutes. Network bar completely disappears in office building. (Location: Chandigarh, Account #326981)",Network Connectivity,High,Negative,Closed,Chandigarh,Punjab,Customer Care Call,2026-04-16 01:54:01
TC-32521,Customer_680,user_680@telecom-domain.com,Misleading information given by call center,"Support executive promised bill adjustment within 24 hours but ticket was closed without action. (Location: Ahmedabad, Account #972370)",Customer Service,High,Angry,Pending,Ahmedabad,Gujarat,Mobile App,2026-07-03 11:33:01
TC-82307,Customer_681,user_681@telecom-domain.com,Terminate account service immediately,"Unsatisfied with customer service and frequent billing errors. Terminate my plan today. (Location: Bengaluru, Account #193471)",Cancellation,High,Angry,Pending,Bengaluru,Karnataka,Branch Store,2026-05-10 07:07:01
TC-18985,Customer_682,user_682@telecom-domain.com,Regional mobile tower power failure outage,"All mobile network connectivity is down in HSR Layout sector 2. Whole neighborhood affected. (Location: Chennai, Account #687757)",Service Outage,High,Angry,Solved,Chennai,Tamil Nadu,Email,2026-03-23 21:59:01
TC-91094,Customer_683,user_683@telecom-domain.com,Requesting MNP UPC port out code due to poor network,"Tired of frequent call drops and zero coverage. Want to port out my number to another operator immediately. (Location: Kolkata, Account #524980)",Cancellation,High,Angry,Pending,Kolkata,West Bengal,Mobile App,2026-03-30 21:37:01
TC-92901,Customer_684,user_684@telecom-domain.com,Incorrect plan billing amount charged,"Subscribed to ₹599 plan but bill generated is ₹1,199. High overcharge without explanation. (Location: Hyderabad, Account #559660)",Billing Dispute,Medium,Frustrated,Closed,Hyderabad,Telangana,Mobile App,2026-05-29 03:21:01
TC-29753,Customer_685,user_685@telecom-domain.com,Unauthorized Value Added Service (VAS) charged,"My bill includes ₹299 for international roaming VAS which I never subscribed or activated. Deduct this immediately. (Location: Bengaluru, Account #829089)",Billing Dispute,High,Angry,Pending,Bengaluru,Karnataka,Branch Store,2026-05-21 13:52:01
TC-34217,Customer_686,user_686@telecom-domain.com,Data balance deducted without internet usage,"500MB data debited automatically overnight while mobile data switch was off. Please audit usage logs. (Location: Jaipur, Account #463894)",Data / Usage Issue,Medium,Negative,Pending,Jaipur,Rajasthan,Customer Care Call,2026-03-07 02:02:01
TC-67771,Customer_687,user_687@telecom-domain.com,Regional mobile tower power failure outage,"All mobile network connectivity is down in HSR Layout sector 2. Whole neighborhood affected. (Location: Hyderabad, Account #627610)",Service Outage,High,Angry,Pending,Hyderabad,Telangana,Branch Store,2026-05-16 11:50:01
TC-76027,Customer_688,user_688@telecom-domain.com,No resolution provided despite 5 calls,"Called customer care 5 times in 3 days. Promises callback every time but nobody calls back. (Location: Delhi, Account #139654)",Customer Service,High,Angry,Closed,Delhi,Delhi,Web Portal,2026-06-07 12:57:01
TC-60840,Customer_689,user_689@telecom-domain.com,Wi-Fi range very weak and dropping,"Wi-Fi signal cuts out 5 meters away from router. Need dual-band router replacement. (Location: Hyderabad, Account #405195)",Equipment / Router,Medium,Negative,Open,Hyderabad,Telangana,Branch Store,2026-03-08 00:44:01
TC-95450,Customer_690,user_690@telecom-domain.com,Call disconnects continuously on VoLTE,"HD voice call quality is pathetic. Audio breaks up and call drops without warning during important business calls. (Location: Pune, Account #873366)",Call Drops,High,Angry,Pending,Pune,Maharashtra,Email,2026-07-23 00:11:01
TC-87087,Customer_691,user_691@telecom-domain.com,Cancel broadband subscription connection,"Subscribed to another provider due to continuous outages. Please disconnect line and refund deposit. (Location: Hyderabad, Account #960974)",Cancellation,High,Angry,Open,Hyderabad,Telangana,Web Portal,2026-06-10 09:17:01
TC-89211,Customer_692,user_692@telecom-domain.com,Unauthorized Value Added Service (VAS) charged,"My bill includes ₹299 for international roaming VAS which I never subscribed or activated. Deduct this immediately. (Location: Pune, Account #743259)",Billing Dispute,High,Angry,Open,Pune,Maharashtra,Email,2026-03-24 14:07:01
TC-38263,Customer_693,user_693@telecom-domain.com,Double charge on monthly broadband bill,"I was charged twice ₹1,499 for the current month bill. Money deducted twice from credit card but status shows pending. (Location: Delhi, Account #162060)",Billing Dispute,High,Angry,Pending,Delhi,Delhi,Web Portal,2026-04-23 08:08:01
TC-35378,Customer_694,user_694@telecom-domain.com,Cancel broadband subscription connection,"Subscribed to another provider due to continuous outages. Please disconnect line and refund deposit. (Location: Pune, Account #915940)",Cancellation,High,Angry,Open,Pune,Maharashtra,Email,2026-06-05 16:32:01
TC-63603,Customer_695,user_695@telecom-domain.com,Complete service outage in operational area,"Total breakdown of voice and data services across post office area. Business is severely impacted. (Location: Hyderabad, Account #990210)",Service Outage,High,Angry,Pending,Hyderabad,Telangana,Branch Store,2026-04-09 11:27:01
TC-30580,Customer_696,user_696@telecom-domain.com,Cancel broadband subscription connection,"Subscribed to another provider due to continuous outages. Please disconnect line and refund deposit. (Location: Chennai, Account #148122)",Cancellation,High,Angry,Closed,Chennai,Tamil Nadu,Web Portal,2026-06-29 01:58:01
TC-83285,Customer_697,user_697@telecom-domain.com,Call disconnects continuously on VoLTE,"HD voice call quality is pathetic. Audio breaks up and call drops without warning during important business calls. (Location: Chennai, Account #501574)",Call Drops,High,Angry,Closed,Chennai,Tamil Nadu,Web Portal,2026-04-27 05:53:01
TC-39033,Customer_698,user_698@telecom-domain.com,Delayed fiber installation appointment,"Fiber installation was scheduled for yesterday 2 PM. Technician did not turn up and phone is switched off. (Location: Pune, Account #621267)",Installation,High,Angry,Solved,Pune,Maharashtra,Mobile App,2026-08-12 07:54:01
TC-62179,Customer_699,user_699@telecom-domain.com,Poor signal strength indoors,"Signal is extremely weak inside my home. Cannot make any voice calls or use mobile internet unless I step outside. (Location: Chandigarh, Account #891437)",Network Connectivity,Medium,Negative,Closed,Chandigarh,Punjab,Branch Store,2026-05-10 15:39:01
TC-94690,Customer_700,user_700@telecom-domain.com,Incorrect plan billing amount charged,"Subscribed to ₹599 plan but bill generated is ₹1,199. High overcharge without explanation. (Location: Chandigarh, Account #575124)",Billing Dispute,Medium,Frustrated,Solved,Chandigarh,Punjab,Web Portal,2026-05-19 20:10:01
TC-65765,Customer_701,user_701@telecom-domain.com,No resolution provided despite 5 calls,"Called customer care 5 times in 3 days. Promises callback every time but nobody calls back. (Location: Chandigarh, Account #309237)",Customer Service,High,Angry,Solved,Chandigarh,Punjab,Mobile App,2026-05-27 09:25:01
TC-45326,Customer_702,user_702@telecom-domain.com,Very slow fiber broadband speed,"Subscribed to 300 Mbps fiber plan but getting only 5 Mbps download speed. Speed test ping is over 250ms. Extremely slow. (Location: Ahmedabad, Account #561015)",Broadband Performance,High,Angry,Pending,Ahmedabad,Gujarat,Customer Care Call,2026-03-06 02:22:01
TC-60568,Customer_703,user_703@telecom-domain.com,Call disconnects continuously on VoLTE,"HD voice call quality is pathetic. Audio breaks up and call drops without warning during important business calls. (Location: Jaipur, Account #263766)",Call Drops,High,Angry,Open,Jaipur,Rajasthan,Mobile App,2026-08-13 07:26:01
TC-45336,Customer_704,user_704@telecom-domain.com,Frequent loss of 4G/5G connection,"My phone continuously drops from 5G to 2G every 10 minutes. Network bar completely disappears in office building. (Location: Kolkata, Account #277764)",Network Connectivity,High,Negative,Open,Kolkata,West Bengal,Branch Store,2026-08-01 22:56:01
TC-18877,Customer_705,user_705@telecom-domain.com,Fiber optical cable line signal unstable,"Fiber link drops repeatedly. Router loses IP address allocation every morning. (Location: Pune, Account #716797)",Broadband Performance,Medium,Negative,Open,Pune,Maharashtra,Mobile App,2026-05-07 23:16:01
TC-56641,Customer_706,user_706@telecom-domain.com,Work order pending port availability issue,"Feeder box installation pending due to lack of spare fiber port. Need resolution. (Location: Chennai, Account #241329)",Installation,Medium,Negative,Pending,Chennai,Tamil Nadu,Mobile App,2026-03-16 03:02:01
TC-67308,Customer_707,user_707@telecom-domain.com,Cancel broadband subscription connection,"Subscribed to another provider due to continuous outages. Please disconnect line and refund deposit. (Location: Kolkata, Account #893952)",Cancellation,High,Angry,Open,Kolkata,West Bengal,Branch Store,2026-03-29 12:52:01
TC-19520,Customer_708,user_708@telecom-domain.com,One-way audio issue during phone calls,"When people call me, they cannot hear my voice at all while I can hear them clearly. Terrible experience. (Location: Mumbai, Account #981901)",Call Drops,High,Frustrated,Closed,Mumbai,Maharashtra,Email,2026-05-07 06:06:01
TC-56820,Customer_709,user_709@telecom-domain.com,No resolution provided despite 5 calls,"Called customer care 5 times in 3 days. Promises callback every time but nobody calls back. (Location: Pune, Account #179362)",Customer Service,High,Angry,Closed,Pune,Maharashtra,Email,2026-08-04 20:29:01
TC-55507,Customer_710,user_710@telecom-domain.com,Pending broadband connection setup over 5 days,"Applied for new fiber connection 5 days ago. Payment completed but technician installation pending. (Location: Ahmedabad, Account #214758)",Installation,Medium,Frustrated,Pending,Ahmedabad,Gujarat,Web Portal,2026-07-19 05:21:01
TC-43921,Customer_711,user_711@telecom-domain.com,Frequent loss of 4G/5G connection,"My phone continuously drops from 5G to 2G every 10 minutes. Network bar completely disappears in office building. (Location: Chandigarh, Account #334033)",Network Connectivity,High,Negative,Solved,Chandigarh,Punjab,Mobile App,2026-04-08 16:12:01
TC-15829,Customer_712,user_712@telecom-domain.com,Wi-Fi range very weak and dropping,"Wi-Fi signal cuts out 5 meters away from router. Need dual-band router replacement. (Location: Delhi, Account #400281)",Equipment / Router,Medium,Negative,Closed,Delhi,Delhi,Mobile App,2026-03-19 11:41:01
TC-68707,Customer_713,user_713@telecom-domain.com,Data balance deducted without internet usage,"500MB data debited automatically overnight while mobile data switch was off. Please audit usage logs. (Location: Bengaluru, Account #883272)",Data / Usage Issue,Medium,Negative,Solved,Bengaluru,Karnataka,Mobile App,2026-06-15 07:49:01
TC-63195,Customer_714,user_714@telecom-domain.com,Request to shift broadband to new address,"Moving to new apartment next week. Need connection relocation feasible check and schedule. (Location: Ahmedabad, Account #488757)",Service Request,Low,Neutral,Solved,Ahmedabad,Gujarat,Email,2026-04-24 04:14:01
TC-69858,Customer_715,user_715@telecom-domain.com,Terminate account service immediately,"Unsatisfied with customer service and frequent billing errors. Terminate my plan today. (Location: Hyderabad, Account #678932)",Cancellation,High,Angry,Closed,Hyderabad,Telangana,Email,2026-05-08 15:40:01
TC-47832,Customer_716,user_716@telecom-domain.com,Faulty router Wi-Fi red light issue,"Router optical PON light turns solid red. No internet access on any Wi-Fi device. (Location: Pune, Account #280630)",Equipment / Router,High,Angry,Solved,Pune,Maharashtra,Web Portal,2026-04-10 13:16:01
TC-59684,Customer_717,user_717@telecom-domain.com,Security deposit refund not received after cancellation,"Cancelled my connection 45 days ago but ₹2,000 security deposit refund is still pending. Support promised 7 days. (Location: Kolkata, Account #361430)",Billing Dispute,High,Angry,Closed,Kolkata,West Bengal,Mobile App,2026-08-04 20:39:01
TC-37013,Customer_718,user_718@telecom-domain.com,Faulty router Wi-Fi red light issue,"Router optical PON light turns solid red. No internet access on any Wi-Fi device. (Location: Mumbai, Account #771982)",Equipment / Router,High,Angry,Closed,Mumbai,Maharashtra,Mobile App,2026-03-28 10:30:01
TC-97822,Customer_719,user_719@telecom-domain.com,No network coverage in my area,"I have zero mobile signal since morning in my apartment. Emergency calls only showing on screen. Please fix this cellular network issue immediately. (Location: Chandigarh, Account #106367)",Network Connectivity,High,Angry,Solved,Chandigarh,Punjab,Email,2026-02-27 12:03:01
TC-64096,Customer_720,user_720@telecom-domain.com,Requesting MNP UPC port out code due to poor network,"Tired of frequent call drops and zero coverage. Want to port out my number to another operator immediately. (Location: Mumbai, Account #421563)",Cancellation,High,Angry,Closed,Mumbai,Maharashtra,Customer Care Call,2026-03-26 01:12:01
TC-49824,Customer_721,user_721@telecom-domain.com,Terminate account service immediately,"Unsatisfied with customer service and frequent billing errors. Terminate my plan today. (Location: Bengaluru, Account #230499)",Cancellation,High,Angry,Solved,Bengaluru,Karnataka,Branch Store,2026-05-28 13:39:01
TC-24366,Customer_722,user_722@telecom-domain.com,Misleading information given by call center,"Support executive promised bill adjustment within 24 hours but ticket was closed without action. (Location: Pune, Account #131987)",Customer Service,High,Angry,Solved,Pune,Maharashtra,Branch Store,2026-04-21 12:21:01
TC-38945,Customer_723,user_723@telecom-domain.com,Unauthorized Value Added Service (VAS) charged,"My bill includes ₹299 for international roaming VAS which I never subscribed or activated. Deduct this immediately. (Location: Mumbai, Account #284391)",Billing Dispute,High,Angry,Pending,Mumbai,Maharashtra,Customer Care Call,2026-06-04 12:18:01
TC-96817,Customer_724,user_724@telecom-domain.com,Terminate account service immediately,"Unsatisfied with customer service and frequent billing errors. Terminate my plan today. (Location: Hyderabad, Account #620670)",Cancellation,High,Angry,Solved,Hyderabad,Telangana,Web Portal,2026-02-25 19:18:01
TC-12216,Customer_725,user_725@telecom-domain.com,Delayed fiber installation appointment,"Fiber installation was scheduled for yesterday 2 PM. Technician did not turn up and phone is switched off. (Location: Mumbai, Account #346748)",Installation,High,Angry,Open,Mumbai,Maharashtra,Customer Care Call,2026-05-19 07:58:01
TC-75961,Customer_726,user_726@telecom-domain.com,Auto-debit failure penalty wrongly applied,"Bank auto-debit succeeded on time but your system marked late payment fee ₹250. Please reverse penalty. (Location: Ahmedabad, Account #715848)",Billing Dispute,Medium,Negative,Solved,Ahmedabad,Gujarat,Email,2026-07-20 07:54:01
TC-10897,Customer_727,user_727@telecom-domain.com,Complete fiber optic broadband blackout,"Total internet and landline blackout across our entire apartment complex since 8 AM today. No response from helpline. (Location: Bengaluru, Account #537782)",Service Outage,High,Angry,Solved,Bengaluru,Karnataka,Mobile App,2026-02-26 20:57:01
TC-73304,Customer_728,user_728@telecom-domain.com,Call disconnects continuously on VoLTE,"HD voice call quality is pathetic. Audio breaks up and call drops without warning during important business calls. (Location: Bengaluru, Account #940118)",Call Drops,High,Angry,Closed,Bengaluru,Karnataka,Web Portal,2026-07-28 03:41:01
TC-79424,Customer_729,user_729@telecom-domain.com,Terminate account service immediately,"Unsatisfied with customer service and frequent billing errors. Terminate my plan today. (Location: Chennai, Account #640606)",Cancellation,High,Angry,Open,Chennai,Tamil Nadu,Branch Store,2026-04-13 22:35:01
TC-65750,Customer_730,user_730@telecom-domain.com,No resolution provided despite 5 calls,"Called customer care 5 times in 3 days. Promises callback every time but nobody calls back. (Location: Pune, Account #406142)",Customer Service,High,Angry,Closed,Pune,Maharashtra,Customer Care Call,2026-02-20 03:24:01
TC-36096,Customer_731,user_731@telecom-domain.com,Frequent internet disconnects every hour,"Broadband connection disconnects every 30 minutes while working from home. PON light on fiber ONT blinks red. (Location: Ahmedabad, Account #283551)",Broadband Performance,High,Angry,Pending,Ahmedabad,Gujarat,Mobile App,2026-04-02 01:01:01
TC-51601,Customer_732,user_732@telecom-domain.com,Wi-Fi range very weak and dropping,"Wi-Fi signal cuts out 5 meters away from router. Need dual-band router replacement. (Location: Kolkata, Account #837806)",Equipment / Router,Medium,Negative,Solved,Kolkata,West Bengal,Mobile App,2026-04-13 23:44:01
TC-97252,Customer_733,user_733@telecom-domain.com,Poor signal strength indoors,"Signal is extremely weak inside my home. Cannot make any voice calls or use mobile internet unless I step outside. (Location: Hyderabad, Account #365092)",Network Connectivity,Medium,Negative,Open,Hyderabad,Telangana,Customer Care Call,2026-06-18 14:45:01
TC-27262,Customer_734,user_734@telecom-domain.com,Daily FUP data quota exhausted instantly,"My 2GB daily data limit got exhausted at 10 AM without heavy usage. Metering system is inaccurate. (Location: Hyderabad, Account #754752)",Data / Usage Issue,Medium,Frustrated,Solved,Hyderabad,Telangana,Customer Care Call,2026-07-12 21:47:01
TC-28987,Customer_735,user_735@telecom-domain.com,Daily FUP data quota exhausted instantly,"My 2GB daily data limit got exhausted at 10 AM without heavy usage. Metering system is inaccurate. (Location: Mumbai, Account #396790)",Data / Usage Issue,Medium,Frustrated,Closed,Mumbai,Maharashtra,Branch Store,2026-05-04 23:25:01
TC-36807,Customer_736,user_736@telecom-domain.com,Request static IP allocation for home server,"Need static IPv4 address for remote access setup on my connection. (Location: Delhi, Account #448300)",Service Request,Low,Neutral,Pending,Delhi,Delhi,Email,2026-06-19 15:25:01
TC-51173,Customer_737,user_737@telecom-domain.com,Frequent internet disconnects every hour,"Broadband connection disconnects every 30 minutes while working from home. PON light on fiber ONT blinks red. (Location: Bengaluru, Account #325559)",Broadband Performance,High,Angry,Solved,Bengaluru,Karnataka,Branch Store,2026-04-02 09:11:01
TC-75390,Customer_738,user_738@telecom-domain.com,Very slow fiber broadband speed,"Subscribed to 300 Mbps fiber plan but getting only 5 Mbps download speed. Speed test ping is over 250ms. Extremely slow. (Location: Chandigarh, Account #618669)",Broadband Performance,High,Angry,Open,Chandigarh,Punjab,Branch Store,2026-03-02 16:21:01
TC-15212,Customer_739,user_739@telecom-domain.com,Auto-debit failure penalty wrongly applied,"Bank auto-debit succeeded on time but your system marked late payment fee ₹250. Please reverse penalty. (Location: Kolkata, Account #875537)",Billing Dispute,Medium,Negative,Open,Kolkata,West Bengal,Mobile App,2026-04-19 11:06:01
TC-72985,Customer_740,user_740@telecom-domain.com,Voice call drops within 30 seconds,"Almost every call drops automatically within 20 to 30 seconds. Unusable voice calling service. (Location: Kolkata, Account #791615)",Call Drops,High,Angry,Closed,Kolkata,West Bengal,Branch Store,2026-02-25 03:21:01
TC-11543,Customer_741,user_741@telecom-domain.com,Complete service outage in operational area,"Total breakdown of voice and data services across post office area. Business is severely impacted. (Location: Ahmedabad, Account #606389)",Service Outage,High,Angry,Closed,Ahmedabad,Gujarat,Web Portal,2026-05-23 04:39:01
TC-23081,Customer_742,user_742@telecom-domain.com,Call drops frequently while driving in city,"Call handoff between cell towers fails completely. Every call gets cut when moving between cell sectors. (Location: Hyderabad, Account #306171)",Call Drops,Medium,Negative,Open,Hyderabad,Telangana,Web Portal,2026-05-08 01:15:01
TC-52258,Customer_743,user_743@telecom-domain.com,Requesting MNP UPC port out code due to poor network,"Tired of frequent call drops and zero coverage. Want to port out my number to another operator immediately. (Location: Delhi, Account #796312)",Cancellation,High,Angry,Solved,Delhi,Delhi,Customer Care Call,2026-08-06 05:30:01
TC-38104,Customer_744,user_744@telecom-domain.com,Frequent internet disconnects every hour,"Broadband connection disconnects every 30 minutes while working from home. PON light on fiber ONT blinks red. (Location: Hyderabad, Account #623744)",Broadband Performance,High,Angry,Closed,Hyderabad,Telangana,Customer Care Call,2026-08-09 10:18:01
TC-70077,Customer_745,user_745@telecom-domain.com,Daily FUP data quota exhausted instantly,"My 2GB daily data limit got exhausted at 10 AM without heavy usage. Metering system is inaccurate. (Location: Bengaluru, Account #100972)",Data / Usage Issue,Medium,Frustrated,Pending,Bengaluru,Karnataka,Branch Store,2026-05-12 22:38:01
TC-70270,Customer_746,user_746@telecom-domain.com,Work order pending port availability issue,"Feeder box installation pending due to lack of spare fiber port. Need resolution. (Location: Chandigarh, Account #654221)",Installation,Medium,Negative,Solved,Chandigarh,Punjab,Web Portal,2026-06-23 13:47:01
TC-24437,Customer_747,user_747@telecom-domain.com,Security deposit refund not received after cancellation,"Cancelled my connection 45 days ago but ₹2,000 security deposit refund is still pending. Support promised 7 days. (Location: Jaipur, Account #287750)",Billing Dispute,High,Angry,Closed,Jaipur,Rajasthan,Mobile App,2026-02-25 14:11:01
TC-61628,Customer_748,user_748@telecom-domain.com,Network signal keeps dropping repeatedly,"Every time I travel through the electronic city corridor, signal completely dies for 15 minutes. Very unreliable network. (Location: Chandigarh, Account #391152)",Network Connectivity,High,Angry,Solved,Chandigarh,Punjab,Mobile App,2026-08-11 04:49:01
TC-55567,Customer_749,user_749@telecom-domain.com,Voice call drops within 30 seconds,"Almost every call drops automatically within 20 to 30 seconds. Unusable voice calling service. (Location: Mumbai, Account #561175)",Call Drops,High,Angry,Pending,Mumbai,Maharashtra,Branch Store,2026-07-29 06:25:01
TC-49405,Customer_750,user_750@telecom-domain.com,High latency and packet loss while working,"Experiencing 40% packet loss and high latency. Video calls on Zoom and Teams keep freezing constantly. (Location: Mumbai, Account #383221)",Broadband Performance,High,Negative,Closed,Mumbai,Maharashtra,Branch Store,2026-03-20 02:10:01
TC-30797,Customer_751,user_751@telecom-domain.com,Delayed fiber installation appointment,"Fiber installation was scheduled for yesterday 2 PM. Technician did not turn up and phone is switched off. (Location: Bengaluru, Account #548696)",Installation,High,Angry,Open,Bengaluru,Karnataka,Branch Store,2026-03-23 20:54:01
TC-18404,Customer_752,user_752@telecom-domain.com,Call disconnects continuously on VoLTE,"HD voice call quality is pathetic. Audio breaks up and call drops without warning during important business calls. (Location: Pune, Account #496593)",Call Drops,High,Angry,Closed,Pune,Maharashtra,Customer Care Call,2026-08-13 04:11:01
TC-53311,Customer_753,user_753@telecom-domain.com,SIM card showing no service,"My SIM suddenly stopped catching network signal. Checked on another phone, still says No Service. (Location: Delhi, Account #620129)",Network Connectivity,High,Angry,Open,Delhi,Delhi,Web Portal,2026-07-17 15:18:01
TC-23810,Customer_754,user_754@telecom-domain.com,Request static IP allocation for home server,"Need static IPv4 address for remote access setup on my connection. (Location: Chennai, Account #628149)",Service Request,Low,Neutral,Closed,Chennai,Tamil Nadu,Email,2026-06-11 17:50:01
TC-69462,Customer_755,user_755@telecom-domain.com,Data balance deducted without internet usage,"500MB data debited automatically overnight while mobile data switch was off. Please audit usage logs. (Location: Chennai, Account #720674)",Data / Usage Issue,Medium,Negative,Closed,Chennai,Tamil Nadu,Email,2026-07-28 19:44:01
TC-58229,Customer_756,user_756@telecom-domain.com,Auto-debit failure penalty wrongly applied,"Bank auto-debit succeeded on time but your system marked late payment fee ₹250. Please reverse penalty. (Location: Chennai, Account #585886)",Billing Dispute,Medium,Negative,Pending,Chennai,Tamil Nadu,Customer Care Call,2026-05-17 11:03:01
TC-31944,Customer_757,user_757@telecom-domain.com,Delayed fiber installation appointment,"Fiber installation was scheduled for yesterday 2 PM. Technician did not turn up and phone is switched off. (Location: Delhi, Account #592453)",Installation,High,Angry,Open,Delhi,Delhi,Branch Store,2026-06-22 21:07:01
TC-18027,Customer_758,user_758@telecom-domain.com,Pending broadband connection setup over 5 days,"Applied for new fiber connection 5 days ago. Payment completed but technician installation pending. (Location: Ahmedabad, Account #826662)",Installation,Medium,Frustrated,Pending,Ahmedabad,Gujarat,Mobile App,2026-08-08 08:30:01
TC-41192,Customer_759,user_759@telecom-domain.com,Call disconnects continuously on VoLTE,"HD voice call quality is pathetic. Audio breaks up and call drops without warning during important business calls. (Location: Chandigarh, Account #771775)",Call Drops,High,Angry,Pending,Chandigarh,Punjab,Mobile App,2026-08-17 19:52:01
TC-99811,Customer_760,user_760@telecom-domain.com,Call disconnects continuously on VoLTE,"HD voice call quality is pathetic. Audio breaks up and call drops without warning during important business calls. (Location: Chandigarh, Account #229739)",Call Drops,High,Angry,Pending,Chandigarh,Punjab,Email,2026-05-23 00:52:01
TC-69006,Customer_761,user_761@telecom-domain.com,Regional mobile tower power failure outage,"All mobile network connectivity is down in HSR Layout sector 2. Whole neighborhood affected. (Location: Ahmedabad, Account #633665)",Service Outage,High,Angry,Pending,Ahmedabad,Gujarat,Mobile App,2026-06-23 17:49:01
TC-64126,Customer_762,user_762@telecom-domain.com,Network signal keeps dropping repeatedly,"Every time I travel through the electronic city corridor, signal completely dies for 15 minutes. Very unreliable network. (Location: Chandigarh, Account #569134)",Network Connectivity,High,Angry,Solved,Chandigarh,Punjab,Branch Store,2026-07-31 12:07:01
TC-41064,Customer_763,user_763@telecom-domain.com,Data balance deducted without internet usage,"500MB data debited automatically overnight while mobile data switch was off. Please audit usage logs. (Location: Kolkata, Account #754545)",Data / Usage Issue,Medium,Negative,Closed,Kolkata,West Bengal,Branch Store,2026-07-06 19:06:01
TC-88643,Customer_764,user_764@telecom-domain.com,Regional mobile tower power failure outage,"All mobile network connectivity is down in HSR Layout sector 2. Whole neighborhood affected. (Location: Ahmedabad, Account #437629)",Service Outage,High,Angry,Solved,Ahmedabad,Gujarat,Web Portal,2026-06-22 10:19:01
TC-56589,Customer_765,user_765@telecom-domain.com,Poor signal strength indoors,"Signal is extremely weak inside my home. Cannot make any voice calls or use mobile internet unless I step outside. (Location: Hyderabad, Account #552928)",Network Connectivity,Medium,Negative,Closed,Hyderabad,Telangana,Email,2026-04-12 14:59:01
TC-40532,Customer_766,user_766@telecom-domain.com,Pending broadband connection setup over 5 days,"Applied for new fiber connection 5 days ago. Payment completed but technician installation pending. (Location: Delhi, Account #979232)",Installation,Medium,Frustrated,Closed,Delhi,Delhi,Web Portal,2026-04-26 11:12:01
TC-38687,Customer_767,user_767@telecom-domain.com,No network coverage in my area,"I have zero mobile signal since morning in my apartment. Emergency calls only showing on screen. Please fix this cellular network issue immediately. (Location: Pune, Account #249664)",Network Connectivity,High,Angry,Pending,Pune,Maharashtra,Mobile App,2026-08-05 05:45:01
TC-62035,Customer_768,user_768@telecom-domain.com,No resolution provided despite 5 calls,"Called customer care 5 times in 3 days. Promises callback every time but nobody calls back. (Location: Ahmedabad, Account #566837)",Customer Service,High,Angry,Solved,Ahmedabad,Gujarat,Mobile App,2026-04-23 14:43:01
TC-91691,Customer_769,user_769@telecom-domain.com,Call drops frequently while driving in city,"Call handoff between cell towers fails completely. Every call gets cut when moving between cell sectors. (Location: Jaipur, Account #418580)",Call Drops,Medium,Negative,Pending,Jaipur,Rajasthan,Mobile App,2026-04-27 03:42:01
TC-70887,Customer_770,user_770@telecom-domain.com,Security deposit refund not received after cancellation,"Cancelled my connection 45 days ago but ₹2,000 security deposit refund is still pending. Support promised 7 days. (Location: Hyderabad, Account #122799)",Billing Dispute,High,Angry,Closed,Hyderabad,Telangana,Branch Store,2026-05-10 12:30:01
TC-62532,Customer_771,user_771@telecom-domain.com,High latency and packet loss while working,"Experiencing 40% packet loss and high latency. Video calls on Zoom and Teams keep freezing constantly. (Location: Bengaluru, Account #246139)",Broadband Performance,High,Negative,Open,Bengaluru,Karnataka,Mobile App,2026-08-10 01:00:01
TC-21293,Customer_772,user_772@telecom-domain.com,Severe network outage in localized zone,"No broadband or cellular service available since last night heavy storm. Fiber cable seems damaged. (Location: Bengaluru, Account #422560)",Service Outage,High,Angry,Open,Bengaluru,Karnataka,Branch Store,2026-03-31 14:35:01
TC-50920,Customer_773,user_773@telecom-domain.com,Security deposit refund not received after cancellation,"Cancelled my connection 45 days ago but ₹2,000 security deposit refund is still pending. Support promised 7 days. (Location: Kolkata, Account #604796)",Billing Dispute,High,Angry,Solved,Kolkata,West Bengal,Customer Care Call,2026-08-13 15:59:01
TC-91868,Customer_774,user_774@telecom-domain.com,Misleading information given by call center,"Support executive promised bill adjustment within 24 hours but ticket was closed without action. (Location: Ahmedabad, Account #543567)",Customer Service,High,Angry,Open,Ahmedabad,Gujarat,Mobile App,2026-07-24 07:58:01
TC-37638,Customer_775,user_775@telecom-domain.com,High latency and packet loss while working,"Experiencing 40% packet loss and high latency. Video calls on Zoom and Teams keep freezing constantly. (Location: Mumbai, Account #882085)",Broadband Performance,High,Negative,Open,Mumbai,Maharashtra,Web Portal,2026-07-16 22:45:01
TC-27632,Customer_776,user_776@telecom-domain.com,Network signal keeps dropping repeatedly,"Every time I travel through the electronic city corridor, signal completely dies for 15 minutes. Very unreliable network. (Location: Chennai, Account #668157)",Network Connectivity,High,Angry,Closed,Chennai,Tamil Nadu,Mobile App,2026-03-31 01:23:01
TC-57480,Customer_777,user_777@telecom-domain.com,Voice call drops within 30 seconds,"Almost every call drops automatically within 20 to 30 seconds. Unusable voice calling service. (Location: Bengaluru, Account #115670)",Call Drops,High,Angry,Pending,Bengaluru,Karnataka,Branch Store,2026-05-13 09:09:01
TC-21236,Customer_778,user_778@telecom-domain.com,No resolution provided despite 5 calls,"Called customer care 5 times in 3 days. Promises callback every time but nobody calls back. (Location: Bengaluru, Account #443639)",Customer Service,High,Angry,Pending,Bengaluru,Karnataka,Web Portal,2026-05-05 03:40:01
TC-92951,Customer_779,user_779@telecom-domain.com,Work order pending port availability issue,"Feeder box installation pending due to lack of spare fiber port. Need resolution. (Location: Chandigarh, Account #272837)",Installation,Medium,Negative,Solved,Chandigarh,Punjab,Branch Store,2026-07-26 05:22:01
TC-36478,Customer_780,user_780@telecom-domain.com,Auto-debit failure penalty wrongly applied,"Bank auto-debit succeeded on time but your system marked late payment fee ₹250. Please reverse penalty. (Location: Kolkata, Account #312699)",Billing Dispute,Medium,Negative,Closed,Kolkata,West Bengal,Customer Care Call,2026-04-29 13:44:01
TC-74437,Customer_781,user_781@telecom-domain.com,Cancel broadband subscription connection,"Subscribed to another provider due to continuous outages. Please disconnect line and refund deposit. (Location: Pune, Account #476469)",Cancellation,High,Angry,Closed,Pune,Maharashtra,Customer Care Call,2026-02-20 08:39:01
TC-74044,Customer_782,user_782@telecom-domain.com,Wi-Fi range very weak and dropping,"Wi-Fi signal cuts out 5 meters away from router. Need dual-band router replacement. (Location: Hyderabad, Account #302930)",Equipment / Router,Medium,Negative,Closed,Hyderabad,Telangana,Mobile App,2026-04-08 03:09:01
TC-75059,Customer_783,user_783@telecom-domain.com,Unable to make outgoing calls,"Outgoing calls immediately get terminated with call ended error. Incoming calls work fine. (Location: Chennai, Account #454759)",Call Drops,High,Angry,Pending,Chennai,Tamil Nadu,Web Portal,2026-04-19 08:02:01
TC-57805,Customer_784,user_784@telecom-domain.com,Poor signal strength indoors,"Signal is extremely weak inside my home. Cannot make any voice calls or use mobile internet unless I step outside. (Location: Kolkata, Account #166057)",Network Connectivity,Medium,Negative,Closed,Kolkata,West Bengal,Email,2026-04-19 10:44:01
TC-75079,Customer_785,user_785@telecom-domain.com,SIM card showing no service,"My SIM suddenly stopped catching network signal. Checked on another phone, still says No Service. (Location: Chandigarh, Account #770444)",Network Connectivity,High,Angry,Open,Chandigarh,Punjab,Customer Care Call,2026-08-10 14:15:01
TC-40194,Customer_786,user_786@telecom-domain.com,Cancel broadband subscription connection,"Subscribed to another provider due to continuous outages. Please disconnect line and refund deposit. (Location: Kolkata, Account #560600)",Cancellation,High,Angry,Solved,Kolkata,West Bengal,Mobile App,2026-05-25 05:39:01
TC-34961,Customer_787,user_787@telecom-domain.com,Request to shift broadband to new address,"Moving to new apartment next week. Need connection relocation feasible check and schedule. (Location: Kolkata, Account #766729)",Service Request,Low,Neutral,Closed,Kolkata,West Bengal,Email,2026-05-29 20:10:01
TC-86598,Customer_788,user_788@telecom-domain.com,Pending broadband connection setup over 5 days,"Applied for new fiber connection 5 days ago. Payment completed but technician installation pending. (Location: Ahmedabad, Account #311894)",Installation,Medium,Frustrated,Closed,Ahmedabad,Gujarat,Email,2026-08-17 05:39:01
TC-43956,Customer_789,user_789@telecom-domain.com,Complete service outage in operational area,"Total breakdown of voice and data services across post office area. Business is severely impacted. (Location: Chennai, Account #389538)",Service Outage,High,Angry,Solved,Chennai,Tamil Nadu,Mobile App,2026-05-31 16:51:01
TC-85457,Customer_790,user_790@telecom-domain.com,Requesting MNP UPC port out code due to poor network,"Tired of frequent call drops and zero coverage. Want to port out my number to another operator immediately. (Location: Ahmedabad, Account #371173)",Cancellation,High,Angry,Closed,Ahmedabad,Gujarat,Email,2026-06-10 05:03:01
TC-89353,Customer_791,user_791@telecom-domain.com,Regional mobile tower power failure outage,"All mobile network connectivity is down in HSR Layout sector 2. Whole neighborhood affected. (Location: Bengaluru, Account #757042)",Service Outage,High,Angry,Pending,Bengaluru,Karnataka,Customer Care Call,2026-05-15 23:01:01
TC-60868,Customer_792,user_792@telecom-domain.com,Work order pending port availability issue,"Feeder box installation pending due to lack of spare fiber port. Need resolution. (Location: Jaipur, Account #452167)",Installation,Medium,Negative,Pending,Jaipur,Rajasthan,Branch Store,2026-04-12 06:37:01
TC-54850,Customer_793,user_793@telecom-domain.com,High latency and packet loss while working,"Experiencing 40% packet loss and high latency. Video calls on Zoom and Teams keep freezing constantly. (Location: Ahmedabad, Account #528813)",Broadband Performance,High,Negative,Pending,Ahmedabad,Gujarat,Customer Care Call,2026-06-29 06:37:01
TC-58097,Customer_794,user_794@telecom-domain.com,Voice call drops within 30 seconds,"Almost every call drops automatically within 20 to 30 seconds. Unusable voice calling service. (Location: Hyderabad, Account #226527)",Call Drops,High,Angry,Pending,Hyderabad,Telangana,Branch Store,2026-05-17 15:06:01
TC-89110,Customer_795,user_795@telecom-domain.com,Misleading information given by call center,"Support executive promised bill adjustment within 24 hours but ticket was closed without action. (Location: Jaipur, Account #545494)",Customer Service,High,Angry,Solved,Jaipur,Rajasthan,Web Portal,2026-05-03 00:55:01
TC-52875,Customer_796,user_796@telecom-domain.com,One-way audio issue during phone calls,"When people call me, they cannot hear my voice at all while I can hear them clearly. Terrible experience. (Location: Mumbai, Account #155147)",Call Drops,High,Frustrated,Open,Mumbai,Maharashtra,Web Portal,2026-06-17 04:14:01
TC-56405,Customer_797,user_797@telecom-domain.com,Plan upgrade request to Gigabit speed,"Want to upgrade existing 100 Mbps plan to 1 Gbps fiber plan. Please share pricing and process. (Location: Kolkata, Account #931770)",Service Request,Low,Positive,Solved,Kolkata,West Bengal,Branch Store,2026-03-07 14:08:01
TC-45334,Customer_798,user_798@telecom-domain.com,Data balance deducted without internet usage,"500MB data debited automatically overnight while mobile data switch was off. Please audit usage logs. (Location: Delhi, Account #736393)",Data / Usage Issue,Medium,Negative,Closed,Delhi,Delhi,Mobile App,2026-04-08 09:30:01
TC-20851,Customer_799,user_799@telecom-domain.com,Requesting MNP UPC port out code due to poor network,"Tired of frequent call drops and zero coverage. Want to port out my number to another operator immediately. (Location: Mumbai, Account #453903)",Cancellation,High,Angry,Pending,Mumbai,Maharashtra,Mobile App,2026-03-02 08:02:01
TC-80178,Customer_800,user_800@telecom-domain.com,Modem overheating and rebooting automatically,"Provided Wi-Fi router gets burning hot within 10 minutes and reboots continuously. (Location: Hyderabad, Account #478421)",Equipment / Router,High,Negative,Solved,Hyderabad,Telangana,Mobile App,2026-04-17 01:58:01
TC-29419,Customer_801,user_801@telecom-domain.com,Call disconnects continuously on VoLTE,"HD voice call quality is pathetic. Audio breaks up and call drops without warning during important business calls. (Location: Mumbai, Account #634436)",Call Drops,High,Angry,Solved,Mumbai,Maharashtra,Customer Care Call,2026-02-27 02:55:01
TC-65870,Customer_802,user_802@telecom-domain.com,Complete service outage in operational area,"Total breakdown of voice and data services across post office area. Business is severely impacted. (Location: Chennai, Account #504859)",Service Outage,High,Angry,Open,Chennai,Tamil Nadu,Branch Store,2026-04-20 22:42:01
TC-59529,Customer_803,user_803@telecom-domain.com,Auto-debit failure penalty wrongly applied,"Bank auto-debit succeeded on time but your system marked late payment fee ₹250. Please reverse penalty. (Location: Bengaluru, Account #817765)",Billing Dispute,Medium,Negative,Solved,Bengaluru,Karnataka,Mobile App,2026-03-22 20:25:01
TC-58159,Customer_804,user_804@telecom-domain.com,Incorrect plan billing amount charged,"Subscribed to ₹599 plan but bill generated is ₹1,199. High overcharge without explanation. (Location: Chandigarh, Account #371329)",Billing Dispute,Medium,Frustrated,Closed,Chandigarh,Punjab,Customer Care Call,2026-04-26 07:50:01
TC-21904,Customer_805,user_805@telecom-domain.com,Daily FUP data quota exhausted instantly,"My 2GB daily data limit got exhausted at 10 AM without heavy usage. Metering system is inaccurate. (Location: Kolkata, Account #336606)",Data / Usage Issue,Medium,Frustrated,Solved,Kolkata,West Bengal,Web Portal,2026-04-03 06:42:01
TC-19047,Customer_806,user_806@telecom-domain.com,High latency and packet loss while working,"Experiencing 40% packet loss and high latency. Video calls on Zoom and Teams keep freezing constantly. (Location: Chennai, Account #131759)",Broadband Performance,High,Negative,Open,Chennai,Tamil Nadu,Customer Care Call,2026-05-28 00:20:01
TC-30937,Customer_807,user_807@telecom-domain.com,SIM card showing no service,"My SIM suddenly stopped catching network signal. Checked on another phone, still says No Service. (Location: Pune, Account #349819)",Network Connectivity,High,Angry,Closed,Pune,Maharashtra,Mobile App,2026-04-27 04:19:01
TC-39855,Customer_808,user_808@telecom-domain.com,Requesting MNP UPC port out code due to poor network,"Tired of frequent call drops and zero coverage. Want to port out my number to another operator immediately. (Location: Pune, Account #981051)",Cancellation,High,Angry,Solved,Pune,Maharashtra,Web Portal,2026-08-18 12:27:01
TC-72635,Customer_809,user_809@telecom-domain.com,Pending broadband connection setup over 5 days,"Applied for new fiber connection 5 days ago. Payment completed but technician installation pending. (Location: Hyderabad, Account #307434)",Installation,Medium,Frustrated,Pending,Hyderabad,Telangana,Customer Care Call,2026-02-20 15:57:01
TC-50230,Customer_810,user_810@telecom-domain.com,Complete service outage in operational area,"Total breakdown of voice and data services across post office area. Business is severely impacted. (Location: Ahmedabad, Account #739635)",Service Outage,High,Angry,Solved,Ahmedabad,Gujarat,Customer Care Call,2026-07-25 15:33:01
TC-78709,Customer_811,user_811@telecom-domain.com,Faulty router Wi-Fi red light issue,"Router optical PON light turns solid red. No internet access on any Wi-Fi device. (Location: Mumbai, Account #380229)",Equipment / Router,High,Angry,Open,Mumbai,Maharashtra,Email,2026-06-24 00:59:01
TC-21174,Customer_812,user_812@telecom-domain.com,Cancel broadband subscription connection,"Subscribed to another provider due to continuous outages. Please disconnect line and refund deposit. (Location: Jaipur, Account #158972)",Cancellation,High,Angry,Pending,Jaipur,Rajasthan,Customer Care Call,2026-02-25 19:17:01
TC-87211,Customer_813,user_813@telecom-domain.com,Incorrect plan billing amount charged,"Subscribed to ₹599 plan but bill generated is ₹1,199. High overcharge without explanation. (Location: Jaipur, Account #368610)",Billing Dispute,Medium,Frustrated,Solved,Jaipur,Rajasthan,Branch Store,2026-07-21 18:25:01
TC-70490,Customer_814,user_814@telecom-domain.com,Network signal keeps dropping repeatedly,"Every time I travel through the electronic city corridor, signal completely dies for 15 minutes. Very unreliable network. (Location: Bengaluru, Account #657599)",Network Connectivity,High,Angry,Pending,Bengaluru,Karnataka,Branch Store,2026-06-25 17:10:01
TC-96961,Customer_815,user_815@telecom-domain.com,Daily FUP data quota exhausted instantly,"My 2GB daily data limit got exhausted at 10 AM without heavy usage. Metering system is inaccurate. (Location: Hyderabad, Account #974047)",Data / Usage Issue,Medium,Frustrated,Pending,Hyderabad,Telangana,Mobile App,2026-07-22 22:26:01
TC-80242,Customer_816,user_816@telecom-domain.com,Network signal keeps dropping repeatedly,"Every time I travel through the electronic city corridor, signal completely dies for 15 minutes. Very unreliable network. (Location: Delhi, Account #948856)",Network Connectivity,High,Angry,Closed,Delhi,Delhi,Branch Store,2026-05-23 05:58:01
TC-26971,Customer_817,user_817@telecom-domain.com,Pending broadband connection setup over 5 days,"Applied for new fiber connection 5 days ago. Payment completed but technician installation pending. (Location: Ahmedabad, Account #970276)",Installation,Medium,Frustrated,Solved,Ahmedabad,Gujarat,Branch Store,2026-03-17 18:38:01
TC-78220,Customer_818,user_818@telecom-domain.com,Requesting MNP UPC port out code due to poor network,"Tired of frequent call drops and zero coverage. Want to port out my number to another operator immediately. (Location: Bengaluru, Account #827877)",Cancellation,High,Angry,Solved,Bengaluru,Karnataka,Web Portal,2026-04-27 13:33:01
TC-62909,Customer_819,user_819@telecom-domain.com,Complete fiber optic broadband blackout,"Total internet and landline blackout across our entire apartment complex since 8 AM today. No response from helpline. (Location: Bengaluru, Account #443524)",Service Outage,High,Angry,Pending,Bengaluru,Karnataka,Email,2026-07-25 04:01:01
TC-12326,Customer_820,user_820@telecom-domain.com,Modem overheating and rebooting automatically,"Provided Wi-Fi router gets burning hot within 10 minutes and reboots continuously. (Location: Hyderabad, Account #419579)",Equipment / Router,High,Negative,Solved,Hyderabad,Telangana,Email,2026-04-05 09:29:01
TC-46622,Customer_821,user_821@telecom-domain.com,Complete fiber optic broadband blackout,"Total internet and landline blackout across our entire apartment complex since 8 AM today. No response from helpline. (Location: Mumbai, Account #309201)",Service Outage,High,Angry,Open,Mumbai,Maharashtra,Email,2026-04-15 10:06:01
TC-15594,Customer_822,user_822@telecom-domain.com,Rude customer care support agent behavior,"Customer service agent hung up the call on me while explaining my broadband issue. Worst support ever. (Location: Pune, Account #976387)",Customer Service,High,Angry,Closed,Pune,Maharashtra,Web Portal,2026-02-26 22:19:01
TC-14463,Customer_823,user_823@telecom-domain.com,Complete fiber optic broadband blackout,"Total internet and landline blackout across our entire apartment complex since 8 AM today. No response from helpline. (Location: Delhi, Account #214193)",Service Outage,High,Angry,Solved,Delhi,Delhi,Email,2026-03-11 20:38:01
TC-90074,Customer_824,user_824@telecom-domain.com,Regional mobile tower power failure outage,"All mobile network connectivity is down in HSR Layout sector 2. Whole neighborhood affected. (Location: Bengaluru, Account #389832)",Service Outage,High,Angry,Open,Bengaluru,Karnataka,Customer Care Call,2026-05-16 21:51:01
TC-23823,Customer_825,user_825@telecom-domain.com,No network coverage in my area,"I have zero mobile signal since morning in my apartment. Emergency calls only showing on screen. Please fix this cellular network issue immediately. (Location: Chandigarh, Account #893919)",Network Connectivity,High,Angry,Closed,Chandigarh,Punjab,Web Portal,2026-02-27 22:31:01
TC-90068,Customer_826,user_826@telecom-domain.com,Modem overheating and rebooting automatically,"Provided Wi-Fi router gets burning hot within 10 minutes and reboots continuously. (Location: Bengaluru, Account #864319)",Equipment / Router,High,Negative,Solved,Bengaluru,Karnataka,Email,2026-05-03 03:46:01
TC-69878,Customer_827,user_827@telecom-domain.com,Faulty router Wi-Fi red light issue,"Router optical PON light turns solid red. No internet access on any Wi-Fi device. (Location: Delhi, Account #994629)",Equipment / Router,High,Angry,Pending,Delhi,Delhi,Mobile App,2026-03-10 10:28:01
TC-94413,Customer_828,user_828@telecom-domain.com,Very slow fiber broadband speed,"Subscribed to 300 Mbps fiber plan but getting only 5 Mbps download speed. Speed test ping is over 250ms. Extremely slow. (Location: Ahmedabad, Account #853325)",Broadband Performance,High,Angry,Closed,Ahmedabad,Gujarat,Customer Care Call,2026-06-19 12:55:01
TC-46611,Customer_829,user_829@telecom-domain.com,Modem overheating and rebooting automatically,"Provided Wi-Fi router gets burning hot within 10 minutes and reboots continuously. (Location: Pune, Account #870074)",Equipment / Router,High,Negative,Closed,Pune,Maharashtra,Email,2026-05-30 09:08:01
TC-44833,Customer_830,user_830@telecom-domain.com,Rude customer care support agent behavior,"Customer service agent hung up the call on me while explaining my broadband issue. Worst support ever. (Location: Mumbai, Account #251963)",Customer Service,High,Angry,Pending,Mumbai,Maharashtra,Email,2026-04-21 12:46:01
TC-83662,Customer_831,user_831@telecom-domain.com,Requesting MNP UPC port out code due to poor network,"Tired of frequent call drops and zero coverage. Want to port out my number to another operator immediately. (Location: Pune, Account #730803)",Cancellation,High,Angry,Open,Pune,Maharashtra,Branch Store,2026-07-21 20:39:01
TC-80023,Customer_832,user_832@telecom-domain.com,Broadband speed throttling during peak hours,"Every evening between 7 PM and 11 PM speed drops below 2 Mbps. This is unacceptable service quality. (Location: Pune, Account #420640)",Broadband Performance,Medium,Frustrated,Open,Pune,Maharashtra,Customer Care Call,2026-06-26 23:07:01
TC-79261,Customer_833,user_833@telecom-domain.com,Requesting MNP UPC port out code due to poor network,"Tired of frequent call drops and zero coverage. Want to port out my number to another operator immediately. (Location: Jaipur, Account #552590)",Cancellation,High,Angry,Closed,Jaipur,Rajasthan,Branch Store,2026-06-27 07:21:01
TC-62693,Customer_834,user_834@telecom-domain.com,Broadband speed throttling during peak hours,"Every evening between 7 PM and 11 PM speed drops below 2 Mbps. This is unacceptable service quality. (Location: Chandigarh, Account #360192)",Broadband Performance,Medium,Frustrated,Open,Chandigarh,Punjab,Branch Store,2026-05-24 21:30:01
TC-57867,Customer_835,user_835@telecom-domain.com,Faulty router Wi-Fi red light issue,"Router optical PON light turns solid red. No internet access on any Wi-Fi device. (Location: Kolkata, Account #624463)",Equipment / Router,High,Angry,Closed,Kolkata,West Bengal,Customer Care Call,2026-08-02 01:29:01
TC-70201,Customer_836,user_836@telecom-domain.com,No network coverage in my area,"I have zero mobile signal since morning in my apartment. Emergency calls only showing on screen. Please fix this cellular network issue immediately. (Location: Kolkata, Account #473041)",Network Connectivity,High,Angry,Open,Kolkata,West Bengal,Web Portal,2026-04-08 04:22:01
TC-71820,Customer_837,user_837@telecom-domain.com,Terminate account service immediately,"Unsatisfied with customer service and frequent billing errors. Terminate my plan today. (Location: Mumbai, Account #801077)",Cancellation,High,Angry,Pending,Mumbai,Maharashtra,Mobile App,2026-04-26 14:03:01
TC-80223,Customer_838,user_838@telecom-domain.com,Plan upgrade request to Gigabit speed,"Want to upgrade existing 100 Mbps plan to 1 Gbps fiber plan. Please share pricing and process. (Location: Jaipur, Account #368590)",Service Request,Low,Positive,Solved,Jaipur,Rajasthan,Branch Store,2026-03-12 16:57:01
TC-85499,Customer_839,user_839@telecom-domain.com,No network coverage in my area,"I have zero mobile signal since morning in my apartment. Emergency calls only showing on screen. Please fix this cellular network issue immediately. (Location: Chandigarh, Account #187863)",Network Connectivity,High,Angry,Closed,Chandigarh,Punjab,Web Portal,2026-08-02 06:16:01
TC-36560,Customer_840,user_840@telecom-domain.com,Misleading information given by call center,"Support executive promised bill adjustment within 24 hours but ticket was closed without action. (Location: Hyderabad, Account #311814)",Customer Service,High,Angry,Solved,Hyderabad,Telangana,Branch Store,2026-05-22 01:05:01
TC-35075,Customer_841,user_841@telecom-domain.com,Very slow fiber broadband speed,"Subscribed to 300 Mbps fiber plan but getting only 5 Mbps download speed. Speed test ping is over 250ms. Extremely slow. (Location: Hyderabad, Account #729986)",Broadband Performance,High,Angry,Closed,Hyderabad,Telangana,Customer Care Call,2026-05-31 18:20:01
TC-23060,Customer_842,user_842@telecom-domain.com,Misleading information given by call center,"Support executive promised bill adjustment within 24 hours but ticket was closed without action. (Location: Jaipur, Account #349896)",Customer Service,High,Angry,Pending,Jaipur,Rajasthan,Email,2026-07-06 13:14:01
TC-75488,Customer_843,user_843@telecom-domain.com,Plan upgrade request to Gigabit speed,"Want to upgrade existing 100 Mbps plan to 1 Gbps fiber plan. Please share pricing and process. (Location: Pune, Account #239716)",Service Request,Low,Positive,Closed,Pune,Maharashtra,Email,2026-05-02 16:32:01
TC-93751,Customer_844,user_844@telecom-domain.com,Complete fiber optic broadband blackout,"Total internet and landline blackout across our entire apartment complex since 8 AM today. No response from helpline. (Location: Chennai, Account #594018)",Service Outage,High,Angry,Open,Chennai,Tamil Nadu,Mobile App,2026-04-11 03:56:01
TC-57949,Customer_845,user_845@telecom-domain.com,Work order pending port availability issue,"Feeder box installation pending due to lack of spare fiber port. Need resolution. (Location: Kolkata, Account #550691)",Installation,Medium,Negative,Closed,Kolkata,West Bengal,Customer Care Call,2026-04-29 05:01:01
TC-50753,Customer_846,user_846@telecom-domain.com,Broadband speed throttling during peak hours,"Every evening between 7 PM and 11 PM speed drops below 2 Mbps. This is unacceptable service quality. (Location: Hyderabad, Account #628972)",Broadband Performance,Medium,Frustrated,Solved,Hyderabad,Telangana,Web Portal,2026-07-16 07:52:01
TC-81912,Customer_847,user_847@telecom-domain.com,Cancel broadband subscription connection,"Subscribed to another provider due to continuous outages. Please disconnect line and refund deposit. (Location: Bengaluru, Account #255453)",Cancellation,High,Angry,Closed,Bengaluru,Karnataka,Email,2026-05-06 03:20:01
TC-72528,Customer_848,user_848@telecom-domain.com,SIM card showing no service,"My SIM suddenly stopped catching network signal. Checked on another phone, still says No Service. (Location: Chandigarh, Account #253531)",Network Connectivity,High,Angry,Open,Chandigarh,Punjab,Customer Care Call,2026-03-28 18:51:01
TC-51727,Customer_849,user_849@telecom-domain.com,Data speed throttled to 64 Kbps incorrectly,"High speed data quota shows 50% balance in app but speed is throttled to unusable 64 Kbps. (Location: Pune, Account #197737)",Data / Usage Issue,High,Negative,Solved,Pune,Maharashtra,Email,2026-07-20 21:50:01
TC-62933,Customer_850,user_850@telecom-domain.com,Regional mobile tower power failure outage,"All mobile network connectivity is down in HSR Layout sector 2. Whole neighborhood affected. (Location: Kolkata, Account #828459)",Service Outage,High,Angry,Closed,Kolkata,West Bengal,Email,2026-08-10 06:37:01
TC-80220,Customer_851,user_851@telecom-domain.com,Daily FUP data quota exhausted instantly,"My 2GB daily data limit got exhausted at 10 AM without heavy usage. Metering system is inaccurate. (Location: Kolkata, Account #214558)",Data / Usage Issue,Medium,Frustrated,Pending,Kolkata,West Bengal,Customer Care Call,2026-03-01 15:10:01
TC-26577,Customer_852,user_852@telecom-domain.com,Regional mobile tower power failure outage,"All mobile network connectivity is down in HSR Layout sector 2. Whole neighborhood affected. (Location: Bengaluru, Account #880442)",Service Outage,High,Angry,Solved,Bengaluru,Karnataka,Branch Store,2026-04-02 21:37:01
TC-64240,Customer_853,user_853@telecom-domain.com,Request static IP allocation for home server,"Need static IPv4 address for remote access setup on my connection. (Location: Chennai, Account #843196)",Service Request,Low,Neutral,Pending,Chennai,Tamil Nadu,Customer Care Call,2026-04-12 09:19:01
TC-54610,Customer_854,user_854@telecom-domain.com,Data speed throttled to 64 Kbps incorrectly,"High speed data quota shows 50% balance in app but speed is throttled to unusable 64 Kbps. (Location: Mumbai, Account #125939)",Data / Usage Issue,High,Negative,Closed,Mumbai,Maharashtra,Email,2026-05-19 23:08:01
TC-78511,Customer_855,user_855@telecom-domain.com,Pending broadband connection setup over 5 days,"Applied for new fiber connection 5 days ago. Payment completed but technician installation pending. (Location: Chennai, Account #171158)",Installation,Medium,Frustrated,Pending,Chennai,Tamil Nadu,Mobile App,2026-07-06 06:24:01
TC-78902,Customer_856,user_856@telecom-domain.com,Unable to make outgoing calls,"Outgoing calls immediately get terminated with call ended error. Incoming calls work fine. (Location: Kolkata, Account #320300)",Call Drops,High,Angry,Closed,Kolkata,West Bengal,Customer Care Call,2026-04-21 06:37:01
TC-35610,Customer_857,user_857@telecom-domain.com,Request to shift broadband to new address,"Moving to new apartment next week. Need connection relocation feasible check and schedule. (Location: Pune, Account #885584)",Service Request,Low,Neutral,Solved,Pune,Maharashtra,Mobile App,2026-03-09 23:35:01
TC-44658,Customer_858,user_858@telecom-domain.com,Wi-Fi range very weak and dropping,"Wi-Fi signal cuts out 5 meters away from router. Need dual-band router replacement. (Location: Kolkata, Account #555508)",Equipment / Router,Medium,Negative,Pending,Kolkata,West Bengal,Web Portal,2026-08-11 12:23:01
TC-74398,Customer_859,user_859@telecom-domain.com,Security deposit refund not received after cancellation,"Cancelled my connection 45 days ago but ₹2,000 security deposit refund is still pending. Support promised 7 days. (Location: Ahmedabad, Account #258839)",Billing Dispute,High,Angry,Open,Ahmedabad,Gujarat,Web Portal,2026-06-01 13:36:01
TC-28040,Customer_860,user_860@telecom-domain.com,Misleading information given by call center,"Support executive promised bill adjustment within 24 hours but ticket was closed without action. (Location: Kolkata, Account #483235)",Customer Service,High,Angry,Pending,Kolkata,West Bengal,Email,2026-07-17 00:13:01
TC-23568,Customer_861,user_861@telecom-domain.com,Daily FUP data quota exhausted instantly,"My 2GB daily data limit got exhausted at 10 AM without heavy usage. Metering system is inaccurate. (Location: Kolkata, Account #602201)",Data / Usage Issue,Medium,Frustrated,Solved,Kolkata,West Bengal,Customer Care Call,2026-07-03 13:22:01
TC-42306,Customer_862,user_862@telecom-domain.com,No network coverage in my area,"I have zero mobile signal since morning in my apartment. Emergency calls only showing on screen. Please fix this cellular network issue immediately. (Location: Hyderabad, Account #374397)",Network Connectivity,High,Angry,Solved,Hyderabad,Telangana,Email,2026-03-22 07:08:01
TC-32687,Customer_863,user_863@telecom-domain.com,Faulty router Wi-Fi red light issue,"Router optical PON light turns solid red. No internet access on any Wi-Fi device. (Location: Chennai, Account #747522)",Equipment / Router,High,Angry,Solved,Chennai,Tamil Nadu,Mobile App,2026-07-24 15:18:01
TC-46377,Customer_864,user_864@telecom-domain.com,Delayed fiber installation appointment,"Fiber installation was scheduled for yesterday 2 PM. Technician did not turn up and phone is switched off. (Location: Chandigarh, Account #784829)",Installation,High,Angry,Solved,Chandigarh,Punjab,Web Portal,2026-03-08 03:12:01
TC-52928,Customer_865,user_865@telecom-domain.com,Complete service outage in operational area,"Total breakdown of voice and data services across post office area. Business is severely impacted. (Location: Mumbai, Account #780739)",Service Outage,High,Angry,Solved,Mumbai,Maharashtra,Email,2026-05-10 17:51:01
TC-52185,Customer_866,user_866@telecom-domain.com,Broadband speed throttling during peak hours,"Every evening between 7 PM and 11 PM speed drops below 2 Mbps. This is unacceptable service quality. (Location: Chandigarh, Account #781598)",Broadband Performance,Medium,Frustrated,Open,Chandigarh,Punjab,Mobile App,2026-02-22 04:28:01
TC-72611,Customer_867,user_867@telecom-domain.com,Faulty router Wi-Fi red light issue,"Router optical PON light turns solid red. No internet access on any Wi-Fi device. (Location: Ahmedabad, Account #900956)",Equipment / Router,High,Angry,Solved,Ahmedabad,Gujarat,Mobile App,2026-04-19 19:44:01
TC-32352,Customer_868,user_868@telecom-domain.com,Pending broadband connection setup over 5 days,"Applied for new fiber connection 5 days ago. Payment completed but technician installation pending. (Location: Ahmedabad, Account #444138)",Installation,Medium,Frustrated,Pending,Ahmedabad,Gujarat,Email,2026-07-09 10:57:01
TC-80431,Customer_869,user_869@telecom-domain.com,Modem overheating and rebooting automatically,"Provided Wi-Fi router gets burning hot within 10 minutes and reboots continuously. (Location: Bengaluru, Account #744734)",Equipment / Router,High,Negative,Open,Bengaluru,Karnataka,Mobile App,2026-08-13 08:04:01
TC-81940,Customer_870,user_870@telecom-domain.com,Daily FUP data quota exhausted instantly,"My 2GB daily data limit got exhausted at 10 AM without heavy usage. Metering system is inaccurate. (Location: Pune, Account #162816)",Data / Usage Issue,Medium,Frustrated,Open,Pune,Maharashtra,Branch Store,2026-06-19 04:24:01
TC-39856,Customer_871,user_871@telecom-domain.com,Data balance deducted without internet usage,"500MB data debited automatically overnight while mobile data switch was off. Please audit usage logs. (Location: Hyderabad, Account #380400)",Data / Usage Issue,Medium,Negative,Closed,Hyderabad,Telangana,Email,2026-04-09 15:39:01
TC-35075,Customer_872,user_872@telecom-domain.com,Requesting MNP UPC port out code due to poor network,"Tired of frequent call drops and zero coverage. Want to port out my number to another operator immediately. (Location: Delhi, Account #900741)",Cancellation,High,Angry,Solved,Delhi,Delhi,Web Portal,2026-05-30 06:45:01
TC-69701,Customer_873,user_873@telecom-domain.com,Data speed throttled to 64 Kbps incorrectly,"High speed data quota shows 50% balance in app but speed is throttled to unusable 64 Kbps. (Location: Chennai, Account #224985)",Data / Usage Issue,High,Negative,Pending,Chennai,Tamil Nadu,Branch Store,2026-03-19 10:26:01
TC-55583,Customer_874,user_874@telecom-domain.com,Wi-Fi range very weak and dropping,"Wi-Fi signal cuts out 5 meters away from router. Need dual-band router replacement. (Location: Delhi, Account #817732)",Equipment / Router,Medium,Negative,Pending,Delhi,Delhi,Web Portal,2026-04-04 17:42:01
TC-13347,Customer_875,user_875@telecom-domain.com,Rude customer care support agent behavior,"Customer service agent hung up the call on me while explaining my broadband issue. Worst support ever. (Location: Pune, Account #179076)",Customer Service,High,Angry,Closed,Pune,Maharashtra,Branch Store,2026-04-12 07:36:01
TC-37900,Customer_876,user_876@telecom-domain.com,Data balance deducted without internet usage,"500MB data debited automatically overnight while mobile data switch was off. Please audit usage logs. (Location: Mumbai, Account #688978)",Data / Usage Issue,Medium,Negative,Closed,Mumbai,Maharashtra,Customer Care Call,2026-04-13 08:25:01
TC-70702,Customer_877,user_877@telecom-domain.com,Terminate account service immediately,"Unsatisfied with customer service and frequent billing errors. Terminate my plan today. (Location: Mumbai, Account #928595)",Cancellation,High,Angry,Closed,Mumbai,Maharashtra,Customer Care Call,2026-03-15 08:43:01
TC-70584,Customer_878,user_878@telecom-domain.com,Rude customer care support agent behavior,"Customer service agent hung up the call on me while explaining my broadband issue. Worst support ever. (Location: Chandigarh, Account #410910)",Customer Service,High,Angry,Pending,Chandigarh,Punjab,Web Portal,2026-03-26 22:26:01
TC-96204,Customer_879,user_879@telecom-domain.com,Complete service outage in operational area,"Total breakdown of voice and data services across post office area. Business is severely impacted. (Location: Bengaluru, Account #708429)",Service Outage,High,Angry,Solved,Bengaluru,Karnataka,Branch Store,2026-07-27 21:31:01
TC-11300,Customer_880,user_880@telecom-domain.com,Modem overheating and rebooting automatically,"Provided Wi-Fi router gets burning hot within 10 minutes and reboots continuously. (Location: Hyderabad, Account #550998)",Equipment / Router,High,Negative,Pending,Hyderabad,Telangana,Email,2026-07-03 21:38:01
TC-89215,Customer_881,user_881@telecom-domain.com,Faulty router Wi-Fi red light issue,"Router optical PON light turns solid red. No internet access on any Wi-Fi device. (Location: Ahmedabad, Account #140997)",Equipment / Router,High,Angry,Open,Ahmedabad,Gujarat,Customer Care Call,2026-03-30 17:48:01
TC-66045,Customer_882,user_882@telecom-domain.com,Severe network outage in localized zone,"No broadband or cellular service available since last night heavy storm. Fiber cable seems damaged. (Location: Pune, Account #284278)",Service Outage,High,Angry,Pending,Pune,Maharashtra,Mobile App,2026-05-10 20:22:01
TC-50165,Customer_883,user_883@telecom-domain.com,Incorrect plan billing amount charged,"Subscribed to ₹599 plan but bill generated is ₹1,199. High overcharge without explanation. (Location: Kolkata, Account #248577)",Billing Dispute,Medium,Frustrated,Closed,Kolkata,West Bengal,Email,2026-06-28 13:11:01
TC-31362,Customer_884,user_884@telecom-domain.com,Wi-Fi range very weak and dropping,"Wi-Fi signal cuts out 5 meters away from router. Need dual-band router replacement. (Location: Jaipur, Account #945055)",Equipment / Router,Medium,Negative,Pending,Jaipur,Rajasthan,Email,2026-08-17 13:21:01
TC-10837,Customer_885,user_885@telecom-domain.com,Request to shift broadband to new address,"Moving to new apartment next week. Need connection relocation feasible check and schedule. (Location: Mumbai, Account #985579)",Service Request,Low,Neutral,Open,Mumbai,Maharashtra,Mobile App,2026-05-14 16:06:01
TC-33369,Customer_886,user_886@telecom-domain.com,Voice call drops within 30 seconds,"Almost every call drops automatically within 20 to 30 seconds. Unusable voice calling service. (Location: Pune, Account #657980)",Call Drops,High,Angry,Solved,Pune,Maharashtra,Mobile App,2026-04-20 13:50:01
TC-57996,Customer_887,user_887@telecom-domain.com,Unauthorized Value Added Service (VAS) charged,"My bill includes ₹299 for international roaming VAS which I never subscribed or activated. Deduct this immediately. (Location: Mumbai, Account #407764)",Billing Dispute,High,Angry,Solved,Mumbai,Maharashtra,Branch Store,2026-04-12 15:28:01
TC-71036,Customer_888,user_888@telecom-domain.com,Request static IP allocation for home server,"Need static IPv4 address for remote access setup on my connection. (Location: Kolkata, Account #678434)",Service Request,Low,Neutral,Solved,Kolkata,West Bengal,Email,2026-06-10 16:07:01
TC-37317,Customer_889,user_889@telecom-domain.com,Complete fiber optic broadband blackout,"Total internet and landline blackout across our entire apartment complex since 8 AM today. No response from helpline. (Location: Jaipur, Account #469060)",Service Outage,High,Angry,Solved,Jaipur,Rajasthan,Mobile App,2026-03-16 02:28:01
TC-35188,Customer_890,user_890@telecom-domain.com,Request static IP allocation for home server,"Need static IPv4 address for remote access setup on my connection. (Location: Bengaluru, Account #663473)",Service Request,Low,Neutral,Solved,Bengaluru,Karnataka,Customer Care Call,2026-04-09 21:50:01
TC-15576,Customer_891,user_891@telecom-domain.com,International roaming data pack not working,"Purchased 5GB roaming data pack for international travel but roaming data is not activating. (Location: Bengaluru, Account #266783)",Data / Usage Issue,High,Angry,Open,Bengaluru,Karnataka,Mobile App,2026-03-17 15:02:01
TC-65459,Customer_892,user_892@telecom-domain.com,Modem overheating and rebooting automatically,"Provided Wi-Fi router gets burning hot within 10 minutes and reboots continuously. (Location: Chandigarh, Account #324708)",Equipment / Router,High,Negative,Closed,Chandigarh,Punjab,Email,2026-06-30 10:15:01
TC-46904,Customer_893,user_893@telecom-domain.com,Complete service outage in operational area,"Total breakdown of voice and data services across post office area. Business is severely impacted. (Location: Mumbai, Account #868853)",Service Outage,High,Angry,Closed,Mumbai,Maharashtra,Web Portal,2026-04-22 13:51:01
TC-72432,Customer_894,user_894@telecom-domain.com,Voice call drops within 30 seconds,"Almost every call drops automatically within 20 to 30 seconds. Unusable voice calling service. (Location: Chandigarh, Account #147515)",Call Drops,High,Angry,Pending,Chandigarh,Punjab,Email,2026-04-15 15:34:01
TC-19948,Customer_895,user_895@telecom-domain.com,Data speed throttled to 64 Kbps incorrectly,"High speed data quota shows 50% balance in app but speed is throttled to unusable 64 Kbps. (Location: Bengaluru, Account #315982)",Data / Usage Issue,High,Negative,Open,Bengaluru,Karnataka,Customer Care Call,2026-04-13 02:27:01
TC-48715,Customer_896,user_896@telecom-domain.com,Unauthorized Value Added Service (VAS) charged,"My bill includes ₹299 for international roaming VAS which I never subscribed or activated. Deduct this immediately. (Location: Pune, Account #700235)",Billing Dispute,High,Angry,Pending,Pune,Maharashtra,Branch Store,2026-06-29 11:18:01
TC-56460,Customer_897,user_897@telecom-domain.com,Request to shift broadband to new address,"Moving to new apartment next week. Need connection relocation feasible check and schedule. (Location: Mumbai, Account #388694)",Service Request,Low,Neutral,Pending,Mumbai,Maharashtra,Web Portal,2026-02-22 14:04:01
TC-62432,Customer_898,user_898@telecom-domain.com,High latency and packet loss while working,"Experiencing 40% packet loss and high latency. Video calls on Zoom and Teams keep freezing constantly. (Location: Chandigarh, Account #602187)",Broadband Performance,High,Negative,Solved,Chandigarh,Punjab,Customer Care Call,2026-05-24 21:06:01
TC-35361,Customer_899,user_899@telecom-domain.com,Work order pending port availability issue,"Feeder box installation pending due to lack of spare fiber port. Need resolution. (Location: Jaipur, Account #439666)",Installation,Medium,Negative,Closed,Jaipur,Rajasthan,Mobile App,2026-04-23 09:48:01
TC-48682,Customer_900,user_900@telecom-domain.com,Wi-Fi range very weak and dropping,"Wi-Fi signal cuts out 5 meters away from router. Need dual-band router replacement. (Location: Delhi, Account #176709)",Equipment / Router,Medium,Negative,Solved,Delhi,Delhi,Branch Store,2026-05-22 12:53:01
TC-78019,Customer_901,user_901@telecom-domain.com,Request static IP allocation for home server,"Need static IPv4 address for remote access setup on my connection. (Location: Mumbai, Account #988449)",Service Request,Low,Neutral,Pending,Mumbai,Maharashtra,Web Portal,2026-04-25 09:06:01
TC-41781,Customer_902,user_902@telecom-domain.com,Wi-Fi range very weak and dropping,"Wi-Fi signal cuts out 5 meters away from router. Need dual-band router replacement. (Location: Bengaluru, Account #389775)",Equipment / Router,Medium,Negative,Open,Bengaluru,Karnataka,Customer Care Call,2026-03-19 13:01:01
TC-97246,Customer_903,user_903@telecom-domain.com,Plan upgrade request to Gigabit speed,"Want to upgrade existing 100 Mbps plan to 1 Gbps fiber plan. Please share pricing and process. (Location: Pune, Account #260846)",Service Request,Low,Positive,Closed,Pune,Maharashtra,Branch Store,2026-04-08 16:08:01
TC-15750,Customer_904,user_904@telecom-domain.com,No resolution provided despite 5 calls,"Called customer care 5 times in 3 days. Promises callback every time but nobody calls back. (Location: Jaipur, Account #594818)",Customer Service,High,Angry,Open,Jaipur,Rajasthan,Web Portal,2026-03-27 07:30:01
TC-38977,Customer_905,user_905@telecom-domain.com,Security deposit refund not received after cancellation,"Cancelled my connection 45 days ago but ₹2,000 security deposit refund is still pending. Support promised 7 days. (Location: Jaipur, Account #142671)",Billing Dispute,High,Angry,Closed,Jaipur,Rajasthan,Branch Store,2026-05-09 12:50:01
TC-12970,Customer_906,user_906@telecom-domain.com,Rude customer care support agent behavior,"Customer service agent hung up the call on me while explaining my broadband issue. Worst support ever. (Location: Mumbai, Account #141313)",Customer Service,High,Angry,Closed,Mumbai,Maharashtra,Email,2026-04-09 08:22:01
TC-21607,Customer_907,user_907@telecom-domain.com,Request to shift broadband to new address,"Moving to new apartment next week. Need connection relocation feasible check and schedule. (Location: Pune, Account #674123)",Service Request,Low,Neutral,Pending,Pune,Maharashtra,Customer Care Call,2026-07-19 14:05:01
TC-95739,Customer_908,user_908@telecom-domain.com,Plan upgrade request to Gigabit speed,"Want to upgrade existing 100 Mbps plan to 1 Gbps fiber plan. Please share pricing and process. (Location: Pune, Account #467534)",Service Request,Low,Positive,Pending,Pune,Maharashtra,Customer Care Call,2026-06-02 01:38:01
TC-26792,Customer_909,user_909@telecom-domain.com,One-way audio issue during phone calls,"When people call me, they cannot hear my voice at all while I can hear them clearly. Terrible experience. (Location: Hyderabad, Account #628198)",Call Drops,High,Frustrated,Pending,Hyderabad,Telangana,Web Portal,2026-06-08 06:05:01
TC-89361,Customer_910,user_910@telecom-domain.com,Rude customer care support agent behavior,"Customer service agent hung up the call on me while explaining my broadband issue. Worst support ever. (Location: Hyderabad, Account #627315)",Customer Service,High,Angry,Pending,Hyderabad,Telangana,Customer Care Call,2026-08-04 05:36:01
TC-40530,Customer_911,user_911@telecom-domain.com,Regional mobile tower power failure outage,"All mobile network connectivity is down in HSR Layout sector 2. Whole neighborhood affected. (Location: Ahmedabad, Account #634257)",Service Outage,High,Angry,Solved,Ahmedabad,Gujarat,Branch Store,2026-04-02 16:47:01
TC-70378,Customer_912,user_912@telecom-domain.com,Modem overheating and rebooting automatically,"Provided Wi-Fi router gets burning hot within 10 minutes and reboots continuously. (Location: Hyderabad, Account #398548)",Equipment / Router,High,Negative,Open,Hyderabad,Telangana,Web Portal,2026-02-20 13:50:01
TC-18443,Customer_913,user_913@telecom-domain.com,Rude customer care support agent behavior,"Customer service agent hung up the call on me while explaining my broadband issue. Worst support ever. (Location: Hyderabad, Account #990375)",Customer Service,High,Angry,Open,Hyderabad,Telangana,Web Portal,2026-04-05 05:15:01
TC-28424,Customer_914,user_914@telecom-domain.com,Complete service outage in operational area,"Total breakdown of voice and data services across post office area. Business is severely impacted. (Location: Delhi, Account #456005)",Service Outage,High,Angry,Solved,Delhi,Delhi,Customer Care Call,2026-07-10 18:41:01
TC-52205,Customer_915,user_915@telecom-domain.com,Requesting MNP UPC port out code due to poor network,"Tired of frequent call drops and zero coverage. Want to port out my number to another operator immediately. (Location: Chennai, Account #481666)",Cancellation,High,Angry,Solved,Chennai,Tamil Nadu,Mobile App,2026-02-24 12:44:01
TC-69490,Customer_916,user_916@telecom-domain.com,Data speed throttled to 64 Kbps incorrectly,"High speed data quota shows 50% balance in app but speed is throttled to unusable 64 Kbps. (Location: Kolkata, Account #763808)",Data / Usage Issue,High,Negative,Closed,Kolkata,West Bengal,Mobile App,2026-05-26 12:18:01
TC-63661,Customer_917,user_917@telecom-domain.com,Double charge on monthly broadband bill,"I was charged twice ₹1,499 for the current month bill. Money deducted twice from credit card but status shows pending. (Location: Hyderabad, Account #880163)",Billing Dispute,High,Angry,Open,Hyderabad,Telangana,Mobile App,2026-08-15 06:02:01
TC-97144,Customer_918,user_918@telecom-domain.com,Regional mobile tower power failure outage,"All mobile network connectivity is down in HSR Layout sector 2. Whole neighborhood affected. (Location: Bengaluru, Account #534715)",Service Outage,High,Angry,Open,Bengaluru,Karnataka,Mobile App,2026-03-16 03:10:01
TC-19969,Customer_919,user_919@telecom-domain.com,Auto-debit failure penalty wrongly applied,"Bank auto-debit succeeded on time but your system marked late payment fee ₹250. Please reverse penalty. (Location: Chennai, Account #402994)",Billing Dispute,Medium,Negative,Closed,Chennai,Tamil Nadu,Branch Store,2026-06-20 17:21:01
TC-16268,Customer_920,user_920@telecom-domain.com,Daily FUP data quota exhausted instantly,"My 2GB daily data limit got exhausted at 10 AM without heavy usage. Metering system is inaccurate. (Location: Kolkata, Account #831504)",Data / Usage Issue,Medium,Frustrated,Closed,Kolkata,West Bengal,Customer Care Call,2026-07-02 15:19:01
TC-54316,Customer_921,user_921@telecom-domain.com,Data balance deducted without internet usage,"500MB data debited automatically overnight while mobile data switch was off. Please audit usage logs. (Location: Hyderabad, Account #878255)",Data / Usage Issue,Medium,Negative,Open,Hyderabad,Telangana,Branch Store,2026-05-16 20:48:01
TC-28660,Customer_922,user_922@telecom-domain.com,Requesting MNP UPC port out code due to poor network,"Tired of frequent call drops and zero coverage. Want to port out my number to another operator immediately. (Location: Chandigarh, Account #220693)",Cancellation,High,Angry,Closed,Chandigarh,Punjab,Web Portal,2026-03-19 09:53:01
TC-58809,Customer_923,user_923@telecom-domain.com,Delayed fiber installation appointment,"Fiber installation was scheduled for yesterday 2 PM. Technician did not turn up and phone is switched off. (Location: Jaipur, Account #961660)",Installation,High,Angry,Pending,Jaipur,Rajasthan,Mobile App,2026-05-27 11:00:01
TC-41179,Customer_924,user_924@telecom-domain.com,Daily FUP data quota exhausted instantly,"My 2GB daily data limit got exhausted at 10 AM without heavy usage. Metering system is inaccurate. (Location: Delhi, Account #960358)",Data / Usage Issue,Medium,Frustrated,Open,Delhi,Delhi,Mobile App,2026-03-04 06:26:01
TC-99188,Customer_925,user_925@telecom-domain.com,Wi-Fi range very weak and dropping,"Wi-Fi signal cuts out 5 meters away from router. Need dual-band router replacement. (Location: Ahmedabad, Account #962562)",Equipment / Router,Medium,Negative,Closed,Ahmedabad,Gujarat,Mobile App,2026-02-20 04:17:01
TC-54478,Customer_926,user_926@telecom-domain.com,High latency and packet loss while working,"Experiencing 40% packet loss and high latency. Video calls on Zoom and Teams keep freezing constantly. (Location: Ahmedabad, Account #118312)",Broadband Performance,High,Negative,Pending,Ahmedabad,Gujarat,Customer Care Call,2026-07-27 22:15:01
TC-52863,Customer_927,user_927@telecom-domain.com,Severe network outage in localized zone,"No broadband or cellular service available since last night heavy storm. Fiber cable seems damaged. (Location: Jaipur, Account #556113)",Service Outage,High,Angry,Pending,Jaipur,Rajasthan,Customer Care Call,2026-07-27 06:29:01
TC-99844,Customer_928,user_928@telecom-domain.com,Unable to make outgoing calls,"Outgoing calls immediately get terminated with call ended error. Incoming calls work fine. (Location: Delhi, Account #580367)",Call Drops,High,Angry,Open,Delhi,Delhi,Email,2026-06-23 20:18:01
TC-49738,Customer_929,user_929@telecom-domain.com,Very slow fiber broadband speed,"Subscribed to 300 Mbps fiber plan but getting only 5 Mbps download speed. Speed test ping is over 250ms. Extremely slow. (Location: Bengaluru, Account #146930)",Broadband Performance,High,Angry,Solved,Bengaluru,Karnataka,Email,2026-07-10 09:25:01
TC-13882,Customer_930,user_930@telecom-domain.com,Complete service outage in operational area,"Total breakdown of voice and data services across post office area. Business is severely impacted. (Location: Bengaluru, Account #627310)",Service Outage,High,Angry,Open,Bengaluru,Karnataka,Email,2026-06-04 05:01:01
TC-85336,Customer_931,user_931@telecom-domain.com,Request static IP allocation for home server,"Need static IPv4 address for remote access setup on my connection. (Location: Bengaluru, Account #206635)",Service Request,Low,Neutral,Closed,Bengaluru,Karnataka,Email,2026-03-19 19:10:01
TC-55384,Customer_932,user_932@telecom-domain.com,Data speed throttled to 64 Kbps incorrectly,"High speed data quota shows 50% balance in app but speed is throttled to unusable 64 Kbps. (Location: Ahmedabad, Account #196914)",Data / Usage Issue,High,Negative,Pending,Ahmedabad,Gujarat,Customer Care Call,2026-07-08 07:19:01
TC-13584,Customer_933,user_933@telecom-domain.com,Faulty router Wi-Fi red light issue,"Router optical PON light turns solid red. No internet access on any Wi-Fi device. (Location: Hyderabad, Account #439542)",Equipment / Router,High,Angry,Solved,Hyderabad,Telangana,Branch Store,2026-06-12 05:42:01
TC-77278,Customer_934,user_934@telecom-domain.com,Terminate account service immediately,"Unsatisfied with customer service and frequent billing errors. Terminate my plan today. (Location: Mumbai, Account #678636)",Cancellation,High,Angry,Solved,Mumbai,Maharashtra,Branch Store,2026-06-19 17:46:01
TC-80055,Customer_935,user_935@telecom-domain.com,Incorrect plan billing amount charged,"Subscribed to ₹599 plan but bill generated is ₹1,199. High overcharge without explanation. (Location: Hyderabad, Account #589321)",Billing Dispute,Medium,Frustrated,Pending,Hyderabad,Telangana,Branch Store,2026-05-18 23:49:01
TC-48300,Customer_936,user_936@telecom-domain.com,Security deposit refund not received after cancellation,"Cancelled my connection 45 days ago but ₹2,000 security deposit refund is still pending. Support promised 7 days. (Location: Hyderabad, Account #230652)",Billing Dispute,High,Angry,Closed,Hyderabad,Telangana,Web Portal,2026-03-01 08:51:01
TC-98828,Customer_937,user_937@telecom-domain.com,Terminate account service immediately,"Unsatisfied with customer service and frequent billing errors. Terminate my plan today. (Location: Mumbai, Account #354110)",Cancellation,High,Angry,Pending,Mumbai,Maharashtra,Branch Store,2026-06-28 21:18:01
TC-36164,Customer_938,user_938@telecom-domain.com,Unauthorized Value Added Service (VAS) charged,"My bill includes ₹299 for international roaming VAS which I never subscribed or activated. Deduct this immediately. (Location: Jaipur, Account #608999)",Billing Dispute,High,Angry,Solved,Jaipur,Rajasthan,Mobile App,2026-03-15 22:38:01
TC-80898,Customer_939,user_939@telecom-domain.com,Cancel broadband subscription connection,"Subscribed to another provider due to continuous outages. Please disconnect line and refund deposit. (Location: Chennai, Account #478043)",Cancellation,High,Angry,Solved,Chennai,Tamil Nadu,Email,2026-03-17 05:12:01
TC-81716,Customer_940,user_940@telecom-domain.com,Request to shift broadband to new address,"Moving to new apartment next week. Need connection relocation feasible check and schedule. (Location: Kolkata, Account #299134)",Service Request,Low,Neutral,Closed,Kolkata,West Bengal,Customer Care Call,2026-06-19 05:36:01
TC-59177,Customer_941,user_941@telecom-domain.com,Work order pending port availability issue,"Feeder box installation pending due to lack of spare fiber port. Need resolution. (Location: Jaipur, Account #449041)",Installation,Medium,Negative,Solved,Jaipur,Rajasthan,Branch Store,2026-06-05 15:56:01
TC-80582,Customer_942,user_942@telecom-domain.com,Request to shift broadband to new address,"Moving to new apartment next week. Need connection relocation feasible check and schedule. (Location: Bengaluru, Account #519451)",Service Request,Low,Neutral,Solved,Bengaluru,Karnataka,Customer Care Call,2026-04-25 22:51:01
TC-84818,Customer_943,user_943@telecom-domain.com,One-way audio issue during phone calls,"When people call me, they cannot hear my voice at all while I can hear them clearly. Terrible experience. (Location: Pune, Account #194456)",Call Drops,High,Frustrated,Solved,Pune,Maharashtra,Web Portal,2026-08-04 14:47:01
TC-77104,Customer_944,user_944@telecom-domain.com,Terminate account service immediately,"Unsatisfied with customer service and frequent billing errors. Terminate my plan today. (Location: Chennai, Account #769024)",Cancellation,High,Angry,Open,Chennai,Tamil Nadu,Branch Store,2026-05-15 05:47:01
TC-74987,Customer_945,user_945@telecom-domain.com,International roaming data pack not working,"Purchased 5GB roaming data pack for international travel but roaming data is not activating. (Location: Delhi, Account #663507)",Data / Usage Issue,High,Angry,Solved,Delhi,Delhi,Web Portal,2026-07-19 11:56:01
TC-68319,Customer_946,user_946@telecom-domain.com,Rude customer care support agent behavior,"Customer service agent hung up the call on me while explaining my broadband issue. Worst support ever. (Location: Bengaluru, Account #440939)",Customer Service,High,Angry,Closed,Bengaluru,Karnataka,Customer Care Call,2026-07-20 14:17:01
TC-50855,Customer_947,user_947@telecom-domain.com,Requesting MNP UPC port out code due to poor network,"Tired of frequent call drops and zero coverage. Want to port out my number to another operator immediately. (Location: Chandigarh, Account #818538)",Cancellation,High,Angry,Closed,Chandigarh,Punjab,Mobile App,2026-06-23 04:34:01
TC-21820,Customer_948,user_948@telecom-domain.com,Complete fiber optic broadband blackout,"Total internet and landline blackout across our entire apartment complex since 8 AM today. No response from helpline. (Location: Jaipur, Account #143390)",Service Outage,High,Angry,Closed,Jaipur,Rajasthan,Mobile App,2026-06-11 03:39:01
TC-10242,Customer_949,user_949@telecom-domain.com,Auto-debit failure penalty wrongly applied,"Bank auto-debit succeeded on time but your system marked late payment fee ₹250. Please reverse penalty. (Location: Hyderabad, Account #671645)",Billing Dispute,Medium,Negative,Closed,Hyderabad,Telangana,Branch Store,2026-08-01 10:13:01
TC-99156,Customer_950,user_950@telecom-domain.com,Frequent internet disconnects every hour,"Broadband connection disconnects every 30 minutes while working from home. PON light on fiber ONT blinks red. (Location: Chennai, Account #642995)",Broadband Performance,High,Angry,Pending,Chennai,Tamil Nadu,Email,2026-03-25 04:32:01
TC-96199,Customer_951,user_951@telecom-domain.com,Severe network outage in localized zone,"No broadband or cellular service available since last night heavy storm. Fiber cable seems damaged. (Location: Ahmedabad, Account #730538)",Service Outage,High,Angry,Solved,Ahmedabad,Gujarat,Mobile App,2026-05-27 23:22:01
TC-37417,Customer_952,user_952@telecom-domain.com,Delayed fiber installation appointment,"Fiber installation was scheduled for yesterday 2 PM. Technician did not turn up and phone is switched off. (Location: Hyderabad, Account #142107)",Installation,High,Angry,Solved,Hyderabad,Telangana,Mobile App,2026-04-14 20:34:01
TC-49996,Customer_953,user_953@telecom-domain.com,Requesting MNP UPC port out code due to poor network,"Tired of frequent call drops and zero coverage. Want to port out my number to another operator immediately. (Location: Chandigarh, Account #904187)",Cancellation,High,Angry,Open,Chandigarh,Punjab,Mobile App,2026-07-22 04:18:01
TC-13479,Customer_954,user_954@telecom-domain.com,Terminate account service immediately,"Unsatisfied with customer service and frequent billing errors. Terminate my plan today. (Location: Bengaluru, Account #485861)",Cancellation,High,Angry,Solved,Bengaluru,Karnataka,Email,2026-07-22 00:04:01
TC-69872,Customer_955,user_955@telecom-domain.com,Cancel broadband subscription connection,"Subscribed to another provider due to continuous outages. Please disconnect line and refund deposit. (Location: Mumbai, Account #162996)",Cancellation,High,Angry,Open,Mumbai,Maharashtra,Customer Care Call,2026-06-07 05:38:01
TC-97428,Customer_956,user_956@telecom-domain.com,Unable to make outgoing calls,"Outgoing calls immediately get terminated with call ended error. Incoming calls work fine. (Location: Chennai, Account #808278)",Call Drops,High,Angry,Pending,Chennai,Tamil Nadu,Web Portal,2026-07-11 01:45:01
TC-13117,Customer_957,user_957@telecom-domain.com,Requesting MNP UPC port out code due to poor network,"Tired of frequent call drops and zero coverage. Want to port out my number to another operator immediately. (Location: Ahmedabad, Account #614257)",Cancellation,High,Angry,Pending,Ahmedabad,Gujarat,Email,2026-05-20 06:03:01
TC-41286,Customer_958,user_958@telecom-domain.com,Modem overheating and rebooting automatically,"Provided Wi-Fi router gets burning hot within 10 minutes and reboots continuously. (Location: Ahmedabad, Account #777887)",Equipment / Router,High,Negative,Closed,Ahmedabad,Gujarat,Customer Care Call,2026-04-05 00:22:01
TC-24813,Customer_959,user_959@telecom-domain.com,Frequent loss of 4G/5G connection,"My phone continuously drops from 5G to 2G every 10 minutes. Network bar completely disappears in office building. (Location: Kolkata, Account #416598)",Network Connectivity,High,Negative,Pending,Kolkata,West Bengal,Customer Care Call,2026-07-01 03:23:01
TC-27298,Customer_960,user_960@telecom-domain.com,Request to shift broadband to new address,"Moving to new apartment next week. Need connection relocation feasible check and schedule. (Location: Hyderabad, Account #574565)",Service Request,Low,Neutral,Closed,Hyderabad,Telangana,Web Portal,2026-05-15 20:51:01
TC-19809,Customer_961,user_961@telecom-domain.com,Pending broadband connection setup over 5 days,"Applied for new fiber connection 5 days ago. Payment completed but technician installation pending. (Location: Jaipur, Account #724057)",Installation,Medium,Frustrated,Open,Jaipur,Rajasthan,Branch Store,2026-06-06 22:49:01
TC-38955,Customer_962,user_962@telecom-domain.com,One-way audio issue during phone calls,"When people call me, they cannot hear my voice at all while I can hear them clearly. Terrible experience. (Location: Jaipur, Account #303646)",Call Drops,High,Frustrated,Pending,Jaipur,Rajasthan,Web Portal,2026-05-25 12:34:01
TC-31341,Customer_963,user_963@telecom-domain.com,Call drops frequently while driving in city,"Call handoff between cell towers fails completely. Every call gets cut when moving between cell sectors. (Location: Bengaluru, Account #790567)",Call Drops,Medium,Negative,Open,Bengaluru,Karnataka,Branch Store,2026-05-29 13:50:01
TC-98934,Customer_964,user_964@telecom-domain.com,Complete fiber optic broadband blackout,"Total internet and landline blackout across our entire apartment complex since 8 AM today. No response from helpline. (Location: Kolkata, Account #135626)",Service Outage,High,Angry,Pending,Kolkata,West Bengal,Customer Care Call,2026-05-02 00:32:01
TC-83080,Customer_965,user_965@telecom-domain.com,Unable to make outgoing calls,"Outgoing calls immediately get terminated with call ended error. Incoming calls work fine. (Location: Chandigarh, Account #361777)",Call Drops,High,Angry,Open,Chandigarh,Punjab,Mobile App,2026-06-25 11:01:01
TC-36541,Customer_966,user_966@telecom-domain.com,Misleading information given by call center,"Support executive promised bill adjustment within 24 hours but ticket was closed without action. (Location: Ahmedabad, Account #723022)",Customer Service,High,Angry,Pending,Ahmedabad,Gujarat,Email,2026-05-24 22:54:01
TC-42992,Customer_967,user_967@telecom-domain.com,Terminate account service immediately,"Unsatisfied with customer service and frequent billing errors. Terminate my plan today. (Location: Chandigarh, Account #758674)",Cancellation,High,Angry,Closed,Chandigarh,Punjab,Branch Store,2026-08-08 21:41:01
TC-13234,Customer_968,user_968@telecom-domain.com,Cancel broadband subscription connection,"Subscribed to another provider due to continuous outages. Please disconnect line and refund deposit. (Location: Mumbai, Account #798095)",Cancellation,High,Angry,Open,Mumbai,Maharashtra,Mobile App,2026-07-01 03:00:01
TC-93260,Customer_969,user_969@telecom-domain.com,Unable to make outgoing calls,"Outgoing calls immediately get terminated with call ended error. Incoming calls work fine. (Location: Mumbai, Account #614912)",Call Drops,High,Angry,Closed,Mumbai,Maharashtra,Customer Care Call,2026-04-14 00:54:01
TC-99358,Customer_970,user_970@telecom-domain.com,Modem overheating and rebooting automatically,"Provided Wi-Fi router gets burning hot within 10 minutes and reboots continuously. (Location: Mumbai, Account #850654)",Equipment / Router,High,Negative,Pending,Mumbai,Maharashtra,Branch Store,2026-04-01 18:15:01
TC-46544,Customer_971,user_971@telecom-domain.com,Frequent internet disconnects every hour,"Broadband connection disconnects every 30 minutes while working from home. PON light on fiber ONT blinks red. (Location: Delhi, Account #485019)",Broadband Performance,High,Angry,Closed,Delhi,Delhi,Customer Care Call,2026-06-02 09:41:01
TC-33896,Customer_972,user_972@telecom-domain.com,Very slow fiber broadband speed,"Subscribed to 300 Mbps fiber plan but getting only 5 Mbps download speed. Speed test ping is over 250ms. Extremely slow. (Location: Chandigarh, Account #886147)",Broadband Performance,High,Angry,Solved,Chandigarh,Punjab,Email,2026-07-19 08:21:01
TC-21318,Customer_973,user_973@telecom-domain.com,Data balance deducted without internet usage,"500MB data debited automatically overnight while mobile data switch was off. Please audit usage logs. (Location: Chandigarh, Account #112282)",Data / Usage Issue,Medium,Negative,Pending,Chandigarh,Punjab,Mobile App,2026-07-15 23:34:01
TC-76007,Customer_974,user_974@telecom-domain.com,Plan upgrade request to Gigabit speed,"Want to upgrade existing 100 Mbps plan to 1 Gbps fiber plan. Please share pricing and process. (Location: Jaipur, Account #987589)",Service Request,Low,Positive,Solved,Jaipur,Rajasthan,Web Portal,2026-04-02 12:10:01
TC-96161,Customer_975,user_975@telecom-domain.com,Wi-Fi range very weak and dropping,"Wi-Fi signal cuts out 5 meters away from router. Need dual-band router replacement. (Location: Chandigarh, Account #834662)",Equipment / Router,Medium,Negative,Closed,Chandigarh,Punjab,Mobile App,2026-04-20 11:06:01
TC-39976,Customer_976,user_976@telecom-domain.com,No resolution provided despite 5 calls,"Called customer care 5 times in 3 days. Promises callback every time but nobody calls back. (Location: Chennai, Account #155151)",Customer Service,High,Angry,Closed,Chennai,Tamil Nadu,Mobile App,2026-06-06 20:10:01
TC-59302,Customer_977,user_977@telecom-domain.com,Faulty router Wi-Fi red light issue,"Router optical PON light turns solid red. No internet access on any Wi-Fi device. (Location: Bengaluru, Account #605214)",Equipment / Router,High,Angry,Solved,Bengaluru,Karnataka,Web Portal,2026-07-14 03:07:01
TC-66573,Customer_978,user_978@telecom-domain.com,Delayed fiber installation appointment,"Fiber installation was scheduled for yesterday 2 PM. Technician did not turn up and phone is switched off. (Location: Chennai, Account #718264)",Installation,High,Angry,Closed,Chennai,Tamil Nadu,Email,2026-07-02 02:58:01
TC-42074,Customer_979,user_979@telecom-domain.com,Security deposit refund not received after cancellation,"Cancelled my connection 45 days ago but ₹2,000 security deposit refund is still pending. Support promised 7 days. (Location: Kolkata, Account #272613)",Billing Dispute,High,Angry,Closed,Kolkata,West Bengal,Email,2026-04-24 05:24:01
TC-15497,Customer_980,user_980@telecom-domain.com,Regional mobile tower power failure outage,"All mobile network connectivity is down in HSR Layout sector 2. Whole neighborhood affected. (Location: Delhi, Account #882738)",Service Outage,High,Angry,Closed,Delhi,Delhi,Branch Store,2026-04-22 15:23:01
TC-87664,Customer_981,user_981@telecom-domain.com,Daily FUP data quota exhausted instantly,"My 2GB daily data limit got exhausted at 10 AM without heavy usage. Metering system is inaccurate. (Location: Bengaluru, Account #969481)",Data / Usage Issue,Medium,Frustrated,Solved,Bengaluru,Karnataka,Branch Store,2026-04-21 22:21:01
TC-36476,Customer_982,user_982@telecom-domain.com,Call disconnects continuously on VoLTE,"HD voice call quality is pathetic. Audio breaks up and call drops without warning during important business calls. (Location: Ahmedabad, Account #111198)",Call Drops,High,Angry,Pending,Ahmedabad,Gujarat,Email,2026-07-13 22:22:01
TC-25532,Customer_983,user_983@telecom-domain.com,Cancel broadband subscription connection,"Subscribed to another provider due to continuous outages. Please disconnect line and refund deposit. (Location: Bengaluru, Account #192613)",Cancellation,High,Angry,Pending,Bengaluru,Karnataka,Email,2026-06-19 00:32:01
TC-50581,Customer_984,user_984@telecom-domain.com,Pending broadband connection setup over 5 days,"Applied for new fiber connection 5 days ago. Payment completed but technician installation pending. (Location: Chennai, Account #297603)",Installation,Medium,Frustrated,Pending,Chennai,Tamil Nadu,Customer Care Call,2026-07-14 17:56:01
TC-77548,Customer_985,user_985@telecom-domain.com,Double charge on monthly broadband bill,"I was charged twice ₹1,499 for the current month bill. Money deducted twice from credit card but status shows pending. (Location: Delhi, Account #734340)",Billing Dispute,High,Angry,Pending,Delhi,Delhi,Mobile App,2026-03-07 00:22:01
TC-35029,Customer_986,user_986@telecom-domain.com,Request static IP allocation for home server,"Need static IPv4 address for remote access setup on my connection. (Location: Kolkata, Account #811910)",Service Request,Low,Neutral,Closed,Kolkata,West Bengal,Email,2026-03-27 08:44:01
TC-85355,Customer_987,user_987@telecom-domain.com,Complete service outage in operational area,"Total breakdown of voice and data services across post office area. Business is severely impacted. (Location: Mumbai, Account #452668)",Service Outage,High,Angry,Pending,Mumbai,Maharashtra,Customer Care Call,2026-06-19 19:33:01
TC-63557,Customer_988,user_988@telecom-domain.com,Voice call drops within 30 seconds,"Almost every call drops automatically within 20 to 30 seconds. Unusable voice calling service. (Location: Ahmedabad, Account #821368)",Call Drops,High,Angry,Solved,Ahmedabad,Gujarat,Mobile App,2026-03-10 20:10:01
TC-67782,Customer_989,user_989@telecom-domain.com,Complete fiber optic broadband blackout,"Total internet and landline blackout across our entire apartment complex since 8 AM today. No response from helpline. (Location: Pune, Account #389193)",Service Outage,High,Angry,Open,Pune,Maharashtra,Customer Care Call,2026-03-29 08:40:01
TC-23214,Customer_990,user_990@telecom-domain.com,Broadband speed throttling during peak hours,"Every evening between 7 PM and 11 PM speed drops below 2 Mbps. This is unacceptable service quality. (Location: Ahmedabad, Account #349445)",Broadband Performance,Medium,Frustrated,Solved,Ahmedabad,Gujarat,Email,2026-03-24 05:51:01
TC-98578,Customer_991,user_991@telecom-domain.com,Call drops frequently while driving in city,"Call handoff between cell towers fails completely. Every call gets cut when moving between cell sectors. (Location: Hyderabad, Account #938618)",Call Drops,Medium,Negative,Pending,Hyderabad,Telangana,Customer Care Call,2026-04-19 07:39:01
TC-26529,Customer_992,user_992@telecom-domain.com,Security deposit refund not received after cancellation,"Cancelled my connection 45 days ago but ₹2,000 security deposit refund is still pending. Support promised 7 days. (Location: Chandigarh, Account #544288)",Billing Dispute,High,Angry,Pending,Chandigarh,Punjab,Branch Store,2026-04-16 01:57:01
TC-52601,Customer_993,user_993@telecom-domain.com,Pending broadband connection setup over 5 days,"Applied for new fiber connection 5 days ago. Payment completed but technician installation pending. (Location: Pune, Account #365168)",Installation,Medium,Frustrated,Closed,Pune,Maharashtra,Email,2026-04-14 10:15:01
TC-63332,Customer_994,user_994@telecom-domain.com,Network signal keeps dropping repeatedly,"Every time I travel through the electronic city corridor, signal completely dies for 15 minutes. Very unreliable network. (Location: Jaipur, Account #601904)",Network Connectivity,High,Angry,Solved,Jaipur,Rajasthan,Mobile App,2026-08-11 01:47:01
TC-95776,Customer_995,user_995@telecom-domain.com,Requesting MNP UPC port out code due to poor network,"Tired of frequent call drops and zero coverage. Want to port out my number to another operator immediately. (Location: Kolkata, Account #299970)",Cancellation,High,Angry,Closed,Kolkata,West Bengal,Mobile App,2026-08-08 02:50:01
TC-42880,Customer_996,user_996@telecom-domain.com,Rude customer care support agent behavior,"Customer service agent hung up the call on me while explaining my broadband issue. Worst support ever. (Location: Bengaluru, Account #406789)",Customer Service,High,Angry,Closed,Bengaluru,Karnataka,Customer Care Call,2026-05-15 15:59:01
TC-10320,Customer_997,user_997@telecom-domain.com,Rude customer care support agent behavior,"Customer service agent hung up the call on me while explaining my broadband issue. Worst support ever. (Location: Chennai, Account #163514)",Customer Service,High,Angry,Pending,Chennai,Tamil Nadu,Mobile App,2026-04-14 10:07:01
TC-39492,Customer_998,user_998@telecom-domain.com,Double charge on monthly broadband bill,"I was charged twice ₹1,499 for the current month bill. Money deducted twice from credit card but status shows pending. (Location: Pune, Account #800464)",Billing Dispute,High,Angry,Pending,Pune,Maharashtra,Email,2026-08-07 05:28:01
TC-31257,Customer_999,user_999@telecom-domain.com,Requesting MNP UPC port out code due to poor network,"Tired of frequent call drops and zero coverage. Want to port out my number to another operator immediately. (Location: Mumbai, Account #543939)",Cancellation,High,Angry,Closed,Mumbai,Maharashtra,Web Portal,2026-05-24 19:53:01
TC-16839,Customer_1000,user_1000@telecom-domain.com,Frequent loss of 4G/5G connection,"My phone continuously drops from 5G to 2G every 10 minutes. Network bar completely disappears in office building. (Location: Ahmedabad, Account #596320)",Network Connectivity,High,Negative,Pending,Ahmedabad,Gujarat,Email,2026-02-28 01:41:01
TC-68918,Customer_1001,user_1001@telecom-domain.com,Modem overheating and rebooting automatically,"Provided Wi-Fi router gets burning hot within 10 minutes and reboots continuously. (Location: Chennai, Account #269506)",Equipment / Router,High,Negative,Open,Chennai,Tamil Nadu,Branch Store,2026-07-22 01:23:01
TC-96684,Customer_1002,user_1002@telecom-domain.com,Cancel broadband subscription connection,"Subscribed to another provider due to continuous outages. Please disconnect line and refund deposit. (Location: Hyderabad, Account #295623)",Cancellation,High,Angry,Pending,Hyderabad,Telangana,Customer Care Call,2026-06-05 01:28:01
TC-50339,Customer_1003,user_1003@telecom-domain.com,One-way audio issue during phone calls,"When people call me, they cannot hear my voice at all while I can hear them clearly. Terrible experience. (Location: Chandigarh, Account #449214)",Call Drops,High,Frustrated,Closed,Chandigarh,Punjab,Branch Store,2026-05-06 15:35:01
TC-83811,Customer_1004,user_1004@telecom-domain.com,Broadband speed throttling during peak hours,"Every evening between 7 PM and 11 PM speed drops below 2 Mbps. This is unacceptable service quality. (Location: Mumbai, Account #152161)",Broadband Performance,Medium,Frustrated,Open,Mumbai,Maharashtra,Web Portal,2026-08-17 18:04:01
TC-13045,Customer_1005,user_1005@telecom-domain.com,Request to shift broadband to new address,"Moving to new apartment next week. Need connection relocation feasible check and schedule. (Location: Ahmedabad, Account #377911)",Service Request,Low,Neutral,Closed,Ahmedabad,Gujarat,Branch Store,2026-03-03 23:13:01
TC-44574,Customer_1006,user_1006@telecom-domain.com,Requesting MNP UPC port out code due to poor network,"Tired of frequent call drops and zero coverage. Want to port out my number to another operator immediately. (Location: Delhi, Account #259821)",Cancellation,High,Angry,Open,Delhi,Delhi,Email,2026-05-21 04:23:01
TC-66929,Customer_1007,user_1007@telecom-domain.com,Call drops frequently while driving in city,"Call handoff between cell towers fails completely. Every call gets cut when moving between cell sectors. (Location: Ahmedabad, Account #697977)",Call Drops,Medium,Negative,Pending,Ahmedabad,Gujarat,Email,2026-07-21 13:11:01
TC-92120,Customer_1008,user_1008@telecom-domain.com,Unable to make outgoing calls,"Outgoing calls immediately get terminated with call ended error. Incoming calls work fine. (Location: Pune, Account #136980)",Call Drops,High,Angry,Open,Pune,Maharashtra,Email,2026-06-19 07:21:01
TC-26385,Customer_1009,user_1009@telecom-domain.com,No network coverage in my area,"I have zero mobile signal since morning in my apartment. Emergency calls only showing on screen. Please fix this cellular network issue immediately. (Location: Delhi, Account #255183)",Network Connectivity,High,Angry,Pending,Delhi,Delhi,Customer Care Call,2026-05-14 12:28:01
TC-98057,Customer_1010,user_1010@telecom-domain.com,Unauthorized Value Added Service (VAS) charged,"My bill includes ₹299 for international roaming VAS which I never subscribed or activated. Deduct this immediately. (Location: Chennai, Account #548498)",Billing Dispute,High,Angry,Solved,Chennai,Tamil Nadu,Branch Store,2026-06-19 13:43:01
TC-48451,Customer_1011,user_1011@telecom-domain.com,Security deposit refund not received after cancellation,"Cancelled my connection 45 days ago but ₹2,000 security deposit refund is still pending. Support promised 7 days. (Location: Jaipur, Account #898498)",Billing Dispute,High,Angry,Closed,Jaipur,Rajasthan,Branch Store,2026-05-12 06:23:01
TC-93659,Customer_1012,user_1012@telecom-domain.com,Voice call drops within 30 seconds,"Almost every call drops automatically within 20 to 30 seconds. Unusable voice calling service. (Location: Jaipur, Account #349019)",Call Drops,High,Angry,Open,Jaipur,Rajasthan,Mobile App,2026-03-04 01:03:01
TC-17778,Customer_1013,user_1013@telecom-domain.com,SIM card showing no service,"My SIM suddenly stopped catching network signal. Checked on another phone, still says No Service. (Location: Delhi, Account #337659)",Network Connectivity,High,Angry,Solved,Delhi,Delhi,Web Portal,2026-03-08 02:52:01
TC-52301,Customer_1014,user_1014@telecom-domain.com,Complete fiber optic broadband blackout,"Total internet and landline blackout across our entire apartment complex since 8 AM today. No response from helpline. (Location: Chennai, Account #372149)",Service Outage,High,Angry,Open,Chennai,Tamil Nadu,Branch Store,2026-06-23 02:34:01
TC-91790,Customer_1015,user_1015@telecom-domain.com,Misleading information given by call center,"Support executive promised bill adjustment within 24 hours but ticket was closed without action. (Location: Jaipur, Account #916360)",Customer Service,High,Angry,Solved,Jaipur,Rajasthan,Mobile App,2026-07-23 11:29:01
TC-37936,Customer_1016,user_1016@telecom-domain.com,Terminate account service immediately,"Unsatisfied with customer service and frequent billing errors. Terminate my plan today. (Location: Chennai, Account #152329)",Cancellation,High,Angry,Solved,Chennai,Tamil Nadu,Email,2026-06-05 22:49:01
TC-79805,Customer_1017,user_1017@telecom-domain.com,Request to shift broadband to new address,"Moving to new apartment next week. Need connection relocation feasible check and schedule. (Location: Chandigarh, Account #477248)",Service Request,Low,Neutral,Solved,Chandigarh,Punjab,Customer Care Call,2026-08-03 04:32:01
TC-97438,Customer_1018,user_1018@telecom-domain.com,No network coverage in my area,"I have zero mobile signal since morning in my apartment. Emergency calls only showing on screen. Please fix this cellular network issue immediately. (Location: Delhi, Account #701928)",Network Connectivity,High,Angry,Solved,Delhi,Delhi,Email,2026-07-18 00:05:01
TC-69694,Customer_1019,user_1019@telecom-domain.com,Request static IP allocation for home server,"Need static IPv4 address for remote access setup on my connection. (Location: Mumbai, Account #712029)",Service Request,Low,Neutral,Solved,Mumbai,Maharashtra,Web Portal,2026-04-08 23:31:01
TC-29658,Customer_1020,user_1020@telecom-domain.com,Pending broadband connection setup over 5 days,"Applied for new fiber connection 5 days ago. Payment completed but technician installation pending. (Location: Bengaluru, Account #887712)",Installation,Medium,Frustrated,Pending,Bengaluru,Karnataka,Email,2026-03-06 09:27:01
TC-87729,Customer_1021,user_1021@telecom-domain.com,Cancel broadband subscription connection,"Subscribed to another provider due to continuous outages. Please disconnect line and refund deposit. (Location: Mumbai, Account #848634)",Cancellation,High,Angry,Pending,Mumbai,Maharashtra,Mobile App,2026-02-26 21:51:01
TC-81678,Customer_1022,user_1022@telecom-domain.com,Complete service outage in operational area,"Total breakdown of voice and data services across post office area. Business is severely impacted. (Location: Chennai, Account #629327)",Service Outage,High,Angry,Solved,Chennai,Tamil Nadu,Web Portal,2026-03-21 23:35:01
TC-13180,Customer_1023,user_1023@telecom-domain.com,Plan upgrade request to Gigabit speed,"Want to upgrade existing 100 Mbps plan to 1 Gbps fiber plan. Please share pricing and process. (Location: Pune, Account #110057)",Service Request,Low,Positive,Solved,Pune,Maharashtra,Web Portal,2026-08-15 04:52:01
TC-98303,Customer_1024,user_1024@telecom-domain.com,Data balance deducted without internet usage,"500MB data debited automatically overnight while mobile data switch was off. Please audit usage logs. (Location: Chennai, Account #842766)",Data / Usage Issue,Medium,Negative,Pending,Chennai,Tamil Nadu,Mobile App,2026-03-21 03:10:01
TC-57638,Customer_1025,user_1025@telecom-domain.com,Unable to make outgoing calls,"Outgoing calls immediately get terminated with call ended error. Incoming calls work fine. (Location: Delhi, Account #950208)",Call Drops,High,Angry,Open,Delhi,Delhi,Customer Care Call,2026-03-06 10:38:01
TC-40616,Customer_1026,user_1026@telecom-domain.com,Request to shift broadband to new address,"Moving to new apartment next week. Need connection relocation feasible check and schedule. (Location: Bengaluru, Account #922163)",Service Request,Low,Neutral,Solved,Bengaluru,Karnataka,Mobile App,2026-07-29 12:30:01
TC-30518,Customer_1027,user_1027@telecom-domain.com,Plan upgrade request to Gigabit speed,"Want to upgrade existing 100 Mbps plan to 1 Gbps fiber plan. Please share pricing and process. (Location: Ahmedabad, Account #749968)",Service Request,Low,Positive,Open,Ahmedabad,Gujarat,Web Portal,2026-08-10 02:18:01
TC-77949,Customer_1028,user_1028@telecom-domain.com,Regional mobile tower power failure outage,"All mobile network connectivity is down in HSR Layout sector 2. Whole neighborhood affected. (Location: Bengaluru, Account #778477)",Service Outage,High,Angry,Open,Bengaluru,Karnataka,Web Portal,2026-08-07 02:16:01
TC-27484,Customer_1029,user_1029@telecom-domain.com,Modem overheating and rebooting automatically,"Provided Wi-Fi router gets burning hot within 10 minutes and reboots continuously. (Location: Bengaluru, Account #592008)",Equipment / Router,High,Negative,Pending,Bengaluru,Karnataka,Customer Care Call,2026-04-14 19:08:01
TC-18105,Customer_1030,user_1030@telecom-domain.com,Data speed throttled to 64 Kbps incorrectly,"High speed data quota shows 50% balance in app but speed is throttled to unusable 64 Kbps. (Location: Jaipur, Account #216360)",Data / Usage Issue,High,Negative,Pending,Jaipur,Rajasthan,Customer Care Call,2026-08-09 16:44:01
TC-70262,Customer_1031,user_1031@telecom-domain.com,Rude customer care support agent behavior,"Customer service agent hung up the call on me while explaining my broadband issue. Worst support ever. (Location: Jaipur, Account #272282)",Customer Service,High,Angry,Pending,Jaipur,Rajasthan,Web Portal,2026-03-10 20:04:01
TC-99935,Customer_1032,user_1032@telecom-domain.com,One-way audio issue during phone calls,"When people call me, they cannot hear my voice at all while I can hear them clearly. Terrible experience. (Location: Delhi, Account #711891)",Call Drops,High,Frustrated,Pending,Delhi,Delhi,Branch Store,2026-03-21 05:15:01
TC-90262,Customer_1033,user_1033@telecom-domain.com,Unable to make outgoing calls,"Outgoing calls immediately get terminated with call ended error. Incoming calls work fine. (Location: Ahmedabad, Account #576415)",Call Drops,High,Angry,Pending,Ahmedabad,Gujarat,Email,2026-07-31 03:41:01
TC-85910,Customer_1034,user_1034@telecom-domain.com,Delayed fiber installation appointment,"Fiber installation was scheduled for yesterday 2 PM. Technician did not turn up and phone is switched off. (Location: Jaipur, Account #334745)",Installation,High,Angry,Solved,Jaipur,Rajasthan,Branch Store,2026-05-22 17:14:01
TC-83401,Customer_1035,user_1035@telecom-domain.com,Delayed fiber installation appointment,"Fiber installation was scheduled for yesterday 2 PM. Technician did not turn up and phone is switched off. (Location: Pune, Account #488066)",Installation,High,Angry,Pending,Pune,Maharashtra,Branch Store,2026-05-01 02:42:01
TC-71388,Customer_1036,user_1036@telecom-domain.com,Plan upgrade request to Gigabit speed,"Want to upgrade existing 100 Mbps plan to 1 Gbps fiber plan. Please share pricing and process. (Location: Chandigarh, Account #994207)",Service Request,Low,Positive,Solved,Chandigarh,Punjab,Web Portal,2026-05-01 02:25:01
TC-11683,Customer_1037,user_1037@telecom-domain.com,No resolution provided despite 5 calls,"Called customer care 5 times in 3 days. Promises callback every time but nobody calls back. (Location: Delhi, Account #100066)",Customer Service,High,Angry,Closed,Delhi,Delhi,Mobile App,2026-03-24 23:01:01
TC-36282,Customer_1038,user_1038@telecom-domain.com,Severe network outage in localized zone,"No broadband or cellular service available since last night heavy storm. Fiber cable seems damaged. (Location: Delhi, Account #498245)",Service Outage,High,Angry,Open,Delhi,Delhi,Customer Care Call,2026-03-16 00:27:01
TC-66032,Customer_1039,user_1039@telecom-domain.com,Broadband speed throttling during peak hours,"Every evening between 7 PM and 11 PM speed drops below 2 Mbps. This is unacceptable service quality. (Location: Kolkata, Account #860899)",Broadband Performance,Medium,Frustrated,Solved,Kolkata,West Bengal,Email,2026-06-21 12:05:01
TC-67776,Customer_1040,user_1040@telecom-domain.com,Frequent loss of 4G/5G connection,"My phone continuously drops from 5G to 2G every 10 minutes. Network bar completely disappears in office building. (Location: Pune, Account #446212)",Network Connectivity,High,Negative,Closed,Pune,Maharashtra,Mobile App,2026-04-14 16:50:01
TC-29442,Customer_1041,user_1041@telecom-domain.com,Delayed fiber installation appointment,"Fiber installation was scheduled for yesterday 2 PM. Technician did not turn up and phone is switched off. (Location: Hyderabad, Account #526113)",Installation,High,Angry,Pending,Hyderabad,Telangana,Customer Care Call,2026-07-10 07:11:01
TC-24979,Customer_1042,user_1042@telecom-domain.com,Data balance deducted without internet usage,"500MB data debited automatically overnight while mobile data switch was off. Please audit usage logs. (Location: Kolkata, Account #983274)",Data / Usage Issue,Medium,Negative,Pending,Kolkata,West Bengal,Branch Store,2026-07-22 06:19:01
TC-96465,Customer_1043,user_1043@telecom-domain.com,Terminate account service immediately,"Unsatisfied with customer service and frequent billing errors. Terminate my plan today. (Location: Pune, Account #630570)",Cancellation,High,Angry,Solved,Pune,Maharashtra,Web Portal,2026-05-18 07:37:01
TC-58143,Customer_1044,user_1044@telecom-domain.com,Daily FUP data quota exhausted instantly,"My 2GB daily data limit got exhausted at 10 AM without heavy usage. Metering system is inaccurate. (Location: Ahmedabad, Account #860287)",Data / Usage Issue,Medium,Frustrated,Solved,Ahmedabad,Gujarat,Email,2026-05-17 20:00:01
TC-33922,Customer_1045,user_1045@telecom-domain.com,Terminate account service immediately,"Unsatisfied with customer service and frequent billing errors. Terminate my plan today. (Location: Jaipur, Account #330765)",Cancellation,High,Angry,Solved,Jaipur,Rajasthan,Mobile App,2026-06-03 21:14:01
TC-31689,Customer_1046,user_1046@telecom-domain.com,Delayed fiber installation appointment,"Fiber installation was scheduled for yesterday 2 PM. Technician did not turn up and phone is switched off. (Location: Chandigarh, Account #335846)",Installation,High,Angry,Open,Chandigarh,Punjab,Customer Care Call,2026-03-06 06:35:01
TC-43527,Customer_1047,user_1047@telecom-domain.com,Unable to make outgoing calls,"Outgoing calls immediately get terminated with call ended error. Incoming calls work fine. (Location: Hyderabad, Account #566721)",Call Drops,High,Angry,Open,Hyderabad,Telangana,Web Portal,2026-04-06 19:50:01
TC-83723,Customer_1048,user_1048@telecom-domain.com,Pending broadband connection setup over 5 days,"Applied for new fiber connection 5 days ago. Payment completed but technician installation pending. (Location: Jaipur, Account #309331)",Installation,Medium,Frustrated,Pending,Jaipur,Rajasthan,Branch Store,2026-08-09 20:22:01
TC-30595,Customer_1049,user_1049@telecom-domain.com,Call drops frequently while driving in city,"Call handoff between cell towers fails completely. Every call gets cut when moving between cell sectors. (Location: Chandigarh, Account #223523)",Call Drops,Medium,Negative,Solved,Chandigarh,Punjab,Web Portal,2026-04-04 19:38:01
TC-88795,Customer_1050,user_1050@telecom-domain.com,Plan upgrade request to Gigabit speed,"Want to upgrade existing 100 Mbps plan to 1 Gbps fiber plan. Please share pricing and process. (Location: Pune, Account #237241)",Service Request,Low,Positive,Closed,Pune,Maharashtra,Web Portal,2026-07-04 05:28:01
TC-40415,Customer_1051,user_1051@telecom-domain.com,One-way audio issue during phone calls,"When people call me, they cannot hear my voice at all while I can hear them clearly. Terrible experience. (Location: Mumbai, Account #246954)",Call Drops,High,Frustrated,Closed,Mumbai,Maharashtra,Mobile App,2026-08-12 11:24:01
TC-20462,Customer_1052,user_1052@telecom-domain.com,Security deposit refund not received after cancellation,"Cancelled my connection 45 days ago but ₹2,000 security deposit refund is still pending. Support promised 7 days. (Location: Chennai, Account #141461)",Billing Dispute,High,Angry,Closed,Chennai,Tamil Nadu,Branch Store,2026-07-02 08:01:01
TC-51687,Customer_1053,user_1053@telecom-domain.com,High latency and packet loss while working,"Experiencing 40% packet loss and high latency. Video calls on Zoom and Teams keep freezing constantly. (Location: Chennai, Account #817854)",Broadband Performance,High,Negative,Closed,Chennai,Tamil Nadu,Email,2026-02-21 00:55:01
TC-34267,Customer_1054,user_1054@telecom-domain.com,Cancel broadband subscription connection,"Subscribed to another provider due to continuous outages. Please disconnect line and refund deposit. (Location: Pune, Account #751884)",Cancellation,High,Angry,Closed,Pune,Maharashtra,Customer Care Call,2026-04-18 12:47:01
TC-80797,Customer_1055,user_1055@telecom-domain.com,SIM card showing no service,"My SIM suddenly stopped catching network signal. Checked on another phone, still says No Service. (Location: Chennai, Account #697492)",Network Connectivity,High,Angry,Closed,Chennai,Tamil Nadu,Email,2026-06-17 21:16:01
TC-78144,Customer_1056,user_1056@telecom-domain.com,International roaming data pack not working,"Purchased 5GB roaming data pack for international travel but roaming data is not activating. (Location: Pune, Account #913311)",Data / Usage Issue,High,Angry,Open,Pune,Maharashtra,Mobile App,2026-03-04 06:07:01
TC-28523,Customer_1057,user_1057@telecom-domain.com,Security deposit refund not received after cancellation,"Cancelled my connection 45 days ago but ₹2,000 security deposit refund is still pending. Support promised 7 days. (Location: Pune, Account #143789)",Billing Dispute,High,Angry,Closed,Pune,Maharashtra,Web Portal,2026-04-25 18:23:01
TC-48070,Customer_1058,user_1058@telecom-domain.com,Severe network outage in localized zone,"No broadband or cellular service available since last night heavy storm. Fiber cable seems damaged. (Location: Bengaluru, Account #198969)",Service Outage,High,Angry,Pending,Bengaluru,Karnataka,Web Portal,2026-04-19 16:00:01
TC-22952,Customer_1059,user_1059@telecom-domain.com,Call disconnects continuously on VoLTE,"HD voice call quality is pathetic. Audio breaks up and call drops without warning during important business calls. (Location: Jaipur, Account #177741)",Call Drops,High,Angry,Closed,Jaipur,Rajasthan,Branch Store,2026-03-03 14:59:01
TC-32276,Customer_1060,user_1060@telecom-domain.com,Severe network outage in localized zone,"No broadband or cellular service available since last night heavy storm. Fiber cable seems damaged. (Location: Delhi, Account #160485)",Service Outage,High,Angry,Closed,Delhi,Delhi,Mobile App,2026-07-31 11:28:01
TC-93293,Customer_1061,user_1061@telecom-domain.com,Complete service outage in operational area,"Total breakdown of voice and data services across post office area. Business is severely impacted. (Location: Jaipur, Account #595412)",Service Outage,High,Angry,Pending,Jaipur,Rajasthan,Customer Care Call,2026-04-29 04:44:01
TC-34165,Customer_1062,user_1062@telecom-domain.com,Call drops frequently while driving in city,"Call handoff between cell towers fails completely. Every call gets cut when moving between cell sectors. (Location: Pune, Account #283221)",Call Drops,Medium,Negative,Pending,Pune,Maharashtra,Customer Care Call,2026-06-06 05:22:01
TC-49308,Customer_1063,user_1063@telecom-domain.com,Faulty router Wi-Fi red light issue,"Router optical PON light turns solid red. No internet access on any Wi-Fi device. (Location: Chandigarh, Account #729108)",Equipment / Router,High,Angry,Pending,Chandigarh,Punjab,Email,2026-07-15 03:24:01
TC-42968,Customer_1064,user_1064@telecom-domain.com,Modem overheating and rebooting automatically,"Provided Wi-Fi router gets burning hot within 10 minutes and reboots continuously. (Location: Bengaluru, Account #281386)",Equipment / Router,High,Negative,Solved,Bengaluru,Karnataka,Customer Care Call,2026-04-12 10:54:01
TC-10120,Customer_1065,user_1065@telecom-domain.com,Request static IP allocation for home server,"Need static IPv4 address for remote access setup on my connection. (Location: Ahmedabad, Account #106896)",Service Request,Low,Neutral,Closed,Ahmedabad,Gujarat,Email,2026-06-30 04:50:01
TC-26665,Customer_1066,user_1066@telecom-domain.com,Unauthorized Value Added Service (VAS) charged,"My bill includes ₹299 for international roaming VAS which I never subscribed or activated. Deduct this immediately. (Location: Ahmedabad, Account #206164)",Billing Dispute,High,Angry,Open,Ahmedabad,Gujarat,Customer Care Call,2026-05-04 07:31:01
TC-27288,Customer_1067,user_1067@telecom-domain.com,No network coverage in my area,"I have zero mobile signal since morning in my apartment. Emergency calls only showing on screen. Please fix this cellular network issue immediately. (Location: Pune, Account #608534)",Network Connectivity,High,Angry,Solved,Pune,Maharashtra,Customer Care Call,2026-03-26 17:34:01
TC-40816,Customer_1068,user_1068@telecom-domain.com,Very slow fiber broadband speed,"Subscribed to 300 Mbps fiber plan but getting only 5 Mbps download speed. Speed test ping is over 250ms. Extremely slow. (Location: Chennai, Account #320901)",Broadband Performance,High,Angry,Closed,Chennai,Tamil Nadu,Mobile App,2026-03-09 21:40:01
TC-74298,Customer_1069,user_1069@telecom-domain.com,Poor signal strength indoors,"Signal is extremely weak inside my home. Cannot make any voice calls or use mobile internet unless I step outside. (Location: Hyderabad, Account #845015)",Network Connectivity,Medium,Negative,Closed,Hyderabad,Telangana,Email,2026-06-22 18:58:01
TC-67785,Customer_1070,user_1070@telecom-domain.com,Terminate account service immediately,"Unsatisfied with customer service and frequent billing errors. Terminate my plan today. (Location: Hyderabad, Account #119254)",Cancellation,High,Angry,Pending,Hyderabad,Telangana,Email,2026-02-26 01:12:01
TC-28986,Customer_1071,user_1071@telecom-domain.com,Very slow fiber broadband speed,"Subscribed to 300 Mbps fiber plan but getting only 5 Mbps download speed. Speed test ping is over 250ms. Extremely slow. (Location: Bengaluru, Account #313958)",Broadband Performance,High,Angry,Open,Bengaluru,Karnataka,Email,2026-03-20 05:16:01
TC-64685,Customer_1072,user_1072@telecom-domain.com,Request to shift broadband to new address,"Moving to new apartment next week. Need connection relocation feasible check and schedule. (Location: Jaipur, Account #586454)",Service Request,Low,Neutral,Open,Jaipur,Rajasthan,Branch Store,2026-07-03 16:11:01
TC-68487,Customer_1073,user_1073@telecom-domain.com,Delayed fiber installation appointment,"Fiber installation was scheduled for yesterday 2 PM. Technician did not turn up and phone is switched off. (Location: Delhi, Account #803684)",Installation,High,Angry,Solved,Delhi,Delhi,Web Portal,2026-05-30 16:39:01
TC-87103,Customer_1074,user_1074@telecom-domain.com,Network signal keeps dropping repeatedly,"Every time I travel through the electronic city corridor, signal completely dies for 15 minutes. Very unreliable network. (Location: Hyderabad, Account #711909)",Network Connectivity,High,Angry,Pending,Hyderabad,Telangana,Email,2026-05-06 10:14:01
TC-90862,Customer_1075,user_1075@telecom-domain.com,High latency and packet loss while working,"Experiencing 40% packet loss and high latency. Video calls on Zoom and Teams keep freezing constantly. (Location: Delhi, Account #197372)",Broadband Performance,High,Negative,Pending,Delhi,Delhi,Branch Store,2026-03-19 04:46:01
TC-28837,Customer_1076,user_1076@telecom-domain.com,Cancel broadband subscription connection,"Subscribed to another provider due to continuous outages. Please disconnect line and refund deposit. (Location: Chandigarh, Account #823204)",Cancellation,High,Angry,Closed,Chandigarh,Punjab,Mobile App,2026-04-03 06:22:01
TC-43039,Customer_1077,user_1077@telecom-domain.com,No resolution provided despite 5 calls,"Called customer care 5 times in 3 days. Promises callback every time but nobody calls back. (Location: Jaipur, Account #362689)",Customer Service,High,Angry,Open,Jaipur,Rajasthan,Customer Care Call,2026-02-20 04:22:01
TC-63216,Customer_1078,user_1078@telecom-domain.com,Plan upgrade request to Gigabit speed,"Want to upgrade existing 100 Mbps plan to 1 Gbps fiber plan. Please share pricing and process. (Location: Kolkata, Account #102314)",Service Request,Low,Positive,Solved,Kolkata,West Bengal,Mobile App,2026-03-06 10:49:01
TC-63196,Customer_1079,user_1079@telecom-domain.com,Request static IP allocation for home server,"Need static IPv4 address for remote access setup on my connection. (Location: Pune, Account #245315)",Service Request,Low,Neutral,Pending,Pune,Maharashtra,Branch Store,2026-08-12 09:07:01
TC-28707,Customer_1080,user_1080@telecom-domain.com,Call drops frequently while driving in city,"Call handoff between cell towers fails completely. Every call gets cut when moving between cell sectors. (Location: Delhi, Account #278347)",Call Drops,Medium,Negative,Open,Delhi,Delhi,Mobile App,2026-03-02 21:40:01
TC-90739,Customer_1081,user_1081@telecom-domain.com,Daily FUP data quota exhausted instantly,"My 2GB daily data limit got exhausted at 10 AM without heavy usage. Metering system is inaccurate. (Location: Bengaluru, Account #398766)",Data / Usage Issue,Medium,Frustrated,Pending,Bengaluru,Karnataka,Branch Store,2026-03-09 04:15:01
TC-56838,Customer_1082,user_1082@telecom-domain.com,Daily FUP data quota exhausted instantly,"My 2GB daily data limit got exhausted at 10 AM without heavy usage. Metering system is inaccurate. (Location: Jaipur, Account #446502)",Data / Usage Issue,Medium,Frustrated,Pending,Jaipur,Rajasthan,Branch Store,2026-06-30 23:19:01
TC-55671,Customer_1083,user_1083@telecom-domain.com,Faulty router Wi-Fi red light issue,"Router optical PON light turns solid red. No internet access on any Wi-Fi device. (Location: Bengaluru, Account #942130)",Equipment / Router,High,Angry,Pending,Bengaluru,Karnataka,Email,2026-02-20 02:08:01
TC-64405,Customer_1084,user_1084@telecom-domain.com,International roaming data pack not working,"Purchased 5GB roaming data pack for international travel but roaming data is not activating. (Location: Chandigarh, Account #419847)",Data / Usage Issue,High,Angry,Closed,Chandigarh,Punjab,Email,2026-03-16 13:55:01
TC-50904,Customer_1085,user_1085@telecom-domain.com,Requesting MNP UPC port out code due to poor network,"Tired of frequent call drops and zero coverage. Want to port out my number to another operator immediately. (Location: Chennai, Account #276529)",Cancellation,High,Angry,Closed,Chennai,Tamil Nadu,Email,2026-05-13 08:16:01
TC-27481,Customer_1086,user_1086@telecom-domain.com,No resolution provided despite 5 calls,"Called customer care 5 times in 3 days. Promises callback every time but nobody calls back. (Location: Mumbai, Account #750948)",Customer Service,High,Angry,Closed,Mumbai,Maharashtra,Mobile App,2026-05-24 11:36:01
TC-33876,Customer_1087,user_1087@telecom-domain.com,Request static IP allocation for home server,"Need static IPv4 address for remote access setup on my connection. (Location: Delhi, Account #739471)",Service Request,Low,Neutral,Closed,Delhi,Delhi,Web Portal,2026-05-29 21:02:01
TC-19579,Customer_1088,user_1088@telecom-domain.com,Complete fiber optic broadband blackout,"Total internet and landline blackout across our entire apartment complex since 8 AM today. No response from helpline. (Location: Chandigarh, Account #970322)",Service Outage,High,Angry,Closed,Chandigarh,Punjab,Web Portal,2026-06-26 08:22:01
TC-52894,Customer_1089,user_1089@telecom-domain.com,Unauthorized Value Added Service (VAS) charged,"My bill includes ₹299 for international roaming VAS which I never subscribed or activated. Deduct this immediately. (Location: Hyderabad, Account #809175)",Billing Dispute,High,Angry,Solved,Hyderabad,Telangana,Web Portal,2026-08-02 20:05:01
TC-38312,Customer_1090,user_1090@telecom-domain.com,Data balance deducted without internet usage,"500MB data debited automatically overnight while mobile data switch was off. Please audit usage logs. (Location: Jaipur, Account #438645)",Data / Usage Issue,Medium,Negative,Closed,Jaipur,Rajasthan,Branch Store,2026-05-28 15:57:01
TC-72002,Customer_1091,user_1091@telecom-domain.com,Rude customer care support agent behavior,"Customer service agent hung up the call on me while explaining my broadband issue. Worst support ever. (Location: Chandigarh, Account #606211)",Customer Service,High,Angry,Pending,Chandigarh,Punjab,Branch Store,2026-04-05 20:36:01
TC-87167,Customer_1092,user_1092@telecom-domain.com,Incorrect plan billing amount charged,"Subscribed to ₹599 plan but bill generated is ₹1,199. High overcharge without explanation. (Location: Mumbai, Account #209501)",Billing Dispute,Medium,Frustrated,Solved,Mumbai,Maharashtra,Customer Care Call,2026-08-12 21:27:01
TC-90905,Customer_1093,user_1093@telecom-domain.com,Frequent loss of 4G/5G connection,"My phone continuously drops from 5G to 2G every 10 minutes. Network bar completely disappears in office building. (Location: Jaipur, Account #124834)",Network Connectivity,High,Negative,Open,Jaipur,Rajasthan,Email,2026-03-30 03:15:01
TC-77648,Customer_1094,user_1094@telecom-domain.com,Call disconnects continuously on VoLTE,"HD voice call quality is pathetic. Audio breaks up and call drops without warning during important business calls. (Location: Chandigarh, Account #204775)",Call Drops,High,Angry,Closed,Chandigarh,Punjab,Branch Store,2026-03-08 10:34:01
TC-57865,Customer_1095,user_1095@telecom-domain.com,Regional mobile tower power failure outage,"All mobile network connectivity is down in HSR Layout sector 2. Whole neighborhood affected. (Location: Jaipur, Account #457281)",Service Outage,High,Angry,Pending,Jaipur,Rajasthan,Email,2026-05-08 11:06:01
TC-31685,Customer_1096,user_1096@telecom-domain.com,Modem overheating and rebooting automatically,"Provided Wi-Fi router gets burning hot within 10 minutes and reboots continuously. (Location: Pune, Account #615086)",Equipment / Router,High,Negative,Closed,Pune,Maharashtra,Web Portal,2026-05-19 14:57:01
TC-37488,Customer_1097,user_1097@telecom-domain.com,Voice call drops within 30 seconds,"Almost every call drops automatically within 20 to 30 seconds. Unusable voice calling service. (Location: Hyderabad, Account #892923)",Call Drops,High,Angry,Pending,Hyderabad,Telangana,Customer Care Call,2026-06-03 22:44:01
TC-26921,Customer_1098,user_1098@telecom-domain.com,Network signal keeps dropping repeatedly,"Every time I travel through the electronic city corridor, signal completely dies for 15 minutes. Very unreliable network. (Location: Chennai, Account #981880)",Network Connectivity,High,Angry,Closed,Chennai,Tamil Nadu,Mobile App,2026-05-25 16:09:01
TC-60371,Customer_1099,user_1099@telecom-domain.com,Security deposit refund not received after cancellation,"Cancelled my connection 45 days ago but ₹2,000 security deposit refund is still pending. Support promised 7 days. (Location: Jaipur, Account #264020)",Billing Dispute,High,Angry,Open,Jaipur,Rajasthan,Mobile App,2026-03-09 11:04:01
TC-19632,Customer_1100,user_1100@telecom-domain.com,Frequent internet disconnects every hour,"Broadband connection disconnects every 30 minutes while working from home. PON light on fiber ONT blinks red. (Location: Jaipur, Account #137009)",Broadband Performance,High,Angry,Closed,Jaipur,Rajasthan,Branch Store,2026-05-17 18:31:01
TC-74102,Customer_1101,user_1101@telecom-domain.com,International roaming data pack not working,"Purchased 5GB roaming data pack for international travel but roaming data is not activating. (Location: Hyderabad, Account #501197)",Data / Usage Issue,High,Angry,Solved,Hyderabad,Telangana,Customer Care Call,2026-05-13 03:25:01
TC-65824,Customer_1102,user_1102@telecom-domain.com,Requesting MNP UPC port out code due to poor network,"Tired of frequent call drops and zero coverage. Want to port out my number to another operator immediately. (Location: Hyderabad, Account #561489)",Cancellation,High,Angry,Closed,Hyderabad,Telangana,Branch Store,2026-07-11 05:57:01
TC-42622,Customer_1103,user_1103@telecom-domain.com,Terminate account service immediately,"Unsatisfied with customer service and frequent billing errors. Terminate my plan today. (Location: Delhi, Account #340479)",Cancellation,High,Angry,Open,Delhi,Delhi,Branch Store,2026-07-08 10:43:01
TC-43530,Customer_1104,user_1104@telecom-domain.com,Regional mobile tower power failure outage,"All mobile network connectivity is down in HSR Layout sector 2. Whole neighborhood affected. (Location: Hyderabad, Account #393244)",Service Outage,High,Angry,Closed,Hyderabad,Telangana,Customer Care Call,2026-05-07 13:10:01
TC-24069,Customer_1105,user_1105@telecom-domain.com,Data speed throttled to 64 Kbps incorrectly,"High speed data quota shows 50% balance in app but speed is throttled to unusable 64 Kbps. (Location: Delhi, Account #960495)",Data / Usage Issue,High,Negative,Solved,Delhi,Delhi,Web Portal,2026-03-15 20:45:01
TC-70340,Customer_1106,user_1106@telecom-domain.com,Voice call drops within 30 seconds,"Almost every call drops automatically within 20 to 30 seconds. Unusable voice calling service. (Location: Ahmedabad, Account #501739)",Call Drops,High,Angry,Closed,Ahmedabad,Gujarat,Customer Care Call,2026-04-08 00:49:01
TC-21205,Customer_1107,user_1107@telecom-domain.com,Misleading information given by call center,"Support executive promised bill adjustment within 24 hours but ticket was closed without action. (Location: Chennai, Account #199042)",Customer Service,High,Angry,Pending,Chennai,Tamil Nadu,Web Portal,2026-07-19 06:21:01
TC-65283,Customer_1108,user_1108@telecom-domain.com,Incorrect plan billing amount charged,"Subscribed to ₹599 plan but bill generated is ₹1,199. High overcharge without explanation. (Location: Chennai, Account #553444)",Billing Dispute,Medium,Frustrated,Solved,Chennai,Tamil Nadu,Mobile App,2026-07-24 03:47:01
TC-47996,Customer_1109,user_1109@telecom-domain.com,Rude customer care support agent behavior,"Customer service agent hung up the call on me while explaining my broadband issue. Worst support ever. (Location: Delhi, Account #404213)",Customer Service,High,Angry,Pending,Delhi,Delhi,Customer Care Call,2026-04-01 04:45:01
TC-22419,Customer_1110,user_1110@telecom-domain.com,Pending broadband connection setup over 5 days,"Applied for new fiber connection 5 days ago. Payment completed but technician installation pending. (Location: Hyderabad, Account #445643)",Installation,Medium,Frustrated,Open,Hyderabad,Telangana,Branch Store,2026-03-13 10:57:01
TC-30410,Customer_1111,user_1111@telecom-domain.com,Modem overheating and rebooting automatically,"Provided Wi-Fi router gets burning hot within 10 minutes and reboots continuously. (Location: Delhi, Account #121903)",Equipment / Router,High,Negative,Closed,Delhi,Delhi,Customer Care Call,2026-08-11 20:20:01
TC-49159,Customer_1112,user_1112@telecom-domain.com,Request static IP allocation for home server,"Need static IPv4 address for remote access setup on my connection. (Location: Bengaluru, Account #970761)",Service Request,Low,Neutral,Solved,Bengaluru,Karnataka,Email,2026-06-24 13:54:01
TC-12485,Customer_1113,user_1113@telecom-domain.com,Call disconnects continuously on VoLTE,"HD voice call quality is pathetic. Audio breaks up and call drops without warning during important business calls. (Location: Ahmedabad, Account #839713)",Call Drops,High,Angry,Solved,Ahmedabad,Gujarat,Web Portal,2026-04-15 13:48:01
TC-26051,Customer_1114,user_1114@telecom-domain.com,Modem overheating and rebooting automatically,"Provided Wi-Fi router gets burning hot within 10 minutes and reboots continuously. (Location: Delhi, Account #339052)",Equipment / Router,High,Negative,Open,Delhi,Delhi,Mobile App,2026-07-21 10:10:01
TC-61500,Customer_1115,user_1115@telecom-domain.com,Misleading information given by call center,"Support executive promised bill adjustment within 24 hours but ticket was closed without action. (Location: Ahmedabad, Account #187165)",Customer Service,High,Angry,Open,Ahmedabad,Gujarat,Branch Store,2026-03-26 01:13:01
TC-34252,Customer_1116,user_1116@telecom-domain.com,SIM card showing no service,"My SIM suddenly stopped catching network signal. Checked on another phone, still says No Service. (Location: Hyderabad, Account #564693)",Network Connectivity,High,Angry,Open,Hyderabad,Telangana,Branch Store,2026-07-23 05:21:01
TC-86688,Customer_1117,user_1117@telecom-domain.com,Plan upgrade request to Gigabit speed,"Want to upgrade existing 100 Mbps plan to 1 Gbps fiber plan. Please share pricing and process. (Location: Bengaluru, Account #789908)",Service Request,Low,Positive,Solved,Bengaluru,Karnataka,Customer Care Call,2026-03-12 00:47:01
TC-85693,Customer_1118,user_1118@telecom-domain.com,Terminate account service immediately,"Unsatisfied with customer service and frequent billing errors. Terminate my plan today. (Location: Jaipur, Account #463577)",Cancellation,High,Angry,Pending,Jaipur,Rajasthan,Mobile App,2026-05-05 18:43:01
TC-19292,Customer_1119,user_1119@telecom-domain.com,Voice call drops within 30 seconds,"Almost every call drops automatically within 20 to 30 seconds. Unusable voice calling service. (Location: Hyderabad, Account #961304)",Call Drops,High,Angry,Solved,Hyderabad,Telangana,Branch Store,2026-06-28 09:50:01
TC-23915,Customer_1120,user_1120@telecom-domain.com,International roaming data pack not working,"Purchased 5GB roaming data pack for international travel but roaming data is not activating. (Location: Kolkata, Account #922478)",Data / Usage Issue,High,Angry,Open,Kolkata,West Bengal,Email,2026-04-18 10:45:01
TC-36739,Customer_1121,user_1121@telecom-domain.com,Call drops frequently while driving in city,"Call handoff between cell towers fails completely. Every call gets cut when moving between cell sectors. (Location: Chennai, Account #902819)",Call Drops,Medium,Negative,Pending,Chennai,Tamil Nadu,Customer Care Call,2026-08-08 05:40:01
TC-56592,Customer_1122,user_1122@telecom-domain.com,Modem overheating and rebooting automatically,"Provided Wi-Fi router gets burning hot within 10 minutes and reboots continuously. (Location: Hyderabad, Account #892681)",Equipment / Router,High,Negative,Pending,Hyderabad,Telangana,Mobile App,2026-05-04 07:30:01
TC-18917,Customer_1123,user_1123@telecom-domain.com,Terminate account service immediately,"Unsatisfied with customer service and frequent billing errors. Terminate my plan today. (Location: Kolkata, Account #123000)",Cancellation,High,Angry,Solved,Kolkata,West Bengal,Web Portal,2026-07-05 02:23:01
TC-64875,Customer_1124,user_1124@telecom-domain.com,Requesting MNP UPC port out code due to poor network,"Tired of frequent call drops and zero coverage. Want to port out my number to another operator immediately. (Location: Delhi, Account #115133)",Cancellation,High,Angry,Closed,Delhi,Delhi,Email,2026-04-02 10:38:01
TC-98576,Customer_1125,user_1125@telecom-domain.com,Data speed throttled to 64 Kbps incorrectly,"High speed data quota shows 50% balance in app but speed is throttled to unusable 64 Kbps. (Location: Delhi, Account #766998)",Data / Usage Issue,High,Negative,Pending,Delhi,Delhi,Email,2026-05-17 18:35:01
TC-93596,Customer_1126,user_1126@telecom-domain.com,No network coverage in my area,"I have zero mobile signal since morning in my apartment. Emergency calls only showing on screen. Please fix this cellular network issue immediately. (Location: Mumbai, Account #318929)",Network Connectivity,High,Angry,Pending,Mumbai,Maharashtra,Branch Store,2026-05-22 23:01:01
TC-33558,Customer_1127,user_1127@telecom-domain.com,Severe network outage in localized zone,"No broadband or cellular service available since last night heavy storm. Fiber cable seems damaged. (Location: Delhi, Account #791924)",Service Outage,High,Angry,Pending,Delhi,Delhi,Branch Store,2026-08-11 12:31:01
TC-99825,Customer_1128,user_1128@telecom-domain.com,Complete fiber optic broadband blackout,"Total internet and landline blackout across our entire apartment complex since 8 AM today. No response from helpline. (Location: Jaipur, Account #402896)",Service Outage,High,Angry,Pending,Jaipur,Rajasthan,Customer Care Call,2026-05-25 09:16:01
TC-29051,Customer_1129,user_1129@telecom-domain.com,Frequent loss of 4G/5G connection,"My phone continuously drops from 5G to 2G every 10 minutes. Network bar completely disappears in office building. (Location: Ahmedabad, Account #568839)",Network Connectivity,High,Negative,Closed,Ahmedabad,Gujarat,Web Portal,2026-08-17 15:10:01
TC-88991,Customer_1130,user_1130@telecom-domain.com,Daily FUP data quota exhausted instantly,"My 2GB daily data limit got exhausted at 10 AM without heavy usage. Metering system is inaccurate. (Location: Ahmedabad, Account #789471)",Data / Usage Issue,Medium,Frustrated,Closed,Ahmedabad,Gujarat,Email,2026-08-17 13:31:01
TC-87445,Customer_1131,user_1131@telecom-domain.com,Plan upgrade request to Gigabit speed,"Want to upgrade existing 100 Mbps plan to 1 Gbps fiber plan. Please share pricing and process. (Location: Pune, Account #565026)",Service Request,Low,Positive,Closed,Pune,Maharashtra,Email,2026-02-22 20:48:01
TC-64461,Customer_1132,user_1132@telecom-domain.com,Wi-Fi range very weak and dropping,"Wi-Fi signal cuts out 5 meters away from router. Need dual-band router replacement. (Location: Pune, Account #572214)",Equipment / Router,Medium,Negative,Open,Pune,Maharashtra,Email,2026-06-01 13:38:01
TC-74170,Customer_1133,user_1133@telecom-domain.com,Incorrect plan billing amount charged,"Subscribed to ₹599 plan but bill generated is ₹1,199. High overcharge without explanation. (Location: Chennai, Account #913663)",Billing Dispute,Medium,Frustrated,Closed,Chennai,Tamil Nadu,Email,2026-02-23 17:39:01
TC-90064,Customer_1134,user_1134@telecom-domain.com,International roaming data pack not working,"Purchased 5GB roaming data pack for international travel but roaming data is not activating. (Location: Kolkata, Account #695580)",Data / Usage Issue,High,Angry,Open,Kolkata,West Bengal,Customer Care Call,2026-07-21 20:44:01
TC-25552,Customer_1135,user_1135@telecom-domain.com,Broadband speed throttling during peak hours,"Every evening between 7 PM and 11 PM speed drops below 2 Mbps. This is unacceptable service quality. (Location: Chandigarh, Account #634923)",Broadband Performance,Medium,Frustrated,Pending,Chandigarh,Punjab,Web Portal,2026-07-27 19:47:01
TC-22577,Customer_1136,user_1136@telecom-domain.com,Request static IP allocation for home server,"Need static IPv4 address for remote access setup on my connection. (Location: Kolkata, Account #383590)",Service Request,Low,Neutral,Open,Kolkata,West Bengal,Customer Care Call,2026-03-09 00:59:01
TC-83257,Customer_1137,user_1137@telecom-domain.com,Misleading information given by call center,"Support executive promised bill adjustment within 24 hours but ticket was closed without action. (Location: Pune, Account #630560)",Customer Service,High,Angry,Solved,Pune,Maharashtra,Customer Care Call,2026-03-18 14:25:01
TC-43544,Customer_1138,user_1138@telecom-domain.com,Incorrect plan billing amount charged,"Subscribed to ₹599 plan but bill generated is ₹1,199. High overcharge without explanation. (Location: Mumbai, Account #911568)",Billing Dispute,Medium,Frustrated,Solved,Mumbai,Maharashtra,Email,2026-04-03 01:45:01
TC-45313,Customer_1139,user_1139@telecom-domain.com,Cancel broadband subscription connection,"Subscribed to another provider due to continuous outages. Please disconnect line and refund deposit. (Location: Hyderabad, Account #422296)",Cancellation,High,Angry,Closed,Hyderabad,Telangana,Branch Store,2026-06-05 18:28:01
TC-94552,Customer_1140,user_1140@telecom-domain.com,Requesting MNP UPC port out code due to poor network,"Tired of frequent call drops and zero coverage. Want to port out my number to another operator immediately. (Location: Kolkata, Account #542293)",Cancellation,High,Angry,Pending,Kolkata,West Bengal,Email,2026-05-31 22:43:01
TC-33070,Customer_1141,user_1141@telecom-domain.com,Frequent internet disconnects every hour,"Broadband connection disconnects every 30 minutes while working from home. PON light on fiber ONT blinks red. (Location: Mumbai, Account #487618)",Broadband Performance,High,Angry,Solved,Mumbai,Maharashtra,Branch Store,2026-04-01 21:23:01
TC-49512,Customer_1142,user_1142@telecom-domain.com,Misleading information given by call center,"Support executive promised bill adjustment within 24 hours but ticket was closed without action. (Location: Ahmedabad, Account #461619)",Customer Service,High,Angry,Closed,Ahmedabad,Gujarat,Customer Care Call,2026-05-31 22:32:01
TC-82936,Customer_1143,user_1143@telecom-domain.com,No resolution provided despite 5 calls,"Called customer care 5 times in 3 days. Promises callback every time but nobody calls back. (Location: Ahmedabad, Account #997006)",Customer Service,High,Angry,Solved,Ahmedabad,Gujarat,Branch Store,2026-02-20 18:38:01
TC-11487,Customer_1144,user_1144@telecom-domain.com,Complete service outage in operational area,"Total breakdown of voice and data services across post office area. Business is severely impacted. (Location: Kolkata, Account #249277)",Service Outage,High,Angry,Pending,Kolkata,West Bengal,Branch Store,2026-04-01 08:50:01
TC-90043,Customer_1145,user_1145@telecom-domain.com,Pending broadband connection setup over 5 days,"Applied for new fiber connection 5 days ago. Payment completed but technician installation pending. (Location: Pune, Account #579538)",Installation,Medium,Frustrated,Closed,Pune,Maharashtra,Email,2026-03-18 17:09:01
TC-36678,Customer_1146,user_1146@telecom-domain.com,Very slow fiber broadband speed,"Subscribed to 300 Mbps fiber plan but getting only 5 Mbps download speed. Speed test ping is over 250ms. Extremely slow. (Location: Ahmedabad, Account #308433)",Broadband Performance,High,Angry,Closed,Ahmedabad,Gujarat,Email,2026-05-30 19:17:01
TC-37554,Customer_1147,user_1147@telecom-domain.com,Rude customer care support agent behavior,"Customer service agent hung up the call on me while explaining my broadband issue. Worst support ever. (Location: Chennai, Account #173438)",Customer Service,High,Angry,Open,Chennai,Tamil Nadu,Mobile App,2026-08-08 07:46:01
TC-30573,Customer_1148,user_1148@telecom-domain.com,Network signal keeps dropping repeatedly,"Every time I travel through the electronic city corridor, signal completely dies for 15 minutes. Very unreliable network. (Location: Bengaluru, Account #828808)",Network Connectivity,High,Angry,Open,Bengaluru,Karnataka,Branch Store,2026-04-20 12:42:01
TC-71845,Customer_1149,user_1149@telecom-domain.com,Terminate account service immediately,"Unsatisfied with customer service and frequent billing errors. Terminate my plan today. (Location: Jaipur, Account #784244)",Cancellation,High,Angry,Open,Jaipur,Rajasthan,Web Portal,2026-06-13 10:37:01
TC-93452,Customer_1150,user_1150@telecom-domain.com,International roaming data pack not working,"Purchased 5GB roaming data pack for international travel but roaming data is not activating. (Location: Ahmedabad, Account #673155)",Data / Usage Issue,High,Angry,Closed,Ahmedabad,Gujarat,Customer Care Call,2026-05-15 07:19:01
TC-45427,Customer_1151,user_1151@telecom-domain.com,Regional mobile tower power failure outage,"All mobile network connectivity is down in HSR Layout sector 2. Whole neighborhood affected. (Location: Delhi, Account #575291)",Service Outage,High,Angry,Pending,Delhi,Delhi,Web Portal,2026-07-16 03:52:01
TC-61585,Customer_1152,user_1152@telecom-domain.com,Daily FUP data quota exhausted instantly,"My 2GB daily data limit got exhausted at 10 AM without heavy usage. Metering system is inaccurate. (Location: Chennai, Account #541921)",Data / Usage Issue,Medium,Frustrated,Open,Chennai,Tamil Nadu,Web Portal,2026-07-28 20:23:01
TC-70425,Customer_1153,user_1153@telecom-domain.com,Auto-debit failure penalty wrongly applied,"Bank auto-debit succeeded on time but your system marked late payment fee ₹250. Please reverse penalty. (Location: Jaipur, Account #203371)",Billing Dispute,Medium,Negative,Open,Jaipur,Rajasthan,Branch Store,2026-04-12 18:25:01
TC-37935,Customer_1154,user_1154@telecom-domain.com,Request static IP allocation for home server,"Need static IPv4 address for remote access setup on my connection. (Location: Hyderabad, Account #355630)",Service Request,Low,Neutral,Pending,Hyderabad,Telangana,Email,2026-05-31 03:02:01
TC-68319,Customer_1155,user_1155@telecom-domain.com,Severe network outage in localized zone,"No broadband or cellular service available since last night heavy storm. Fiber cable seems damaged. (Location: Mumbai, Account #814435)",Service Outage,High,Angry,Closed,Mumbai,Maharashtra,Web Portal,2026-04-06 21:01:01
TC-16255,Customer_1156,user_1156@telecom-domain.com,Terminate account service immediately,"Unsatisfied with customer service and frequent billing errors. Terminate my plan today. (Location: Ahmedabad, Account #487081)",Cancellation,High,Angry,Pending,Ahmedabad,Gujarat,Email,2026-05-12 08:42:01
TC-40675,Customer_1157,user_1157@telecom-domain.com,Complete fiber optic broadband blackout,"Total internet and landline blackout across our entire apartment complex since 8 AM today. No response from helpline. (Location: Delhi, Account #647872)",Service Outage,High,Angry,Open,Delhi,Delhi,Customer Care Call,2026-07-30 23:01:01
TC-29744,Customer_1158,user_1158@telecom-domain.com,Requesting MNP UPC port out code due to poor network,"Tired of frequent call drops and zero coverage. Want to port out my number to another operator immediately. (Location: Pune, Account #587544)",Cancellation,High,Angry,Closed,Pune,Maharashtra,Customer Care Call,2026-03-26 14:34:01
TC-33733,Customer_1159,user_1159@telecom-domain.com,Very slow fiber broadband speed,"Subscribed to 300 Mbps fiber plan but getting only 5 Mbps download speed. Speed test ping is over 250ms. Extremely slow. (Location: Jaipur, Account #957063)",Broadband Performance,High,Angry,Solved,Jaipur,Rajasthan,Mobile App,2026-06-10 13:59:01
TC-17316,Customer_1160,user_1160@telecom-domain.com,International roaming data pack not working,"Purchased 5GB roaming data pack for international travel but roaming data is not activating. (Location: Delhi, Account #884720)",Data / Usage Issue,High,Angry,Open,Delhi,Delhi,Customer Care Call,2026-06-10 19:24:01
TC-20079,Customer_1161,user_1161@telecom-domain.com,Double charge on monthly broadband bill,"I was charged twice ₹1,499 for the current month bill. Money deducted twice from credit card but status shows pending. (Location: Pune, Account #582101)",Billing Dispute,High,Angry,Pending,Pune,Maharashtra,Branch Store,2026-03-18 17:13:01
TC-78734,Customer_1162,user_1162@telecom-domain.com,Terminate account service immediately,"Unsatisfied with customer service and frequent billing errors. Terminate my plan today. (Location: Chennai, Account #150996)",Cancellation,High,Angry,Solved,Chennai,Tamil Nadu,Mobile App,2026-02-20 02:53:01
TC-57597,Customer_1163,user_1163@telecom-domain.com,Requesting MNP UPC port out code due to poor network,"Tired of frequent call drops and zero coverage. Want to port out my number to another operator immediately. (Location: Mumbai, Account #850564)",Cancellation,High,Angry,Solved,Mumbai,Maharashtra,Web Portal,2026-03-23 08:47:01
TC-15135,Customer_1164,user_1164@telecom-domain.com,Voice call drops within 30 seconds,"Almost every call drops automatically within 20 to 30 seconds. Unusable voice calling service. (Location: Ahmedabad, Account #398506)",Call Drops,High,Angry,Pending,Ahmedabad,Gujarat,Mobile App,2026-05-24 20:26:01
TC-85294,Customer_1165,user_1165@telecom-domain.com,Frequent loss of 4G/5G connection,"My phone continuously drops from 5G to 2G every 10 minutes. Network bar completely disappears in office building. (Location: Bengaluru, Account #723515)",Network Connectivity,High,Negative,Pending,Bengaluru,Karnataka,Web Portal,2026-07-25 03:05:01
TC-38790,Customer_1166,user_1166@telecom-domain.com,Poor signal strength indoors,"Signal is extremely weak inside my home. Cannot make any voice calls or use mobile internet unless I step outside. (Location: Chandigarh, Account #670284)",Network Connectivity,Medium,Negative,Closed,Chandigarh,Punjab,Mobile App,2026-07-17 11:40:01
TC-10927,Customer_1167,user_1167@telecom-domain.com,Complete fiber optic broadband blackout,"Total internet and landline blackout across our entire apartment complex since 8 AM today. No response from helpline. (Location: Chennai, Account #517950)",Service Outage,High,Angry,Solved,Chennai,Tamil Nadu,Mobile App,2026-05-25 16:13:01
TC-95035,Customer_1168,user_1168@telecom-domain.com,Request static IP allocation for home server,"Need static IPv4 address for remote access setup on my connection. (Location: Pune, Account #904276)",Service Request,Low,Neutral,Pending,Pune,Maharashtra,Mobile App,2026-08-04 13:29:01
TC-91633,Customer_1169,user_1169@telecom-domain.com,Cancel broadband subscription connection,"Subscribed to another provider due to continuous outages. Please disconnect line and refund deposit. (Location: Chennai, Account #545425)",Cancellation,High,Angry,Pending,Chennai,Tamil Nadu,Email,2026-05-07 03:20:01
TC-36468,Customer_1170,user_1170@telecom-domain.com,Requesting MNP UPC port out code due to poor network,"Tired of frequent call drops and zero coverage. Want to port out my number to another operator immediately. (Location: Mumbai, Account #973017)",Cancellation,High,Angry,Solved,Mumbai,Maharashtra,Mobile App,2026-06-08 20:30:01
TC-62405,Customer_1171,user_1171@telecom-domain.com,Terminate account service immediately,"Unsatisfied with customer service and frequent billing errors. Terminate my plan today. (Location: Chennai, Account #910732)",Cancellation,High,Angry,Closed,Chennai,Tamil Nadu,Branch Store,2026-06-23 13:48:01
TC-52619,Customer_1172,user_1172@telecom-domain.com,Frequent internet disconnects every hour,"Broadband connection disconnects every 30 minutes while working from home. PON light on fiber ONT blinks red. (Location: Pune, Account #726603)",Broadband Performance,High,Angry,Pending,Pune,Maharashtra,Mobile App,2026-06-17 16:21:01
TC-24221,Customer_1173,user_1173@telecom-domain.com,Security deposit refund not received after cancellation,"Cancelled my connection 45 days ago but ₹2,000 security deposit refund is still pending. Support promised 7 days. (Location: Kolkata, Account #895827)",Billing Dispute,High,Angry,Closed,Kolkata,West Bengal,Mobile App,2026-04-06 04:42:01
TC-19373,Customer_1174,user_1174@telecom-domain.com,Request to shift broadband to new address,"Moving to new apartment next week. Need connection relocation feasible check and schedule. (Location: Kolkata, Account #270208)",Service Request,Low,Neutral,Pending,Kolkata,West Bengal,Customer Care Call,2026-04-20 19:50:01
TC-88577,Customer_1175,user_1175@telecom-domain.com,Pending broadband connection setup over 5 days,"Applied for new fiber connection 5 days ago. Payment completed but technician installation pending. (Location: Mumbai, Account #830454)",Installation,Medium,Frustrated,Pending,Mumbai,Maharashtra,Email,2026-02-27 08:25:01
TC-72215,Customer_1176,user_1176@telecom-domain.com,Misleading information given by call center,"Support executive promised bill adjustment within 24 hours but ticket was closed without action. (Location: Mumbai, Account #942997)",Customer Service,High,Angry,Open,Mumbai,Maharashtra,Web Portal,2026-07-07 14:15:01
TC-66807,Customer_1177,user_1177@telecom-domain.com,Cancel broadband subscription connection,"Subscribed to another provider due to continuous outages. Please disconnect line and refund deposit. (Location: Pune, Account #248743)",Cancellation,High,Angry,Solved,Pune,Maharashtra,Email,2026-02-22 09:03:01
TC-25454,Customer_1178,user_1178@telecom-domain.com,Modem overheating and rebooting automatically,"Provided Wi-Fi router gets burning hot within 10 minutes and reboots continuously. (Location: Bengaluru, Account #216945)",Equipment / Router,High,Negative,Open,Bengaluru,Karnataka,Customer Care Call,2026-04-24 01:57:01
TC-83087,Customer_1179,user_1179@telecom-domain.com,Incorrect plan billing amount charged,"Subscribed to ₹599 plan but bill generated is ₹1,199. High overcharge without explanation. (Location: Ahmedabad, Account #507145)",Billing Dispute,Medium,Frustrated,Pending,Ahmedabad,Gujarat,Branch Store,2026-08-13 03:19:01
TC-90589,Customer_1180,user_1180@telecom-domain.com,Call disconnects continuously on VoLTE,"HD voice call quality is pathetic. Audio breaks up and call drops without warning during important business calls. (Location: Kolkata, Account #899400)",Call Drops,High,Angry,Open,Kolkata,West Bengal,Mobile App,2026-07-25 10:28:01
TC-99119,Customer_1181,user_1181@telecom-domain.com,Request static IP allocation for home server,"Need static IPv4 address for remote access setup on my connection. (Location: Delhi, Account #193788)",Service Request,Low,Neutral,Pending,Delhi,Delhi,Customer Care Call,2026-03-16 15:13:01
TC-72117,Customer_1182,user_1182@telecom-domain.com,Request static IP allocation for home server,"Need static IPv4 address for remote access setup on my connection. (Location: Delhi, Account #289774)",Service Request,Low,Neutral,Pending,Delhi,Delhi,Web Portal,2026-05-10 20:12:01
TC-86955,Customer_1183,user_1183@telecom-domain.com,Unable to make outgoing calls,"Outgoing calls immediately get terminated with call ended error. Incoming calls work fine. (Location: Jaipur, Account #719942)",Call Drops,High,Angry,Open,Jaipur,Rajasthan,Customer Care Call,2026-06-29 11:51:01
TC-24194,Customer_1184,user_1184@telecom-domain.com,Broadband speed throttling during peak hours,"Every evening between 7 PM and 11 PM speed drops below 2 Mbps. This is unacceptable service quality. (Location: Hyderabad, Account #332679)",Broadband Performance,Medium,Frustrated,Pending,Hyderabad,Telangana,Branch Store,2026-06-01 17:24:01
TC-65463,Customer_1185,user_1185@telecom-domain.com,Fiber optical cable line signal unstable,"Fiber link drops repeatedly. Router loses IP address allocation every morning. (Location: Ahmedabad, Account #303094)",Broadband Performance,Medium,Negative,Solved,Ahmedabad,Gujarat,Branch Store,2026-07-18 14:40:01
TC-44816,Customer_1186,user_1186@telecom-domain.com,Terminate account service immediately,"Unsatisfied with customer service and frequent billing errors. Terminate my plan today. (Location: Chennai, Account #940178)",Cancellation,High,Angry,Open,Chennai,Tamil Nadu,Email,2026-07-11 15:47:01
TC-41701,Customer_1187,user_1187@telecom-domain.com,Call disconnects continuously on VoLTE,"HD voice call quality is pathetic. Audio breaks up and call drops without warning during important business calls. (Location: Delhi, Account #341377)",Call Drops,High,Angry,Solved,Delhi,Delhi,Customer Care Call,2026-04-18 10:50:01
TC-13796,Customer_1188,user_1188@telecom-domain.com,Complete service outage in operational area,"Total breakdown of voice and data services across post office area. Business is severely impacted. (Location: Delhi, Account #378530)",Service Outage,High,Angry,Closed,Delhi,Delhi,Customer Care Call,2026-06-13 14:45:01
TC-14502,Customer_1189,user_1189@telecom-domain.com,Rude customer care support agent behavior,"Customer service agent hung up the call on me while explaining my broadband issue. Worst support ever. (Location: Delhi, Account #557619)",Customer Service,High,Angry,Open,Delhi,Delhi,Web Portal,2026-03-11 23:09:01
TC-95280,Customer_1190,user_1190@telecom-domain.com,Network signal keeps dropping repeatedly,"Every time I travel through the electronic city corridor, signal completely dies for 15 minutes. Very unreliable network. (Location: Pune, Account #310513)",Network Connectivity,High,Angry,Solved,Pune,Maharashtra,Customer Care Call,2026-05-16 18:34:01
TC-71116,Customer_1191,user_1191@telecom-domain.com,Faulty router Wi-Fi red light issue,"Router optical PON light turns solid red. No internet access on any Wi-Fi device. (Location: Bengaluru, Account #218258)",Equipment / Router,High,Angry,Open,Bengaluru,Karnataka,Web Portal,2026-06-08 21:21:01
TC-53658,Customer_1192,user_1192@telecom-domain.com,Severe network outage in localized zone,"No broadband or cellular service available since last night heavy storm. Fiber cable seems damaged. (Location: Kolkata, Account #702604)",Service Outage,High,Angry,Open,Kolkata,West Bengal,Email,2026-06-23 15:24:01
TC-27099,Customer_1193,user_1193@telecom-domain.com,Data balance deducted without internet usage,"500MB data debited automatically overnight while mobile data switch was off. Please audit usage logs. (Location: Jaipur, Account #182059)",Data / Usage Issue,Medium,Negative,Pending,Jaipur,Rajasthan,Web Portal,2026-04-07 21:09:01
TC-30379,Customer_1194,user_1194@telecom-domain.com,Poor signal strength indoors,"Signal is extremely weak inside my home. Cannot make any voice calls or use mobile internet unless I step outside. (Location: Delhi, Account #474925)",Network Connectivity,Medium,Negative,Closed,Delhi,Delhi,Web Portal,2026-06-14 04:40:01
TC-90600,Customer_1195,user_1195@telecom-domain.com,Request static IP allocation for home server,"Need static IPv4 address for remote access setup on my connection. (Location: Chennai, Account #309202)",Service Request,Low,Neutral,Closed,Chennai,Tamil Nadu,Customer Care Call,2026-02-20 12:19:01
TC-48945,Customer_1196,user_1196@telecom-domain.com,SIM card showing no service,"My SIM suddenly stopped catching network signal. Checked on another phone, still says No Service. (Location: Kolkata, Account #585065)",Network Connectivity,High,Angry,Closed,Kolkata,West Bengal,Customer Care Call,2026-04-21 20:11:01
TC-77646,Customer_1197,user_1197@telecom-domain.com,Work order pending port availability issue,"Feeder box installation pending due to lack of spare fiber port. Need resolution. (Location: Mumbai, Account #283561)",Installation,Medium,Negative,Closed,Mumbai,Maharashtra,Web Portal,2026-08-17 12:06:01
TC-30235,Customer_1198,user_1198@telecom-domain.com,Terminate account service immediately,"Unsatisfied with customer service and frequent billing errors. Terminate my plan today. (Location: Hyderabad, Account #850758)",Cancellation,High,Angry,Pending,Hyderabad,Telangana,Branch Store,2026-02-20 17:40:01
TC-93199,Customer_1199,user_1199@telecom-domain.com,Complete fiber optic broadband blackout,"Total internet and landline blackout across our entire apartment complex since 8 AM today. No response from helpline. (Location: Bengaluru, Account #607714)",Service Outage,High,Angry,Pending,Bengaluru,Karnataka,Email,2026-08-11 19:47:01
TC-92569,Customer_1200,user_1200@telecom-domain.com,Rude customer care support agent behavior,"Customer service agent hung up the call on me while explaining my broadband issue. Worst support ever. (Location: Jaipur, Account #269226)",Customer Service,High,Angry,Open,Jaipur,Rajasthan,Customer Care Call,2026-07-23 09:13:01
TC-72704,Customer_1201,user_1201@telecom-domain.com,Fiber optical cable line signal unstable,"Fiber link drops repeatedly. Router loses IP address allocation every morning. (Location: Chandigarh, Account #659018)",Broadband Performance,Medium,Negative,Pending,Chandigarh,Punjab,Email,2026-02-21 10:29:01
TC-81344,Customer_1202,user_1202@telecom-domain.com,Misleading information given by call center,"Support executive promised bill adjustment within 24 hours but ticket was closed without action. (Location: Mumbai, Account #738351)",Customer Service,High,Angry,Open,Mumbai,Maharashtra,Mobile App,2026-08-04 06:33:01
TC-37502,Customer_1203,user_1203@telecom-domain.com,Poor signal strength indoors,"Signal is extremely weak inside my home. Cannot make any voice calls or use mobile internet unless I step outside. (Location: Pune, Account #497854)",Network Connectivity,Medium,Negative,Open,Pune,Maharashtra,Customer Care Call,2026-04-12 16:25:01
TC-38072,Customer_1204,user_1204@telecom-domain.com,No resolution provided despite 5 calls,"Called customer care 5 times in 3 days. Promises callback every time but nobody calls back. (Location: Hyderabad, Account #339929)",Customer Service,High,Angry,Open,Hyderabad,Telangana,Branch Store,2026-03-26 21:53:01
TC-49286,Customer_1205,user_1205@telecom-domain.com,Requesting MNP UPC port out code due to poor network,"Tired of frequent call drops and zero coverage. Want to port out my number to another operator immediately. (Location: Delhi, Account #230769)",Cancellation,High,Angry,Open,Delhi,Delhi,Web Portal,2026-06-13 21:52:01
TC-35312,Customer_1206,user_1206@telecom-domain.com,Fiber optical cable line signal unstable,"Fiber link drops repeatedly. Router loses IP address allocation every morning. (Location: Delhi, Account #270617)",Broadband Performance,Medium,Negative,Solved,Delhi,Delhi,Email,2026-07-07 10:30:01
TC-55866,Customer_1207,user_1207@telecom-domain.com,Modem overheating and rebooting automatically,"Provided Wi-Fi router gets burning hot within 10 minutes and reboots continuously. (Location: Delhi, Account #253033)",Equipment / Router,High,Negative,Closed,Delhi,Delhi,Branch Store,2026-08-07 02:12:01
TC-84664,Customer_1208,user_1208@telecom-domain.com,Requesting MNP UPC port out code due to poor network,"Tired of frequent call drops and zero coverage. Want to port out my number to another operator immediately. (Location: Pune, Account #695182)",Cancellation,High,Angry,Closed,Pune,Maharashtra,Branch Store,2026-08-09 16:30:01
TC-78312,Customer_1209,user_1209@telecom-domain.com,Frequent loss of 4G/5G connection,"My phone continuously drops from 5G to 2G every 10 minutes. Network bar completely disappears in office building. (Location: Chandigarh, Account #932121)",Network Connectivity,High,Negative,Solved,Chandigarh,Punjab,Web Portal,2026-07-22 15:32:01
TC-54109,Customer_1210,user_1210@telecom-domain.com,Frequent loss of 4G/5G connection,"My phone continuously drops from 5G to 2G every 10 minutes. Network bar completely disappears in office building. (Location: Kolkata, Account #982842)",Network Connectivity,High,Negative,Solved,Kolkata,West Bengal,Branch Store,2026-08-04 20:46:01
TC-81786,Customer_1211,user_1211@telecom-domain.com,Plan upgrade request to Gigabit speed,"Want to upgrade existing 100 Mbps plan to 1 Gbps fiber plan. Please share pricing and process. (Location: Delhi, Account #639716)",Service Request,Low,Positive,Open,Delhi,Delhi,Mobile App,2026-05-26 11:31:01
TC-18131,Customer_1212,user_1212@telecom-domain.com,Request to shift broadband to new address,"Moving to new apartment next week. Need connection relocation feasible check and schedule. (Location: Mumbai, Account #148598)",Service Request,Low,Neutral,Closed,Mumbai,Maharashtra,Customer Care Call,2026-05-04 21:18:01
TC-40947,Customer_1213,user_1213@telecom-domain.com,Faulty router Wi-Fi red light issue,"Router optical PON light turns solid red. No internet access on any Wi-Fi device. (Location: Chandigarh, Account #894139)",Equipment / Router,High,Angry,Closed,Chandigarh,Punjab,Customer Care Call,2026-06-10 20:35:01
TC-21089,Customer_1214,user_1214@telecom-domain.com,Faulty router Wi-Fi red light issue,"Router optical PON light turns solid red. No internet access on any Wi-Fi device. (Location: Bengaluru, Account #478644)",Equipment / Router,High,Angry,Solved,Bengaluru,Karnataka,Web Portal,2026-02-22 11:34:01
TC-45198,Customer_1215,user_1215@telecom-domain.com,Data balance deducted without internet usage,"500MB data debited automatically overnight while mobile data switch was off. Please audit usage logs. (Location: Jaipur, Account #406652)",Data / Usage Issue,Medium,Negative,Closed,Jaipur,Rajasthan,Web Portal,2026-05-21 10:46:01
TC-81744,Customer_1216,user_1216@telecom-domain.com,Auto-debit failure penalty wrongly applied,"Bank auto-debit succeeded on time but your system marked late payment fee ₹250. Please reverse penalty. (Location: Ahmedabad, Account #726084)",Billing Dispute,Medium,Negative,Closed,Ahmedabad,Gujarat,Branch Store,2026-05-19 00:26:01
TC-32231,Customer_1217,user_1217@telecom-domain.com,Double charge on monthly broadband bill,"I was charged twice ₹1,499 for the current month bill. Money deducted twice from credit card but status shows pending. (Location: Chennai, Account #424197)",Billing Dispute,High,Angry,Pending,Chennai,Tamil Nadu,Email,2026-07-12 21:40:01
TC-55059,Customer_1218,user_1218@telecom-domain.com,Call disconnects continuously on VoLTE,"HD voice call quality is pathetic. Audio breaks up and call drops without warning during important business calls. (Location: Jaipur, Account #733909)",Call Drops,High,Angry,Open,Jaipur,Rajasthan,Customer Care Call,2026-04-05 12:51:01
TC-43761,Customer_1219,user_1219@telecom-domain.com,Auto-debit failure penalty wrongly applied,"Bank auto-debit succeeded on time but your system marked late payment fee ₹250. Please reverse penalty. (Location: Hyderabad, Account #348126)",Billing Dispute,Medium,Negative,Solved,Hyderabad,Telangana,Web Portal,2026-05-05 03:38:01
TC-55503,Customer_1220,user_1220@telecom-domain.com,Severe network outage in localized zone,"No broadband or cellular service available since last night heavy storm. Fiber cable seems damaged. (Location: Hyderabad, Account #410802)",Service Outage,High,Angry,Solved,Hyderabad,Telangana,Branch Store,2026-04-06 04:08:01
TC-43364,Customer_1221,user_1221@telecom-domain.com,Requesting MNP UPC port out code due to poor network,"Tired of frequent call drops and zero coverage. Want to port out my number to another operator immediately. (Location: Kolkata, Account #189578)",Cancellation,High,Angry,Pending,Kolkata,West Bengal,Customer Care Call,2026-06-28 03:46:01
TC-43722,Customer_1222,user_1222@telecom-domain.com,Request to shift broadband to new address,"Moving to new apartment next week. Need connection relocation feasible check and schedule. (Location: Ahmedabad, Account #312064)",Service Request,Low,Neutral,Closed,Ahmedabad,Gujarat,Mobile App,2026-03-10 22:33:01
TC-61116,Customer_1223,user_1223@telecom-domain.com,Plan upgrade request to Gigabit speed,"Want to upgrade existing 100 Mbps plan to 1 Gbps fiber plan. Please share pricing and process. (Location: Chennai, Account #870125)",Service Request,Low,Positive,Solved,Chennai,Tamil Nadu,Web Portal,2026-07-11 14:05:01
TC-67349,Customer_1224,user_1224@telecom-domain.com,Daily FUP data quota exhausted instantly,"My 2GB daily data limit got exhausted at 10 AM without heavy usage. Metering system is inaccurate. (Location: Ahmedabad, Account #318811)",Data / Usage Issue,Medium,Frustrated,Pending,Ahmedabad,Gujarat,Web Portal,2026-07-16 09:01:01
TC-44183,Customer_1225,user_1225@telecom-domain.com,Call disconnects continuously on VoLTE,"HD voice call quality is pathetic. Audio breaks up and call drops without warning during important business calls. (Location: Ahmedabad, Account #211864)",Call Drops,High,Angry,Open,Ahmedabad,Gujarat,Web Portal,2026-07-01 03:09:01
TC-11357,Customer_1226,user_1226@telecom-domain.com,Modem overheating and rebooting automatically,"Provided Wi-Fi router gets burning hot within 10 minutes and reboots continuously. (Location: Bengaluru, Account #932461)",Equipment / Router,High,Negative,Solved,Bengaluru,Karnataka,Mobile App,2026-04-24 13:18:01
TC-18117,Customer_1227,user_1227@telecom-domain.com,Voice call drops within 30 seconds,"Almost every call drops automatically within 20 to 30 seconds. Unusable voice calling service. (Location: Kolkata, Account #172134)",Call Drops,High,Angry,Closed,Kolkata,West Bengal,Mobile App,2026-05-01 12:48:01
TC-18203,Customer_1228,user_1228@telecom-domain.com,Incorrect plan billing amount charged,"Subscribed to ₹599 plan but bill generated is ₹1,199. High overcharge without explanation. (Location: Mumbai, Account #164914)",Billing Dispute,Medium,Frustrated,Pending,Mumbai,Maharashtra,Email,2026-04-28 07:38:01
TC-82934,Customer_1229,user_1229@telecom-domain.com,Faulty router Wi-Fi red light issue,"Router optical PON light turns solid red. No internet access on any Wi-Fi device. (Location: Chennai, Account #661289)",Equipment / Router,High,Angry,Closed,Chennai,Tamil Nadu,Email,2026-03-13 00:05:01
TC-58447,Customer_1230,user_1230@telecom-domain.com,No resolution provided despite 5 calls,"Called customer care 5 times in 3 days. Promises callback every time but nobody calls back. (Location: Ahmedabad, Account #174353)",Customer Service,High,Angry,Solved,Ahmedabad,Gujarat,Customer Care Call,2026-08-10 07:53:01
TC-65939,Customer_1231,user_1231@telecom-domain.com,Rude customer care support agent behavior,"Customer service agent hung up the call on me while explaining my broadband issue. Worst support ever. (Location: Chennai, Account #943903)",Customer Service,High,Angry,Closed,Chennai,Tamil Nadu,Customer Care Call,2026-05-04 09:29:01
TC-70297,Customer_1232,user_1232@telecom-domain.com,Complete service outage in operational area,"Total breakdown of voice and data services across post office area. Business is severely impacted. (Location: Bengaluru, Account #529947)",Service Outage,High,Angry,Pending,Bengaluru,Karnataka,Customer Care Call,2026-03-11 08:17:01
TC-13376,Customer_1233,user_1233@telecom-domain.com,Request to shift broadband to new address,"Moving to new apartment next week. Need connection relocation feasible check and schedule. (Location: Bengaluru, Account #938755)",Service Request,Low,Neutral,Open,Bengaluru,Karnataka,Web Portal,2026-08-08 13:49:01
TC-46713,Customer_1234,user_1234@telecom-domain.com,No resolution provided despite 5 calls,"Called customer care 5 times in 3 days. Promises callback every time but nobody calls back. (Location: Jaipur, Account #653129)",Customer Service,High,Angry,Solved,Jaipur,Rajasthan,Mobile App,2026-03-20 07:30:01
TC-65707,Customer_1235,user_1235@telecom-domain.com,Regional mobile tower power failure outage,"All mobile network connectivity is down in HSR Layout sector 2. Whole neighborhood affected. (Location: Chennai, Account #468636)",Service Outage,High,Angry,Open,Chennai,Tamil Nadu,Branch Store,2026-04-25 22:13:01
TC-60458,Customer_1236,user_1236@telecom-domain.com,Wi-Fi range very weak and dropping,"Wi-Fi signal cuts out 5 meters away from router. Need dual-band router replacement. (Location: Chandigarh, Account #162859)",Equipment / Router,Medium,Negative,Solved,Chandigarh,Punjab,Mobile App,2026-06-18 18:34:01
TC-54147,Customer_1237,user_1237@telecom-domain.com,Request to shift broadband to new address,"Moving to new apartment next week. Need connection relocation feasible check and schedule. (Location: Chennai, Account #263194)",Service Request,Low,Neutral,Closed,Chennai,Tamil Nadu,Mobile App,2026-07-16 13:50:01
TC-85485,Customer_1238,user_1238@telecom-domain.com,Double charge on monthly broadband bill,"I was charged twice ₹1,499 for the current month bill. Money deducted twice from credit card but status shows pending. (Location: Chennai, Account #296377)",Billing Dispute,High,Angry,Open,Chennai,Tamil Nadu,Branch Store,2026-03-23 20:48:01
TC-46079,Customer_1239,user_1239@telecom-domain.com,International roaming data pack not working,"Purchased 5GB roaming data pack for international travel but roaming data is not activating. (Location: Delhi, Account #773963)",Data / Usage Issue,High,Angry,Closed,Delhi,Delhi,Customer Care Call,2026-03-11 14:48:01
TC-66039,Customer_1240,user_1240@telecom-domain.com,High latency and packet loss while working,"Experiencing 40% packet loss and high latency. Video calls on Zoom and Teams keep freezing constantly. (Location: Pune, Account #570226)",Broadband Performance,High,Negative,Open,Pune,Maharashtra,Email,2026-04-27 22:29:01
TC-40965,Customer_1241,user_1241@telecom-domain.com,Fiber optical cable line signal unstable,"Fiber link drops repeatedly. Router loses IP address allocation every morning. (Location: Chandigarh, Account #774982)",Broadband Performance,Medium,Negative,Pending,Chandigarh,Punjab,Mobile App,2026-04-09 15:49:01
TC-78561,Customer_1242,user_1242@telecom-domain.com,Delayed fiber installation appointment,"Fiber installation was scheduled for yesterday 2 PM. Technician did not turn up and phone is switched off. (Location: Hyderabad, Account #662333)",Installation,High,Angry,Closed,Hyderabad,Telangana,Branch Store,2026-05-30 05:49:01
TC-15442,Customer_1243,user_1243@telecom-domain.com,Security deposit refund not received after cancellation,"Cancelled my connection 45 days ago but ₹2,000 security deposit refund is still pending. Support promised 7 days. (Location: Kolkata, Account #615885)",Billing Dispute,High,Angry,Pending,Kolkata,West Bengal,Web Portal,2026-05-22 03:40:01
TC-95408,Customer_1244,user_1244@telecom-domain.com,Wi-Fi range very weak and dropping,"Wi-Fi signal cuts out 5 meters away from router. Need dual-band router replacement. (Location: Hyderabad, Account #814541)",Equipment / Router,Medium,Negative,Pending,Hyderabad,Telangana,Email,2026-06-24 02:29:01
TC-24418,Customer_1245,user_1245@telecom-domain.com,Network signal keeps dropping repeatedly,"Every time I travel through the electronic city corridor, signal completely dies for 15 minutes. Very unreliable network. (Location: Pune, Account #536227)",Network Connectivity,High,Angry,Open,Pune,Maharashtra,Web Portal,2026-05-15 04:01:01
TC-96410,Customer_1246,user_1246@telecom-domain.com,Delayed fiber installation appointment,"Fiber installation was scheduled for yesterday 2 PM. Technician did not turn up and phone is switched off. (Location: Kolkata, Account #701197)",Installation,High,Angry,Closed,Kolkata,West Bengal,Mobile App,2026-04-07 21:42:01
TC-78426,Customer_1247,user_1247@telecom-domain.com,Unable to make outgoing calls,"Outgoing calls immediately get terminated with call ended error. Incoming calls work fine. (Location: Chandigarh, Account #483746)",Call Drops,High,Angry,Pending,Chandigarh,Punjab,Customer Care Call,2026-08-08 16:48:01
TC-18833,Customer_1248,user_1248@telecom-domain.com,No network coverage in my area,"I have zero mobile signal since morning in my apartment. Emergency calls only showing on screen. Please fix this cellular network issue immediately. (Location: Ahmedabad, Account #292041)",Network Connectivity,High,Angry,Closed,Ahmedabad,Gujarat,Branch Store,2026-05-28 14:39:01
TC-22513,Customer_1249,user_1249@telecom-domain.com,Broadband speed throttling during peak hours,"Every evening between 7 PM and 11 PM speed drops below 2 Mbps. This is unacceptable service quality. (Location: Ahmedabad, Account #544607)",Broadband Performance,Medium,Frustrated,Closed,Ahmedabad,Gujarat,Branch Store,2026-03-01 19:02:01
TC-44508,Customer_1250,user_1250@telecom-domain.com,Network signal keeps dropping repeatedly,"Every time I travel through the electronic city corridor, signal completely dies for 15 minutes. Very unreliable network. (Location: Ahmedabad, Account #120618)",Network Connectivity,High,Angry,Pending,Ahmedabad,Gujarat,Mobile App,2026-04-29 17:00:01
TC-10115,Customer_1251,user_1251@telecom-domain.com,Delayed fiber installation appointment,"Fiber installation was scheduled for yesterday 2 PM. Technician did not turn up and phone is switched off. (Location: Mumbai, Account #426782)",Installation,High,Angry,Closed,Mumbai,Maharashtra,Mobile App,2026-04-03 04:22:01
TC-28059,Customer_1252,user_1252@telecom-domain.com,Request static IP allocation for home server,"Need static IPv4 address for remote access setup on my connection. (Location: Chennai, Account #772155)",Service Request,Low,Neutral,Closed,Chennai,Tamil Nadu,Web Portal,2026-07-01 12:14:01
TC-98354,Customer_1253,user_1253@telecom-domain.com,Severe network outage in localized zone,"No broadband or cellular service available since last night heavy storm. Fiber cable seems damaged. (Location: Delhi, Account #779630)",Service Outage,High,Angry,Open,Delhi,Delhi,Mobile App,2026-06-16 10:46:01
TC-95937,Customer_1254,user_1254@telecom-domain.com,Frequent loss of 4G/5G connection,"My phone continuously drops from 5G to 2G every 10 minutes. Network bar completely disappears in office building. (Location: Kolkata, Account #152192)",Network Connectivity,High,Negative,Open,Kolkata,West Bengal,Customer Care Call,2026-07-29 18:04:01
TC-64561,Customer_1255,user_1255@telecom-domain.com,Terminate account service immediately,"Unsatisfied with customer service and frequent billing errors. Terminate my plan today. (Location: Bengaluru, Account #361687)",Cancellation,High,Angry,Closed,Bengaluru,Karnataka,Web Portal,2026-06-01 00:23:01
TC-97561,Customer_1256,user_1256@telecom-domain.com,Data speed throttled to 64 Kbps incorrectly,"High speed data quota shows 50% balance in app but speed is throttled to unusable 64 Kbps. (Location: Chandigarh, Account #407893)",Data / Usage Issue,High,Negative,Closed,Chandigarh,Punjab,Email,2026-06-06 12:50:01
TC-85792,Customer_1257,user_1257@telecom-domain.com,Misleading information given by call center,"Support executive promised bill adjustment within 24 hours but ticket was closed without action. (Location: Jaipur, Account #400980)",Customer Service,High,Angry,Pending,Jaipur,Rajasthan,Branch Store,2026-07-10 07:59:01
TC-68289,Customer_1258,user_1258@telecom-domain.com,Regional mobile tower power failure outage,"All mobile network connectivity is down in HSR Layout sector 2. Whole neighborhood affected. (Location: Kolkata, Account #459999)",Service Outage,High,Angry,Open,Kolkata,West Bengal,Customer Care Call,2026-02-25 17:51:01
TC-90249,Customer_1259,user_1259@telecom-domain.com,Wi-Fi range very weak and dropping,"Wi-Fi signal cuts out 5 meters away from router. Need dual-band router replacement. (Location: Bengaluru, Account #515136)",Equipment / Router,Medium,Negative,Closed,Bengaluru,Karnataka,Web Portal,2026-03-12 13:49:01
TC-29263,Customer_1260,user_1260@telecom-domain.com,Call disconnects continuously on VoLTE,"HD voice call quality is pathetic. Audio breaks up and call drops without warning during important business calls. (Location: Kolkata, Account #388469)",Call Drops,High,Angry,Closed,Kolkata,West Bengal,Web Portal,2026-08-03 18:51:01
TC-52113,Customer_1261,user_1261@telecom-domain.com,Double charge on monthly broadband bill,"I was charged twice ₹1,499 for the current month bill. Money deducted twice from credit card but status shows pending. (Location: Kolkata, Account #619400)",Billing Dispute,High,Angry,Closed,Kolkata,West Bengal,Mobile App,2026-06-14 14:57:01
TC-29638,Customer_1262,user_1262@telecom-domain.com,Unable to make outgoing calls,"Outgoing calls immediately get terminated with call ended error. Incoming calls work fine. (Location: Mumbai, Account #253133)",Call Drops,High,Angry,Solved,Mumbai,Maharashtra,Email,2026-05-19 00:17:01
TC-17426,Customer_1263,user_1263@telecom-domain.com,No resolution provided despite 5 calls,"Called customer care 5 times in 3 days. Promises callback every time but nobody calls back. (Location: Jaipur, Account #327513)",Customer Service,High,Angry,Open,Jaipur,Rajasthan,Mobile App,2026-03-07 03:48:01
TC-46004,Customer_1264,user_1264@telecom-domain.com,Very slow fiber broadband speed,"Subscribed to 300 Mbps fiber plan but getting only 5 Mbps download speed. Speed test ping is over 250ms. Extremely slow. (Location: Ahmedabad, Account #867697)",Broadband Performance,High,Angry,Closed,Ahmedabad,Gujarat,Mobile App,2026-08-08 15:20:01
TC-55598,Customer_1265,user_1265@telecom-domain.com,Frequent loss of 4G/5G connection,"My phone continuously drops from 5G to 2G every 10 minutes. Network bar completely disappears in office building. (Location: Ahmedabad, Account #277387)",Network Connectivity,High,Negative,Pending,Ahmedabad,Gujarat,Branch Store,2026-06-03 11:42:01
TC-75510,Customer_1266,user_1266@telecom-domain.com,Unable to make outgoing calls,"Outgoing calls immediately get terminated with call ended error. Incoming calls work fine. (Location: Bengaluru, Account #707444)",Call Drops,High,Angry,Pending,Bengaluru,Karnataka,Mobile App,2026-06-16 02:35:01
TC-79158,Customer_1267,user_1267@telecom-domain.com,Modem overheating and rebooting automatically,"Provided Wi-Fi router gets burning hot within 10 minutes and reboots continuously. (Location: Bengaluru, Account #788301)",Equipment / Router,High,Negative,Closed,Bengaluru,Karnataka,Mobile App,2026-06-12 03:16:01
TC-94500,Customer_1268,user_1268@telecom-domain.com,Pending broadband connection setup over 5 days,"Applied for new fiber connection 5 days ago. Payment completed but technician installation pending. (Location: Chandigarh, Account #536957)",Installation,Medium,Frustrated,Closed,Chandigarh,Punjab,Branch Store,2026-03-22 02:00:01
TC-60148,Customer_1269,user_1269@telecom-domain.com,Double charge on monthly broadband bill,"I was charged twice ₹1,499 for the current month bill. Money deducted twice from credit card but status shows pending. (Location: Chandigarh, Account #289042)",Billing Dispute,High,Angry,Closed,Chandigarh,Punjab,Customer Care Call,2026-05-26 18:49:01
TC-87373,Customer_1270,user_1270@telecom-domain.com,Data balance deducted without internet usage,"500MB data debited automatically overnight while mobile data switch was off. Please audit usage logs. (Location: Mumbai, Account #190010)",Data / Usage Issue,Medium,Negative,Open,Mumbai,Maharashtra,Email,2026-05-15 03:07:01
TC-25163,Customer_1271,user_1271@telecom-domain.com,Delayed fiber installation appointment,"Fiber installation was scheduled for yesterday 2 PM. Technician did not turn up and phone is switched off. (Location: Delhi, Account #203158)",Installation,High,Angry,Pending,Delhi,Delhi,Branch Store,2026-07-13 05:12:01
TC-56245,Customer_1272,user_1272@telecom-domain.com,Plan upgrade request to Gigabit speed,"Want to upgrade existing 100 Mbps plan to 1 Gbps fiber plan. Please share pricing and process. (Location: Chennai, Account #229428)",Service Request,Low,Positive,Closed,Chennai,Tamil Nadu,Mobile App,2026-03-05 23:36:01
TC-37424,Customer_1273,user_1273@telecom-domain.com,Very slow fiber broadband speed,"Subscribed to 300 Mbps fiber plan but getting only 5 Mbps download speed. Speed test ping is over 250ms. Extremely slow. (Location: Chandigarh, Account #284558)",Broadband Performance,High,Angry,Closed,Chandigarh,Punjab,Web Portal,2026-03-19 01:12:01
TC-49040,Customer_1274,user_1274@telecom-domain.com,Severe network outage in localized zone,"No broadband or cellular service available since last night heavy storm. Fiber cable seems damaged. (Location: Pune, Account #128372)",Service Outage,High,Angry,Solved,Pune,Maharashtra,Customer Care Call,2026-04-26 18:14:01
TC-58138,Customer_1275,user_1275@telecom-domain.com,Request to shift broadband to new address,"Moving to new apartment next week. Need connection relocation feasible check and schedule. (Location: Ahmedabad, Account #122157)",Service Request,Low,Neutral,Closed,Ahmedabad,Gujarat,Web Portal,2026-04-13 16:58:01
TC-43660,Customer_1276,user_1276@telecom-domain.com,High latency and packet loss while working,"Experiencing 40% packet loss and high latency. Video calls on Zoom and Teams keep freezing constantly. (Location: Hyderabad, Account #501974)",Broadband Performance,High,Negative,Open,Hyderabad,Telangana,Web Portal,2026-06-03 14:35:01
TC-80181,Customer_1277,user_1277@telecom-domain.com,Wi-Fi range very weak and dropping,"Wi-Fi signal cuts out 5 meters away from router. Need dual-band router replacement. (Location: Chennai, Account #999672)",Equipment / Router,Medium,Negative,Pending,Chennai,Tamil Nadu,Email,2026-07-28 02:45:01
TC-27918,Customer_1278,user_1278@telecom-domain.com,International roaming data pack not working,"Purchased 5GB roaming data pack for international travel but roaming data is not activating. (Location: Hyderabad, Account #434324)",Data / Usage Issue,High,Angry,Open,Hyderabad,Telangana,Mobile App,2026-04-08 19:17:01
TC-74044,Customer_1279,user_1279@telecom-domain.com,Pending broadband connection setup over 5 days,"Applied for new fiber connection 5 days ago. Payment completed but technician installation pending. (Location: Pune, Account #139805)",Installation,Medium,Frustrated,Solved,Pune,Maharashtra,Mobile App,2026-07-05 23:26:01
TC-92248,Customer_1280,user_1280@telecom-domain.com,Faulty router Wi-Fi red light issue,"Router optical PON light turns solid red. No internet access on any Wi-Fi device. (Location: Pune, Account #313271)",Equipment / Router,High,Angry,Pending,Pune,Maharashtra,Branch Store,2026-03-18 21:37:01
TC-61472,Customer_1281,user_1281@telecom-domain.com,Delayed fiber installation appointment,"Fiber installation was scheduled for yesterday 2 PM. Technician did not turn up and phone is switched off. (Location: Mumbai, Account #350276)",Installation,High,Angry,Closed,Mumbai,Maharashtra,Branch Store,2026-03-08 20:02:01
TC-36156,Customer_1282,user_1282@telecom-domain.com,No resolution provided despite 5 calls,"Called customer care 5 times in 3 days. Promises callback every time but nobody calls back. (Location: Jaipur, Account #298484)",Customer Service,High,Angry,Closed,Jaipur,Rajasthan,Customer Care Call,2026-05-01 06:50:01
TC-61577,Customer_1283,user_1283@telecom-domain.com,Double charge on monthly broadband bill,"I was charged twice ₹1,499 for the current month bill. Money deducted twice from credit card but status shows pending. (Location: Kolkata, Account #657125)",Billing Dispute,High,Angry,Solved,Kolkata,West Bengal,Web Portal,2026-05-01 21:58:01
TC-12492,Customer_1284,user_1284@telecom-domain.com,Data speed throttled to 64 Kbps incorrectly,"High speed data quota shows 50% balance in app but speed is throttled to unusable 64 Kbps. (Location: Chennai, Account #336894)",Data / Usage Issue,High,Negative,Solved,Chennai,Tamil Nadu,Customer Care Call,2026-05-25 03:17:01
TC-31597,Customer_1285,user_1285@telecom-domain.com,High latency and packet loss while working,"Experiencing 40% packet loss and high latency. Video calls on Zoom and Teams keep freezing constantly. (Location: Chennai, Account #398764)",Broadband Performance,High,Negative,Pending,Chennai,Tamil Nadu,Customer Care Call,2026-04-14 23:37:01
TC-14776,Customer_1286,user_1286@telecom-domain.com,Incorrect plan billing amount charged,"Subscribed to ₹599 plan but bill generated is ₹1,199. High overcharge without explanation. (Location: Pune, Account #396513)",Billing Dispute,Medium,Frustrated,Open,Pune,Maharashtra,Branch Store,2026-02-21 03:24:01
TC-72902,Customer_1287,user_1287@telecom-domain.com,Misleading information given by call center,"Support executive promised bill adjustment within 24 hours but ticket was closed without action. (Location: Bengaluru, Account #138431)",Customer Service,High,Angry,Closed,Bengaluru,Karnataka,Email,2026-05-30 05:05:01
TC-36472,Customer_1288,user_1288@telecom-domain.com,Unauthorized Value Added Service (VAS) charged,"My bill includes ₹299 for international roaming VAS which I never subscribed or activated. Deduct this immediately. (Location: Mumbai, Account #712190)",Billing Dispute,High,Angry,Solved,Mumbai,Maharashtra,Email,2026-05-05 21:57:01
TC-59796,Customer_1289,user_1289@telecom-domain.com,Data speed throttled to 64 Kbps incorrectly,"High speed data quota shows 50% balance in app but speed is throttled to unusable 64 Kbps. (Location: Chandigarh, Account #948534)",Data / Usage Issue,High,Negative,Solved,Chandigarh,Punjab,Email,2026-04-29 12:08:01
TC-88093,Customer_1290,user_1290@telecom-domain.com,Voice call drops within 30 seconds,"Almost every call drops automatically within 20 to 30 seconds. Unusable voice calling service. (Location: Mumbai, Account #554002)",Call Drops,High,Angry,Solved,Mumbai,Maharashtra,Customer Care Call,2026-08-07 21:29:01
TC-65204,Customer_1291,user_1291@telecom-domain.com,Misleading information given by call center,"Support executive promised bill adjustment within 24 hours but ticket was closed without action. (Location: Hyderabad, Account #647988)",Customer Service,High,Angry,Open,Hyderabad,Telangana,Web Portal,2026-03-23 00:31:01
TC-10471,Customer_1292,user_1292@telecom-domain.com,Poor signal strength indoors,"Signal is extremely weak inside my home. Cannot make any voice calls or use mobile internet unless I step outside. (Location: Chandigarh, Account #729710)",Network Connectivity,Medium,Negative,Closed,Chandigarh,Punjab,Mobile App,2026-06-08 17:25:01
TC-65792,Customer_1293,user_1293@telecom-domain.com,Requesting MNP UPC port out code due to poor network,"Tired of frequent call drops and zero coverage. Want to port out my number to another operator immediately. (Location: Pune, Account #325133)",Cancellation,High,Angry,Closed,Pune,Maharashtra,Mobile App,2026-03-26 05:04:01
TC-10674,Customer_1294,user_1294@telecom-domain.com,Faulty router Wi-Fi red light issue,"Router optical PON light turns solid red. No internet access on any Wi-Fi device. (Location: Jaipur, Account #701984)",Equipment / Router,High,Angry,Pending,Jaipur,Rajasthan,Web Portal,2026-06-11 04:24:01
TC-23686,Customer_1295,user_1295@telecom-domain.com,Terminate account service immediately,"Unsatisfied with customer service and frequent billing errors. Terminate my plan today. (Location: Hyderabad, Account #433735)",Cancellation,High,Angry,Pending,Hyderabad,Telangana,Email,2026-06-24 03:09:01
TC-67120,Customer_1296,user_1296@telecom-domain.com,Very slow fiber broadband speed,"Subscribed to 300 Mbps fiber plan but getting only 5 Mbps download speed. Speed test ping is over 250ms. Extremely slow. (Location: Jaipur, Account #603575)",Broadband Performance,High,Angry,Open,Jaipur,Rajasthan,Web Portal,2026-02-23 13:07:01
TC-55561,Customer_1297,user_1297@telecom-domain.com,Severe network outage in localized zone,"No broadband or cellular service available since last night heavy storm. Fiber cable seems damaged. (Location: Bengaluru, Account #539600)",Service Outage,High,Angry,Solved,Bengaluru,Karnataka,Customer Care Call,2026-07-10 03:46:01
TC-90343,Customer_1298,user_1298@telecom-domain.com,Pending broadband connection setup over 5 days,"Applied for new fiber connection 5 days ago. Payment completed but technician installation pending. (Location: Chennai, Account #285795)",Installation,Medium,Frustrated,Pending,Chennai,Tamil Nadu,Mobile App,2026-02-26 03:19:01
TC-72010,Customer_1299,user_1299@telecom-domain.com,Frequent loss of 4G/5G connection,"My phone continuously drops from 5G to 2G every 10 minutes. Network bar completely disappears in office building. (Location: Pune, Account #954399)",Network Connectivity,High,Negative,Pending,Pune,Maharashtra,Customer Care Call,2026-08-02 17:41:01
TC-74156,Customer_1300,user_1300@telecom-domain.com,Requesting MNP UPC port out code due to poor network,"Tired of frequent call drops and zero coverage. Want to port out my number to another operator immediately. (Location: Chandigarh, Account #269983)",Cancellation,High,Angry,Open,Chandigarh,Punjab,Email,2026-05-01 11:15:01
TC-66882,Customer_1301,user_1301@telecom-domain.com,Complete fiber optic broadband blackout,"Total internet and landline blackout across our entire apartment complex since 8 AM today. No response from helpline. (Location: Delhi, Account #280979)",Service Outage,High,Angry,Solved,Delhi,Delhi,Email,2026-08-09 01:15:01
TC-39756,Customer_1302,user_1302@telecom-domain.com,Pending broadband connection setup over 5 days,"Applied for new fiber connection 5 days ago. Payment completed but technician installation pending. (Location: Hyderabad, Account #394826)",Installation,Medium,Frustrated,Solved,Hyderabad,Telangana,Email,2026-08-06 08:59:01
TC-25893,Customer_1303,user_1303@telecom-domain.com,Frequent loss of 4G/5G connection,"My phone continuously drops from 5G to 2G every 10 minutes. Network bar completely disappears in office building. (Location: Hyderabad, Account #655432)",Network Connectivity,High,Negative,Pending,Hyderabad,Telangana,Customer Care Call,2026-02-25 03:11:01
TC-64891,Customer_1304,user_1304@telecom-domain.com,Data speed throttled to 64 Kbps incorrectly,"High speed data quota shows 50% balance in app but speed is throttled to unusable 64 Kbps. (Location: Jaipur, Account #733864)",Data / Usage Issue,High,Negative,Pending,Jaipur,Rajasthan,Customer Care Call,2026-05-08 13:29:01
TC-54555,Customer_1305,user_1305@telecom-domain.com,Broadband speed throttling during peak hours,"Every evening between 7 PM and 11 PM speed drops below 2 Mbps. This is unacceptable service quality. (Location: Jaipur, Account #973237)",Broadband Performance,Medium,Frustrated,Open,Jaipur,Rajasthan,Email,2026-06-11 07:32:01
TC-35173,Customer_1306,user_1306@telecom-domain.com,Plan upgrade request to Gigabit speed,"Want to upgrade existing 100 Mbps plan to 1 Gbps fiber plan. Please share pricing and process. (Location: Bengaluru, Account #861570)",Service Request,Low,Positive,Open,Bengaluru,Karnataka,Mobile App,2026-03-14 09:51:01
TC-24345,Customer_1307,user_1307@telecom-domain.com,Request static IP allocation for home server,"Need static IPv4 address for remote access setup on my connection. (Location: Ahmedabad, Account #376858)",Service Request,Low,Neutral,Solved,Ahmedabad,Gujarat,Customer Care Call,2026-08-08 17:20:01
TC-47435,Customer_1308,user_1308@telecom-domain.com,Pending broadband connection setup over 5 days,"Applied for new fiber connection 5 days ago. Payment completed but technician installation pending. (Location: Delhi, Account #377951)",Installation,Medium,Frustrated,Pending,Delhi,Delhi,Branch Store,2026-05-02 01:27:01
TC-81281,Customer_1309,user_1309@telecom-domain.com,Auto-debit failure penalty wrongly applied,"Bank auto-debit succeeded on time but your system marked late payment fee ₹250. Please reverse penalty. (Location: Hyderabad, Account #902278)",Billing Dispute,Medium,Negative,Open,Hyderabad,Telangana,Customer Care Call,2026-07-26 17:05:01
TC-21904,Customer_1310,user_1310@telecom-domain.com,Data speed throttled to 64 Kbps incorrectly,"High speed data quota shows 50% balance in app but speed is throttled to unusable 64 Kbps. (Location: Kolkata, Account #714926)",Data / Usage Issue,High,Negative,Open,Kolkata,West Bengal,Web Portal,2026-08-07 20:21:01
TC-13786,Customer_1311,user_1311@telecom-domain.com,Fiber optical cable line signal unstable,"Fiber link drops repeatedly. Router loses IP address allocation every morning. (Location: Chennai, Account #444078)",Broadband Performance,Medium,Negative,Solved,Chennai,Tamil Nadu,Mobile App,2026-06-12 05:25:01
TC-66316,Customer_1312,user_1312@telecom-domain.com,Delayed fiber installation appointment,"Fiber installation was scheduled for yesterday 2 PM. Technician did not turn up and phone is switched off. (Location: Kolkata, Account #537890)",Installation,High,Angry,Pending,Kolkata,West Bengal,Branch Store,2026-04-01 04:37:01
TC-89511,Customer_1313,user_1313@telecom-domain.com,Faulty router Wi-Fi red light issue,"Router optical PON light turns solid red. No internet access on any Wi-Fi device. (Location: Kolkata, Account #985020)",Equipment / Router,High,Angry,Pending,Kolkata,West Bengal,Email,2026-06-05 09:10:01
TC-71925,Customer_1314,user_1314@telecom-domain.com,Call drops frequently while driving in city,"Call handoff between cell towers fails completely. Every call gets cut when moving between cell sectors. (Location: Chennai, Account #365869)",Call Drops,Medium,Negative,Closed,Chennai,Tamil Nadu,Web Portal,2026-06-04 05:32:01
TC-55933,Customer_1315,user_1315@telecom-domain.com,Faulty router Wi-Fi red light issue,"Router optical PON light turns solid red. No internet access on any Wi-Fi device. (Location: Kolkata, Account #615143)",Equipment / Router,High,Angry,Open,Kolkata,West Bengal,Customer Care Call,2026-07-17 16:29:01
TC-35509,Customer_1316,user_1316@telecom-domain.com,Pending broadband connection setup over 5 days,"Applied for new fiber connection 5 days ago. Payment completed but technician installation pending. (Location: Jaipur, Account #639562)",Installation,Medium,Frustrated,Solved,Jaipur,Rajasthan,Email,2026-04-21 00:25:01
TC-78760,Customer_1317,user_1317@telecom-domain.com,SIM card showing no service,"My SIM suddenly stopped catching network signal. Checked on another phone, still says No Service. (Location: Hyderabad, Account #223356)",Network Connectivity,High,Angry,Closed,Hyderabad,Telangana,Branch Store,2026-07-06 06:31:01
TC-55469,Customer_1318,user_1318@telecom-domain.com,Request static IP allocation for home server,"Need static IPv4 address for remote access setup on my connection. (Location: Ahmedabad, Account #890598)",Service Request,Low,Neutral,Closed,Ahmedabad,Gujarat,Mobile App,2026-05-25 14:26:01
TC-33123,Customer_1319,user_1319@telecom-domain.com,Faulty router Wi-Fi red light issue,"Router optical PON light turns solid red. No internet access on any Wi-Fi device. (Location: Ahmedabad, Account #660632)",Equipment / Router,High,Angry,Open,Ahmedabad,Gujarat,Customer Care Call,2026-05-31 14:05:01
TC-44571,Customer_1320,user_1320@telecom-domain.com,Auto-debit failure penalty wrongly applied,"Bank auto-debit succeeded on time but your system marked late payment fee ₹250. Please reverse penalty. (Location: Delhi, Account #606581)",Billing Dispute,Medium,Negative,Closed,Delhi,Delhi,Email,2026-03-26 13:02:01
TC-82580,Customer_1321,user_1321@telecom-domain.com,Modem overheating and rebooting automatically,"Provided Wi-Fi router gets burning hot within 10 minutes and reboots continuously. (Location: Ahmedabad, Account #648336)",Equipment / Router,High,Negative,Closed,Ahmedabad,Gujarat,Web Portal,2026-04-14 09:46:01
TC-57681,Customer_1322,user_1322@telecom-domain.com,Frequent internet disconnects every hour,"Broadband connection disconnects every 30 minutes while working from home. PON light on fiber ONT blinks red. (Location: Hyderabad, Account #485477)",Broadband Performance,High,Angry,Open,Hyderabad,Telangana,Email,2026-03-19 06:26:01
TC-72971,Customer_1323,user_1323@telecom-domain.com,Call drops frequently while driving in city,"Call handoff between cell towers fails completely. Every call gets cut when moving between cell sectors. (Location: Chandigarh, Account #566156)",Call Drops,Medium,Negative,Closed,Chandigarh,Punjab,Mobile App,2026-07-31 11:43:01
TC-53762,Customer_1324,user_1324@telecom-domain.com,Pending broadband connection setup over 5 days,"Applied for new fiber connection 5 days ago. Payment completed but technician installation pending. (Location: Hyderabad, Account #409657)",Installation,Medium,Frustrated,Solved,Hyderabad,Telangana,Email,2026-07-23 21:21:01
TC-88612,Customer_1325,user_1325@telecom-domain.com,Delayed fiber installation appointment,"Fiber installation was scheduled for yesterday 2 PM. Technician did not turn up and phone is switched off. (Location: Ahmedabad, Account #410069)",Installation,High,Angry,Closed,Ahmedabad,Gujarat,Web Portal,2026-05-02 06:26:01
TC-28174,Customer_1326,user_1326@telecom-domain.com,Modem overheating and rebooting automatically,"Provided Wi-Fi router gets burning hot within 10 minutes and reboots continuously. (Location: Hyderabad, Account #444418)",Equipment / Router,High,Negative,Solved,Hyderabad,Telangana,Branch Store,2026-03-19 19:02:01
TC-88111,Customer_1327,user_1327@telecom-domain.com,Network signal keeps dropping repeatedly,"Every time I travel through the electronic city corridor, signal completely dies for 15 minutes. Very unreliable network. (Location: Mumbai, Account #679810)",Network Connectivity,High,Angry,Open,Mumbai,Maharashtra,Web Portal,2026-07-25 18:27:01
TC-99871,Customer_1328,user_1328@telecom-domain.com,Request to shift broadband to new address,"Moving to new apartment next week. Need connection relocation feasible check and schedule. (Location: Ahmedabad, Account #473876)",Service Request,Low,Neutral,Solved,Ahmedabad,Gujarat,Email,2026-06-01 23:10:01
TC-27543,Customer_1329,user_1329@telecom-domain.com,Unauthorized Value Added Service (VAS) charged,"My bill includes ₹299 for international roaming VAS which I never subscribed or activated. Deduct this immediately. (Location: Pune, Account #328486)",Billing Dispute,High,Angry,Closed,Pune,Maharashtra,Web Portal,2026-06-13 20:04:01
TC-34520,Customer_1330,user_1330@telecom-domain.com,Incorrect plan billing amount charged,"Subscribed to ₹599 plan but bill generated is ₹1,199. High overcharge without explanation. (Location: Jaipur, Account #630485)",Billing Dispute,Medium,Frustrated,Solved,Jaipur,Rajasthan,Email,2026-04-11 10:29:01
TC-56258,Customer_1331,user_1331@telecom-domain.com,Double charge on monthly broadband bill,"I was charged twice ₹1,499 for the current month bill. Money deducted twice from credit card but status shows pending. (Location: Bengaluru, Account #656949)",Billing Dispute,High,Angry,Solved,Bengaluru,Karnataka,Customer Care Call,2026-07-13 11:11:01
TC-90875,Customer_1332,user_1332@telecom-domain.com,Unable to make outgoing calls,"Outgoing calls immediately get terminated with call ended error. Incoming calls work fine. (Location: Ahmedabad, Account #904482)",Call Drops,High,Angry,Closed,Ahmedabad,Gujarat,Customer Care Call,2026-06-09 03:59:01
TC-26893,Customer_1333,user_1333@telecom-domain.com,Fiber optical cable line signal unstable,"Fiber link drops repeatedly. Router loses IP address allocation every morning. (Location: Ahmedabad, Account #449274)",Broadband Performance,Medium,Negative,Solved,Ahmedabad,Gujarat,Customer Care Call,2026-08-08 00:15:01
TC-53720,Customer_1334,user_1334@telecom-domain.com,Network signal keeps dropping repeatedly,"Every time I travel through the electronic city corridor, signal completely dies for 15 minutes. Very unreliable network. (Location: Kolkata, Account #311682)",Network Connectivity,High,Angry,Solved,Kolkata,West Bengal,Branch Store,2026-06-20 02:28:01
TC-39147,Customer_1335,user_1335@telecom-domain.com,No network coverage in my area,"I have zero mobile signal since morning in my apartment. Emergency calls only showing on screen. Please fix this cellular network issue immediately. (Location: Ahmedabad, Account #581772)",Network Connectivity,High,Angry,Closed,Ahmedabad,Gujarat,Email,2026-07-06 13:13:01
TC-36707,Customer_1336,user_1336@telecom-domain.com,Work order pending port availability issue,"Feeder box installation pending due to lack of spare fiber port. Need resolution. (Location: Chennai, Account #538850)",Installation,Medium,Negative,Pending,Chennai,Tamil Nadu,Branch Store,2026-03-20 22:37:01
TC-74724,Customer_1337,user_1337@telecom-domain.com,Incorrect plan billing amount charged,"Subscribed to ₹599 plan but bill generated is ₹1,199. High overcharge without explanation. (Location: Chandigarh, Account #853081)",Billing Dispute,Medium,Frustrated,Open,Chandigarh,Punjab,Customer Care Call,2026-06-28 01:10:01
TC-83250,Customer_1338,user_1338@telecom-domain.com,No resolution provided despite 5 calls,"Called customer care 5 times in 3 days. Promises callback every time but nobody calls back. (Location: Kolkata, Account #253178)",Customer Service,High,Angry,Open,Kolkata,West Bengal,Mobile App,2026-02-23 15:23:01
TC-36147,Customer_1339,user_1339@telecom-domain.com,Request to shift broadband to new address,"Moving to new apartment next week. Need connection relocation feasible check and schedule. (Location: Jaipur, Account #659387)",Service Request,Low,Neutral,Pending,Jaipur,Rajasthan,Customer Care Call,2026-05-05 21:14:01
TC-28356,Customer_1340,user_1340@telecom-domain.com,Misleading information given by call center,"Support executive promised bill adjustment within 24 hours but ticket was closed without action. (Location: Chennai, Account #695260)",Customer Service,High,Angry,Pending,Chennai,Tamil Nadu,Web Portal,2026-05-02 04:43:01
TC-70182,Customer_1341,user_1341@telecom-domain.com,Daily FUP data quota exhausted instantly,"My 2GB daily data limit got exhausted at 10 AM without heavy usage. Metering system is inaccurate. (Location: Jaipur, Account #866439)",Data / Usage Issue,Medium,Frustrated,Closed,Jaipur,Rajasthan,Branch Store,2026-06-30 07:58:01
TC-10419,Customer_1342,user_1342@telecom-domain.com,Data balance deducted without internet usage,"500MB data debited automatically overnight while mobile data switch was off. Please audit usage logs. (Location: Mumbai, Account #317201)",Data / Usage Issue,Medium,Negative,Solved,Mumbai,Maharashtra,Mobile App,2026-03-31 09:00:01
TC-79254,Customer_1343,user_1343@telecom-domain.com,Poor signal strength indoors,"Signal is extremely weak inside my home. Cannot make any voice calls or use mobile internet unless I step outside. (Location: Bengaluru, Account #317374)",Network Connectivity,Medium,Negative,Open,Bengaluru,Karnataka,Mobile App,2026-05-12 14:04:01
TC-65156,Customer_1344,user_1344@telecom-domain.com,Pending broadband connection setup over 5 days,"Applied for new fiber connection 5 days ago. Payment completed but technician installation pending. (Location: Chandigarh, Account #510234)",Installation,Medium,Frustrated,Open,Chandigarh,Punjab,Branch Store,2026-07-31 19:16:01
TC-49791,Customer_1345,user_1345@telecom-domain.com,Request static IP allocation for home server,"Need static IPv4 address for remote access setup on my connection. (Location: Chandigarh, Account #466798)",Service Request,Low,Neutral,Open,Chandigarh,Punjab,Branch Store,2026-04-09 17:30:01
TC-44906,Customer_1346,user_1346@telecom-domain.com,Daily FUP data quota exhausted instantly,"My 2GB daily data limit got exhausted at 10 AM without heavy usage. Metering system is inaccurate. (Location: Hyderabad, Account #931842)",Data / Usage Issue,Medium,Frustrated,Open,Hyderabad,Telangana,Web Portal,2026-06-23 15:38:01
TC-59055,Customer_1347,user_1347@telecom-domain.com,No resolution provided despite 5 calls,"Called customer care 5 times in 3 days. Promises callback every time but nobody calls back. (Location: Pune, Account #238967)",Customer Service,High,Angry,Closed,Pune,Maharashtra,Customer Care Call,2026-05-12 15:00:01
TC-94924,Customer_1348,user_1348@telecom-domain.com,Fiber optical cable line signal unstable,"Fiber link drops repeatedly. Router loses IP address allocation every morning. (Location: Bengaluru, Account #403907)",Broadband Performance,Medium,Negative,Closed,Bengaluru,Karnataka,Web Portal,2026-07-20 00:22:01
TC-31808,Customer_1349,user_1349@telecom-domain.com,Delayed fiber installation appointment,"Fiber installation was scheduled for yesterday 2 PM. Technician did not turn up and phone is switched off. (Location: Mumbai, Account #546403)",Installation,High,Angry,Closed,Mumbai,Maharashtra,Web Portal,2026-04-14 19:57:01
TC-75229,Customer_1350,user_1350@telecom-domain.com,High latency and packet loss while working,"Experiencing 40% packet loss and high latency. Video calls on Zoom and Teams keep freezing constantly. (Location: Mumbai, Account #792252)",Broadband Performance,High,Negative,Open,Mumbai,Maharashtra,Web Portal,2026-08-02 23:47:01
TC-71401,Customer_1351,user_1351@telecom-domain.com,Fiber optical cable line signal unstable,"Fiber link drops repeatedly. Router loses IP address allocation every morning. (Location: Hyderabad, Account #541420)",Broadband Performance,Medium,Negative,Pending,Hyderabad,Telangana,Web Portal,2026-03-02 11:36:01
TC-29992,Customer_1352,user_1352@telecom-domain.com,Plan upgrade request to Gigabit speed,"Want to upgrade existing 100 Mbps plan to 1 Gbps fiber plan. Please share pricing and process. (Location: Pune, Account #752346)",Service Request,Low,Positive,Solved,Pune,Maharashtra,Web Portal,2026-04-18 04:20:01
TC-88276,Customer_1353,user_1353@telecom-domain.com,Faulty router Wi-Fi red light issue,"Router optical PON light turns solid red. No internet access on any Wi-Fi device. (Location: Bengaluru, Account #740798)",Equipment / Router,High,Angry,Closed,Bengaluru,Karnataka,Web Portal,2026-03-25 23:16:01
TC-29994,Customer_1354,user_1354@telecom-domain.com,Terminate account service immediately,"Unsatisfied with customer service and frequent billing errors. Terminate my plan today. (Location: Pune, Account #478872)",Cancellation,High,Angry,Pending,Pune,Maharashtra,Customer Care Call,2026-07-12 11:57:01
TC-22216,Customer_1355,user_1355@telecom-domain.com,Unable to make outgoing calls,"Outgoing calls immediately get terminated with call ended error. Incoming calls work fine. (Location: Delhi, Account #546924)",Call Drops,High,Angry,Closed,Delhi,Delhi,Customer Care Call,2026-02-28 01:02:01
TC-71715,Customer_1356,user_1356@telecom-domain.com,Requesting MNP UPC port out code due to poor network,"Tired of frequent call drops and zero coverage. Want to port out my number to another operator immediately. (Location: Pune, Account #519653)",Cancellation,High,Angry,Pending,Pune,Maharashtra,Web Portal,2026-05-08 15:01:01
TC-99926,Customer_1357,user_1357@telecom-domain.com,Data speed throttled to 64 Kbps incorrectly,"High speed data quota shows 50% balance in app but speed is throttled to unusable 64 Kbps. (Location: Chennai, Account #196985)",Data / Usage Issue,High,Negative,Pending,Chennai,Tamil Nadu,Email,2026-08-04 15:34:01
TC-96731,Customer_1358,user_1358@telecom-domain.com,Call disconnects continuously on VoLTE,"HD voice call quality is pathetic. Audio breaks up and call drops without warning during important business calls. (Location: Delhi, Account #762313)",Call Drops,High,Angry,Solved,Delhi,Delhi,Mobile App,2026-05-30 17:17:01
TC-91109,Customer_1359,user_1359@telecom-domain.com,Requesting MNP UPC port out code due to poor network,"Tired of frequent call drops and zero coverage. Want to port out my number to another operator immediately. (Location: Pune, Account #532973)",Cancellation,High,Angry,Open,Pune,Maharashtra,Branch Store,2026-03-04 06:49:01
TC-60915,Customer_1360,user_1360@telecom-domain.com,Fiber optical cable line signal unstable,"Fiber link drops repeatedly. Router loses IP address allocation every morning. (Location: Kolkata, Account #791252)",Broadband Performance,Medium,Negative,Pending,Kolkata,West Bengal,Email,2026-06-05 20:19:01
TC-21883,Customer_1361,user_1361@telecom-domain.com,Frequent internet disconnects every hour,"Broadband connection disconnects every 30 minutes while working from home. PON light on fiber ONT blinks red. (Location: Kolkata, Account #938372)",Broadband Performance,High,Angry,Pending,Kolkata,West Bengal,Branch Store,2026-07-20 15:30:01
TC-53641,Customer_1362,user_1362@telecom-domain.com,Fiber optical cable line signal unstable,"Fiber link drops repeatedly. Router loses IP address allocation every morning. (Location: Mumbai, Account #829207)",Broadband Performance,Medium,Negative,Open,Mumbai,Maharashtra,Web Portal,2026-04-19 01:20:01
TC-95110,Customer_1363,user_1363@telecom-domain.com,Complete fiber optic broadband blackout,"Total internet and landline blackout across our entire apartment complex since 8 AM today. No response from helpline. (Location: Kolkata, Account #723514)",Service Outage,High,Angry,Closed,Kolkata,West Bengal,Web Portal,2026-05-06 23:08:01
TC-11382,Customer_1364,user_1364@telecom-domain.com,Auto-debit failure penalty wrongly applied,"Bank auto-debit succeeded on time but your system marked late payment fee ₹250. Please reverse penalty. (Location: Chennai, Account #356899)",Billing Dispute,Medium,Negative,Solved,Chennai,Tamil Nadu,Branch Store,2026-08-13 17:12:01
TC-13163,Customer_1365,user_1365@telecom-domain.com,Call drops frequently while driving in city,"Call handoff between cell towers fails completely. Every call gets cut when moving between cell sectors. (Location: Kolkata, Account #513918)",Call Drops,Medium,Negative,Solved,Kolkata,West Bengal,Email,2026-03-22 16:04:01
TC-76948,Customer_1366,user_1366@telecom-domain.com,Incorrect plan billing amount charged,"Subscribed to ₹599 plan but bill generated is ₹1,199. High overcharge without explanation. (Location: Chennai, Account #440980)",Billing Dispute,Medium,Frustrated,Closed,Chennai,Tamil Nadu,Mobile App,2026-07-29 11:23:01
TC-68321,Customer_1367,user_1367@telecom-domain.com,Request static IP allocation for home server,"Need static IPv4 address for remote access setup on my connection. (Location: Ahmedabad, Account #493096)",Service Request,Low,Neutral,Closed,Ahmedabad,Gujarat,Branch Store,2026-03-12 10:50:01
TC-13436,Customer_1368,user_1368@telecom-domain.com,Call disconnects continuously on VoLTE,"HD voice call quality is pathetic. Audio breaks up and call drops without warning during important business calls. (Location: Bengaluru, Account #313401)",Call Drops,High,Angry,Open,Bengaluru,Karnataka,Web Portal,2026-06-25 00:59:01
TC-17045,Customer_1369,user_1369@telecom-domain.com,Unable to make outgoing calls,"Outgoing calls immediately get terminated with call ended error. Incoming calls work fine. (Location: Hyderabad, Account #405813)",Call Drops,High,Angry,Open,Hyderabad,Telangana,Mobile App,2026-05-09 02:21:01
TC-26032,Customer_1370,user_1370@telecom-domain.com,Severe network outage in localized zone,"No broadband or cellular service available since last night heavy storm. Fiber cable seems damaged. (Location: Ahmedabad, Account #372985)",Service Outage,High,Angry,Open,Ahmedabad,Gujarat,Email,2026-07-15 10:26:01
TC-64941,Customer_1371,user_1371@telecom-domain.com,Complete fiber optic broadband blackout,"Total internet and landline blackout across our entire apartment complex since 8 AM today. No response from helpline. (Location: Mumbai, Account #882360)",Service Outage,High,Angry,Pending,Mumbai,Maharashtra,Branch Store,2026-07-08 04:44:01
TC-69554,Customer_1372,user_1372@telecom-domain.com,Daily FUP data quota exhausted instantly,"My 2GB daily data limit got exhausted at 10 AM without heavy usage. Metering system is inaccurate. (Location: Chandigarh, Account #718997)",Data / Usage Issue,Medium,Frustrated,Solved,Chandigarh,Punjab,Customer Care Call,2026-02-21 10:21:01
TC-20214,Customer_1373,user_1373@telecom-domain.com,Work order pending port availability issue,"Feeder box installation pending due to lack of spare fiber port. Need resolution. (Location: Delhi, Account #989496)",Installation,Medium,Negative,Pending,Delhi,Delhi,Branch Store,2026-06-18 05:43:01
TC-88901,Customer_1374,user_1374@telecom-domain.com,International roaming data pack not working,"Purchased 5GB roaming data pack for international travel but roaming data is not activating. (Location: Delhi, Account #270019)",Data / Usage Issue,High,Angry,Pending,Delhi,Delhi,Customer Care Call,2026-08-02 01:36:01
TC-29273,Customer_1375,user_1375@telecom-domain.com,Faulty router Wi-Fi red light issue,"Router optical PON light turns solid red. No internet access on any Wi-Fi device. (Location: Hyderabad, Account #967334)",Equipment / Router,High,Angry,Open,Hyderabad,Telangana,Web Portal,2026-05-27 10:27:01
TC-87546,Customer_1376,user_1376@telecom-domain.com,No network coverage in my area,"I have zero mobile signal since morning in my apartment. Emergency calls only showing on screen. Please fix this cellular network issue immediately. (Location: Delhi, Account #579799)",Network Connectivity,High,Angry,Solved,Delhi,Delhi,Branch Store,2026-05-23 17:08:01
TC-96877,Customer_1377,user_1377@telecom-domain.com,Data speed throttled to 64 Kbps incorrectly,"High speed data quota shows 50% balance in app but speed is throttled to unusable 64 Kbps. (Location: Jaipur, Account #840269)",Data / Usage Issue,High,Negative,Open,Jaipur,Rajasthan,Customer Care Call,2026-07-12 03:37:01
TC-55931,Customer_1378,user_1378@telecom-domain.com,Delayed fiber installation appointment,"Fiber installation was scheduled for yesterday 2 PM. Technician did not turn up and phone is switched off. (Location: Chandigarh, Account #231985)",Installation,High,Angry,Solved,Chandigarh,Punjab,Web Portal,2026-08-18 14:21:01
TC-59305,Customer_1379,user_1379@telecom-domain.com,Poor signal strength indoors,"Signal is extremely weak inside my home. Cannot make any voice calls or use mobile internet unless I step outside. (Location: Hyderabad, Account #924142)",Network Connectivity,Medium,Negative,Pending,Hyderabad,Telangana,Mobile App,2026-03-24 13:44:01
TC-23478,Customer_1380,user_1380@telecom-domain.com,Pending broadband connection setup over 5 days,"Applied for new fiber connection 5 days ago. Payment completed but technician installation pending. (Location: Kolkata, Account #923144)",Installation,Medium,Frustrated,Solved,Kolkata,West Bengal,Email,2026-05-06 22:40:01
TC-27258,Customer_1381,user_1381@telecom-domain.com,Request to shift broadband to new address,"Moving to new apartment next week. Need connection relocation feasible check and schedule. (Location: Chandigarh, Account #940719)",Service Request,Low,Neutral,Closed,Chandigarh,Punjab,Customer Care Call,2026-08-05 13:18:01
TC-35895,Customer_1382,user_1382@telecom-domain.com,Cancel broadband subscription connection,"Subscribed to another provider due to continuous outages. Please disconnect line and refund deposit. (Location: Jaipur, Account #857226)",Cancellation,High,Angry,Solved,Jaipur,Rajasthan,Web Portal,2026-04-13 18:57:01
TC-22348,Customer_1383,user_1383@telecom-domain.com,Pending broadband connection setup over 5 days,"Applied for new fiber connection 5 days ago. Payment completed but technician installation pending. (Location: Kolkata, Account #151754)",Installation,Medium,Frustrated,Solved,Kolkata,West Bengal,Branch Store,2026-04-13 13:08:01
TC-51091,Customer_1384,user_1384@telecom-domain.com,Requesting MNP UPC port out code due to poor network,"Tired of frequent call drops and zero coverage. Want to port out my number to another operator immediately. (Location: Hyderabad, Account #785241)",Cancellation,High,Angry,Closed,Hyderabad,Telangana,Email,2026-06-13 22:32:01
TC-37574,Customer_1385,user_1385@telecom-domain.com,Faulty router Wi-Fi red light issue,"Router optical PON light turns solid red. No internet access on any Wi-Fi device. (Location: Mumbai, Account #763930)",Equipment / Router,High,Angry,Pending,Mumbai,Maharashtra,Web Portal,2026-07-02 20:55:01
TC-12407,Customer_1386,user_1386@telecom-domain.com,Frequent internet disconnects every hour,"Broadband connection disconnects every 30 minutes while working from home. PON light on fiber ONT blinks red. (Location: Pune, Account #954523)",Broadband Performance,High,Angry,Pending,Pune,Maharashtra,Branch Store,2026-05-20 06:56:01
TC-73894,Customer_1387,user_1387@telecom-domain.com,Delayed fiber installation appointment,"Fiber installation was scheduled for yesterday 2 PM. Technician did not turn up and phone is switched off. (Location: Delhi, Account #170753)",Installation,High,Angry,Pending,Delhi,Delhi,Mobile App,2026-03-30 12:37:01
TC-58222,Customer_1388,user_1388@telecom-domain.com,Call drops frequently while driving in city,"Call handoff between cell towers fails completely. Every call gets cut when moving between cell sectors. (Location: Hyderabad, Account #314067)",Call Drops,Medium,Negative,Solved,Hyderabad,Telangana,Branch Store,2026-04-02 05:48:01
TC-18653,Customer_1389,user_1389@telecom-domain.com,Regional mobile tower power failure outage,"All mobile network connectivity is down in HSR Layout sector 2. Whole neighborhood affected. (Location: Chennai, Account #636954)",Service Outage,High,Angry,Pending,Chennai,Tamil Nadu,Mobile App,2026-04-26 18:31:01
TC-48862,Customer_1390,user_1390@telecom-domain.com,Misleading information given by call center,"Support executive promised bill adjustment within 24 hours but ticket was closed without action. (Location: Mumbai, Account #142473)",Customer Service,High,Angry,Open,Mumbai,Maharashtra,Email,2026-03-04 12:44:01
TC-73628,Customer_1391,user_1391@telecom-domain.com,Call disconnects continuously on VoLTE,"HD voice call quality is pathetic. Audio breaks up and call drops without warning during important business calls. (Location: Pune, Account #307222)",Call Drops,High,Angry,Pending,Pune,Maharashtra,Mobile App,2026-03-04 23:14:01
TC-77677,Customer_1392,user_1392@telecom-domain.com,SIM card showing no service,"My SIM suddenly stopped catching network signal. Checked on another phone, still says No Service. (Location: Pune, Account #154210)",Network Connectivity,High,Angry,Open,Pune,Maharashtra,Customer Care Call,2026-05-01 02:34:01
TC-62813,Customer_1393,user_1393@telecom-domain.com,Double charge on monthly broadband bill,"I was charged twice ₹1,499 for the current month bill. Money deducted twice from credit card but status shows pending. (Location: Chennai, Account #197234)",Billing Dispute,High,Angry,Solved,Chennai,Tamil Nadu,Email,2026-07-15 11:39:01
TC-70176,Customer_1394,user_1394@telecom-domain.com,Daily FUP data quota exhausted instantly,"My 2GB daily data limit got exhausted at 10 AM without heavy usage. Metering system is inaccurate. (Location: Delhi, Account #485191)",Data / Usage Issue,Medium,Frustrated,Closed,Delhi,Delhi,Mobile App,2026-07-28 03:08:01
TC-92895,Customer_1395,user_1395@telecom-domain.com,No resolution provided despite 5 calls,"Called customer care 5 times in 3 days. Promises callback every time but nobody calls back. (Location: Pune, Account #537897)",Customer Service,High,Angry,Solved,Pune,Maharashtra,Mobile App,2026-08-15 20:13:01
TC-71639,Customer_1396,user_1396@telecom-domain.com,Cancel broadband subscription connection,"Subscribed to another provider due to continuous outages. Please disconnect line and refund deposit. (Location: Chandigarh, Account #885005)",Cancellation,High,Angry,Open,Chandigarh,Punjab,Mobile App,2026-03-03 16:22:01
TC-48439,Customer_1397,user_1397@telecom-domain.com,Frequent internet disconnects every hour,"Broadband connection disconnects every 30 minutes while working from home. PON light on fiber ONT blinks red. (Location: Hyderabad, Account #675451)",Broadband Performance,High,Angry,Solved,Hyderabad,Telangana,Web Portal,2026-07-14 12:00:01
TC-46412,Customer_1398,user_1398@telecom-domain.com,Complete service outage in operational area,"Total breakdown of voice and data services across post office area. Business is severely impacted. (Location: Hyderabad, Account #295429)",Service Outage,High,Angry,Pending,Hyderabad,Telangana,Mobile App,2026-06-20 06:51:01
TC-96411,Customer_1399,user_1399@telecom-domain.com,Rude customer care support agent behavior,"Customer service agent hung up the call on me while explaining my broadband issue. Worst support ever. (Location: Chandigarh, Account #774921)",Customer Service,High,Angry,Solved,Chandigarh,Punjab,Mobile App,2026-05-19 08:41:01
TC-47414,Customer_1400,user_1400@telecom-domain.com,Daily FUP data quota exhausted instantly,"My 2GB daily data limit got exhausted at 10 AM without heavy usage. Metering system is inaccurate. (Location: Mumbai, Account #324468)",Data / Usage Issue,Medium,Frustrated,Open,Mumbai,Maharashtra,Branch Store,2026-08-18 06:45:01
TC-46238,Customer_1401,user_1401@telecom-domain.com,Misleading information given by call center,"Support executive promised bill adjustment within 24 hours but ticket was closed without action. (Location: Chennai, Account #744453)",Customer Service,High,Angry,Pending,Chennai,Tamil Nadu,Email,2026-05-31 19:09:01
TC-91051,Customer_1402,user_1402@telecom-domain.com,Modem overheating and rebooting automatically,"Provided Wi-Fi router gets burning hot within 10 minutes and reboots continuously. (Location: Delhi, Account #832443)",Equipment / Router,High,Negative,Closed,Delhi,Delhi,Customer Care Call,2026-08-11 12:18:01
TC-45203,Customer_1403,user_1403@telecom-domain.com,Call drops frequently while driving in city,"Call handoff between cell towers fails completely. Every call gets cut when moving between cell sectors. (Location: Chennai, Account #498319)",Call Drops,Medium,Negative,Open,Chennai,Tamil Nadu,Web Portal,2026-07-01 05:06:01
TC-32564,Customer_1404,user_1404@telecom-domain.com,International roaming data pack not working,"Purchased 5GB roaming data pack for international travel but roaming data is not activating. (Location: Jaipur, Account #949450)",Data / Usage Issue,High,Angry,Closed,Jaipur,Rajasthan,Customer Care Call,2026-04-22 14:36:01
TC-97544,Customer_1405,user_1405@telecom-domain.com,Call disconnects continuously on VoLTE,"HD voice call quality is pathetic. Audio breaks up and call drops without warning during important business calls. (Location: Chandigarh, Account #197200)",Call Drops,High,Angry,Pending,Chandigarh,Punjab,Customer Care Call,2026-08-15 13:47:01
TC-12774,Customer_1406,user_1406@telecom-domain.com,Rude customer care support agent behavior,"Customer service agent hung up the call on me while explaining my broadband issue. Worst support ever. (Location: Bengaluru, Account #799704)",Customer Service,High,Angry,Open,Bengaluru,Karnataka,Web Portal,2026-07-29 07:05:01
TC-72751,Customer_1407,user_1407@telecom-domain.com,Request static IP allocation for home server,"Need static IPv4 address for remote access setup on my connection. (Location: Chandigarh, Account #890935)",Service Request,Low,Neutral,Closed,Chandigarh,Punjab,Customer Care Call,2026-02-21 17:44:01
TC-77529,Customer_1408,user_1408@telecom-domain.com,Poor signal strength indoors,"Signal is extremely weak inside my home. Cannot make any voice calls or use mobile internet unless I step outside. (Location: Hyderabad, Account #418410)",Network Connectivity,Medium,Negative,Pending,Hyderabad,Telangana,Customer Care Call,2026-04-19 12:32:01
TC-95612,Customer_1409,user_1409@telecom-domain.com,Frequent loss of 4G/5G connection,"My phone continuously drops from 5G to 2G every 10 minutes. Network bar completely disappears in office building. (Location: Mumbai, Account #204083)",Network Connectivity,High,Negative,Open,Mumbai,Maharashtra,Email,2026-06-13 01:59:01
TC-84697,Customer_1410,user_1410@telecom-domain.com,Very slow fiber broadband speed,"Subscribed to 300 Mbps fiber plan but getting only 5 Mbps download speed. Speed test ping is over 250ms. Extremely slow. (Location: Bengaluru, Account #163306)",Broadband Performance,High,Angry,Pending,Bengaluru,Karnataka,Customer Care Call,2026-06-27 11:45:01
TC-83436,Customer_1411,user_1411@telecom-domain.com,Misleading information given by call center,"Support executive promised bill adjustment within 24 hours but ticket was closed without action. (Location: Delhi, Account #941926)",Customer Service,High,Angry,Open,Delhi,Delhi,Email,2026-03-06 10:05:01
TC-95143,Customer_1412,user_1412@telecom-domain.com,No network coverage in my area,"I have zero mobile signal since morning in my apartment. Emergency calls only showing on screen. Please fix this cellular network issue immediately. (Location: Bengaluru, Account #984449)",Network Connectivity,High,Angry,Solved,Bengaluru,Karnataka,Email,2026-04-27 02:26:01
TC-45010,Customer_1413,user_1413@telecom-domain.com,Request to shift broadband to new address,"Moving to new apartment next week. Need connection relocation feasible check and schedule. (Location: Chandigarh, Account #945507)",Service Request,Low,Neutral,Open,Chandigarh,Punjab,Branch Store,2026-03-09 22:36:01
TC-92643,Customer_1414,user_1414@telecom-domain.com,Regional mobile tower power failure outage,"All mobile network connectivity is down in HSR Layout sector 2. Whole neighborhood affected. (Location: Chennai, Account #160616)",Service Outage,High,Angry,Open,Chennai,Tamil Nadu,Customer Care Call,2026-04-05 18:02:01
TC-94177,Customer_1415,user_1415@telecom-domain.com,Plan upgrade request to Gigabit speed,"Want to upgrade existing 100 Mbps plan to 1 Gbps fiber plan. Please share pricing and process. (Location: Kolkata, Account #907713)",Service Request,Low,Positive,Closed,Kolkata,West Bengal,Customer Care Call,2026-05-17 09:10:01
TC-32791,Customer_1416,user_1416@telecom-domain.com,Complete fiber optic broadband blackout,"Total internet and landline blackout across our entire apartment complex since 8 AM today. No response from helpline. (Location: Kolkata, Account #218501)",Service Outage,High,Angry,Open,Kolkata,West Bengal,Email,2026-06-20 14:15:01
TC-72199,Customer_1417,user_1417@telecom-domain.com,Faulty router Wi-Fi red light issue,"Router optical PON light turns solid red. No internet access on any Wi-Fi device. (Location: Delhi, Account #495711)",Equipment / Router,High,Angry,Open,Delhi,Delhi,Branch Store,2026-07-12 02:06:01
TC-79810,Customer_1418,user_1418@telecom-domain.com,Fiber optical cable line signal unstable,"Fiber link drops repeatedly. Router loses IP address allocation every morning. (Location: Ahmedabad, Account #664274)",Broadband Performance,Medium,Negative,Open,Ahmedabad,Gujarat,Web Portal,2026-07-30 00:15:01
TC-56426,Customer_1419,user_1419@telecom-domain.com,Fiber optical cable line signal unstable,"Fiber link drops repeatedly. Router loses IP address allocation every morning. (Location: Chennai, Account #351178)",Broadband Performance,Medium,Negative,Pending,Chennai,Tamil Nadu,Customer Care Call,2026-07-19 18:29:01
TC-81687,Customer_1420,user_1420@telecom-domain.com,High latency and packet loss while working,"Experiencing 40% packet loss and high latency. Video calls on Zoom and Teams keep freezing constantly. (Location: Chennai, Account #944194)",Broadband Performance,High,Negative,Solved,Chennai,Tamil Nadu,Mobile App,2026-07-11 05:12:01
TC-77969,Customer_1421,user_1421@telecom-domain.com,No network coverage in my area,"I have zero mobile signal since morning in my apartment. Emergency calls only showing on screen. Please fix this cellular network issue immediately. (Location: Pune, Account #523948)",Network Connectivity,High,Angry,Pending,Pune,Maharashtra,Mobile App,2026-04-27 05:26:01
TC-35329,Customer_1422,user_1422@telecom-domain.com,Cancel broadband subscription connection,"Subscribed to another provider due to continuous outages. Please disconnect line and refund deposit. (Location: Bengaluru, Account #388901)",Cancellation,High,Angry,Closed,Bengaluru,Karnataka,Branch Store,2026-04-19 06:25:01
TC-54771,Customer_1423,user_1423@telecom-domain.com,Rude customer care support agent behavior,"Customer service agent hung up the call on me while explaining my broadband issue. Worst support ever. (Location: Mumbai, Account #334814)",Customer Service,High,Angry,Pending,Mumbai,Maharashtra,Web Portal,2026-04-07 11:46:01
TC-59254,Customer_1424,user_1424@telecom-domain.com,Misleading information given by call center,"Support executive promised bill adjustment within 24 hours but ticket was closed without action. (Location: Kolkata, Account #826264)",Customer Service,High,Angry,Solved,Kolkata,West Bengal,Branch Store,2026-06-01 12:21:01
TC-60392,Customer_1425,user_1425@telecom-domain.com,Fiber optical cable line signal unstable,"Fiber link drops repeatedly. Router loses IP address allocation every morning. (Location: Jaipur, Account #798371)",Broadband Performance,Medium,Negative,Open,Jaipur,Rajasthan,Mobile App,2026-07-31 04:09:01
TC-79074,Customer_1426,user_1426@telecom-domain.com,Request to shift broadband to new address,"Moving to new apartment next week. Need connection relocation feasible check and schedule. (Location: Chandigarh, Account #184682)",Service Request,Low,Neutral,Open,Chandigarh,Punjab,Web Portal,2026-06-16 03:50:01
TC-52056,Customer_1427,user_1427@telecom-domain.com,Pending broadband connection setup over 5 days,"Applied for new fiber connection 5 days ago. Payment completed but technician installation pending. (Location: Mumbai, Account #491541)",Installation,Medium,Frustrated,Solved,Mumbai,Maharashtra,Branch Store,2026-06-21 10:00:01
TC-65888,Customer_1428,user_1428@telecom-domain.com,Request to shift broadband to new address,"Moving to new apartment next week. Need connection relocation feasible check and schedule. (Location: Pune, Account #310982)",Service Request,Low,Neutral,Pending,Pune,Maharashtra,Web Portal,2026-03-29 13:19:01
TC-22948,Customer_1429,user_1429@telecom-domain.com,Complete service outage in operational area,"Total breakdown of voice and data services across post office area. Business is severely impacted. (Location: Hyderabad, Account #701898)",Service Outage,High,Angry,Pending,Hyderabad,Telangana,Web Portal,2026-06-15 08:27:01
TC-94159,Customer_1430,user_1430@telecom-domain.com,Very slow fiber broadband speed,"Subscribed to 300 Mbps fiber plan but getting only 5 Mbps download speed. Speed test ping is over 250ms. Extremely slow. (Location: Hyderabad, Account #794526)",Broadband Performance,High,Angry,Closed,Hyderabad,Telangana,Email,2026-03-09 18:07:01
TC-58747,Customer_1431,user_1431@telecom-domain.com,Frequent loss of 4G/5G connection,"My phone continuously drops from 5G to 2G every 10 minutes. Network bar completely disappears in office building. (Location: Mumbai, Account #683896)",Network Connectivity,High,Negative,Pending,Mumbai,Maharashtra,Web Portal,2026-07-05 06:08:01
TC-15906,Customer_1432,user_1432@telecom-domain.com,Regional mobile tower power failure outage,"All mobile network connectivity is down in HSR Layout sector 2. Whole neighborhood affected. (Location: Mumbai, Account #180062)",Service Outage,High,Angry,Open,Mumbai,Maharashtra,Branch Store,2026-05-05 11:40:01
TC-26684,Customer_1433,user_1433@telecom-domain.com,Data speed throttled to 64 Kbps incorrectly,"High speed data quota shows 50% balance in app but speed is throttled to unusable 64 Kbps. (Location: Hyderabad, Account #697302)",Data / Usage Issue,High,Negative,Closed,Hyderabad,Telangana,Email,2026-03-11 19:16:01
TC-62486,Customer_1434,user_1434@telecom-domain.com,International roaming data pack not working,"Purchased 5GB roaming data pack for international travel but roaming data is not activating. (Location: Ahmedabad, Account #617309)",Data / Usage Issue,High,Angry,Pending,Ahmedabad,Gujarat,Web Portal,2026-03-27 17:13:01
TC-16384,Customer_1435,user_1435@telecom-domain.com,Unable to make outgoing calls,"Outgoing calls immediately get terminated with call ended error. Incoming calls work fine. (Location: Ahmedabad, Account #658201)",Call Drops,High,Angry,Closed,Ahmedabad,Gujarat,Branch Store,2026-04-01 06:14:01
TC-96802,Customer_1436,user_1436@telecom-domain.com,Severe network outage in localized zone,"No broadband or cellular service available since last night heavy storm. Fiber cable seems damaged. (Location: Kolkata, Account #957372)",Service Outage,High,Angry,Solved,Kolkata,West Bengal,Customer Care Call,2026-05-28 20:10:01
TC-28178,Customer_1437,user_1437@telecom-domain.com,Modem overheating and rebooting automatically,"Provided Wi-Fi router gets burning hot within 10 minutes and reboots continuously. (Location: Pune, Account #800540)",Equipment / Router,High,Negative,Open,Pune,Maharashtra,Branch Store,2026-05-05 15:59:01
TC-39745,Customer_1438,user_1438@telecom-domain.com,Regional mobile tower power failure outage,"All mobile network connectivity is down in HSR Layout sector 2. Whole neighborhood affected. (Location: Kolkata, Account #903304)",Service Outage,High,Angry,Solved,Kolkata,West Bengal,Mobile App,2026-04-06 19:41:01
TC-62767,Customer_1439,user_1439@telecom-domain.com,Voice call drops within 30 seconds,"Almost every call drops automatically within 20 to 30 seconds. Unusable voice calling service. (Location: Chandigarh, Account #450887)",Call Drops,High,Angry,Closed,Chandigarh,Punjab,Customer Care Call,2026-05-13 22:37:01
TC-21902,Customer_1440,user_1440@telecom-domain.com,Double charge on monthly broadband bill,"I was charged twice ₹1,499 for the current month bill. Money deducted twice from credit card but status shows pending. (Location: Pune, Account #835380)",Billing Dispute,High,Angry,Pending,Pune,Maharashtra,Web Portal,2026-06-22 04:27:01
TC-74700,Customer_1441,user_1441@telecom-domain.com,Faulty router Wi-Fi red light issue,"Router optical PON light turns solid red. No internet access on any Wi-Fi device. (Location: Jaipur, Account #933469)",Equipment / Router,High,Angry,Open,Jaipur,Rajasthan,Branch Store,2026-06-19 21:43:01
TC-13133,Customer_1442,user_1442@telecom-domain.com,Very slow fiber broadband speed,"Subscribed to 300 Mbps fiber plan but getting only 5 Mbps download speed. Speed test ping is over 250ms. Extremely slow. (Location: Ahmedabad, Account #449907)",Broadband Performance,High,Angry,Open,Ahmedabad,Gujarat,Web Portal,2026-04-01 22:56:01
TC-54682,Customer_1443,user_1443@telecom-domain.com,Data balance deducted without internet usage,"500MB data debited automatically overnight while mobile data switch was off. Please audit usage logs. (Location: Pune, Account #362648)",Data / Usage Issue,Medium,Negative,Pending,Pune,Maharashtra,Web Portal,2026-03-27 22:15:01
TC-73632,Customer_1444,user_1444@telecom-domain.com,Data speed throttled to 64 Kbps incorrectly,"High speed data quota shows 50% balance in app but speed is throttled to unusable 64 Kbps. (Location: Ahmedabad, Account #937476)",Data / Usage Issue,High,Negative,Open,Ahmedabad,Gujarat,Mobile App,2026-04-19 17:34:01
TC-37005,Customer_1445,user_1445@telecom-domain.com,Request static IP allocation for home server,"Need static IPv4 address for remote access setup on my connection. (Location: Hyderabad, Account #912318)",Service Request,Low,Neutral,Open,Hyderabad,Telangana,Email,2026-08-18 11:52:01
TC-51932,Customer_1446,user_1446@telecom-domain.com,Unable to make outgoing calls,"Outgoing calls immediately get terminated with call ended error. Incoming calls work fine. (Location: Mumbai, Account #807505)",Call Drops,High,Angry,Solved,Mumbai,Maharashtra,Mobile App,2026-08-06 20:13:01
TC-64601,Customer_1447,user_1447@telecom-domain.com,Requesting MNP UPC port out code due to poor network,"Tired of frequent call drops and zero coverage. Want to port out my number to another operator immediately. (Location: Mumbai, Account #247005)",Cancellation,High,Angry,Pending,Mumbai,Maharashtra,Web Portal,2026-04-08 04:51:01
TC-27340,Customer_1448,user_1448@telecom-domain.com,Cancel broadband subscription connection,"Subscribed to another provider due to continuous outages. Please disconnect line and refund deposit. (Location: Chandigarh, Account #345007)",Cancellation,High,Angry,Solved,Chandigarh,Punjab,Customer Care Call,2026-05-27 12:07:01
TC-44968,Customer_1449,user_1449@telecom-domain.com,Incorrect plan billing amount charged,"Subscribed to ₹599 plan but bill generated is ₹1,199. High overcharge without explanation. (Location: Mumbai, Account #813646)",Billing Dispute,Medium,Frustrated,Solved,Mumbai,Maharashtra,Branch Store,2026-04-16 01:19:01
TC-40103,Customer_1450,user_1450@telecom-domain.com,Misleading information given by call center,"Support executive promised bill adjustment within 24 hours but ticket was closed without action. (Location: Jaipur, Account #384809)",Customer Service,High,Angry,Open,Jaipur,Rajasthan,Mobile App,2026-03-03 01:46:01
TC-47554,Customer_1451,user_1451@telecom-domain.com,No resolution provided despite 5 calls,"Called customer care 5 times in 3 days. Promises callback every time but nobody calls back. (Location: Kolkata, Account #950781)",Customer Service,High,Angry,Open,Kolkata,West Bengal,Email,2026-04-11 18:09:01
TC-30079,Customer_1452,user_1452@telecom-domain.com,Auto-debit failure penalty wrongly applied,"Bank auto-debit succeeded on time but your system marked late payment fee ₹250. Please reverse penalty. (Location: Hyderabad, Account #493965)",Billing Dispute,Medium,Negative,Closed,Hyderabad,Telangana,Mobile App,2026-05-13 09:25:01
TC-70606,Customer_1453,user_1453@telecom-domain.com,No resolution provided despite 5 calls,"Called customer care 5 times in 3 days. Promises callback every time but nobody calls back. (Location: Mumbai, Account #531746)",Customer Service,High,Angry,Closed,Mumbai,Maharashtra,Email,2026-05-13 15:00:01
TC-85403,Customer_1454,user_1454@telecom-domain.com,Rude customer care support agent behavior,"Customer service agent hung up the call on me while explaining my broadband issue. Worst support ever. (Location: Hyderabad, Account #257482)",Customer Service,High,Angry,Open,Hyderabad,Telangana,Email,2026-02-25 19:23:01
TC-51794,Customer_1455,user_1455@telecom-domain.com,Request static IP allocation for home server,"Need static IPv4 address for remote access setup on my connection. (Location: Hyderabad, Account #159579)",Service Request,Low,Neutral,Solved,Hyderabad,Telangana,Mobile App,2026-06-14 15:53:01
TC-70163,Customer_1456,user_1456@telecom-domain.com,Requesting MNP UPC port out code due to poor network,"Tired of frequent call drops and zero coverage. Want to port out my number to another operator immediately. (Location: Ahmedabad, Account #651737)",Cancellation,High,Angry,Closed,Ahmedabad,Gujarat,Mobile App,2026-04-26 05:18:01
TC-84327,Customer_1457,user_1457@telecom-domain.com,Unauthorized Value Added Service (VAS) charged,"My bill includes ₹299 for international roaming VAS which I never subscribed or activated. Deduct this immediately. (Location: Delhi, Account #171765)",Billing Dispute,High,Angry,Closed,Delhi,Delhi,Customer Care Call,2026-02-21 13:26:01
TC-67327,Customer_1458,user_1458@telecom-domain.com,Network signal keeps dropping repeatedly,"Every time I travel through the electronic city corridor, signal completely dies for 15 minutes. Very unreliable network. (Location: Mumbai, Account #912686)",Network Connectivity,High,Angry,Closed,Mumbai,Maharashtra,Email,2026-06-15 10:35:01
TC-58284,Customer_1459,user_1459@telecom-domain.com,SIM card showing no service,"My SIM suddenly stopped catching network signal. Checked on another phone, still says No Service. (Location: Mumbai, Account #949803)",Network Connectivity,High,Angry,Open,Mumbai,Maharashtra,Email,2026-04-26 01:58:01
TC-21349,Customer_1460,user_1460@telecom-domain.com,SIM card showing no service,"My SIM suddenly stopped catching network signal. Checked on another phone, still says No Service. (Location: Hyderabad, Account #657734)",Network Connectivity,High,Angry,Closed,Hyderabad,Telangana,Branch Store,2026-04-16 18:37:01
TC-98518,Customer_1461,user_1461@telecom-domain.com,Call disconnects continuously on VoLTE,"HD voice call quality is pathetic. Audio breaks up and call drops without warning during important business calls. (Location: Kolkata, Account #486594)",Call Drops,High,Angry,Closed,Kolkata,West Bengal,Branch Store,2026-07-02 11:31:01
TC-94208,Customer_1462,user_1462@telecom-domain.com,Modem overheating and rebooting automatically,"Provided Wi-Fi router gets burning hot within 10 minutes and reboots continuously. (Location: Pune, Account #579297)",Equipment / Router,High,Negative,Closed,Pune,Maharashtra,Branch Store,2026-07-15 04:49:01
TC-74216,Customer_1463,user_1463@telecom-domain.com,Frequent loss of 4G/5G connection,"My phone continuously drops from 5G to 2G every 10 minutes. Network bar completely disappears in office building. (Location: Jaipur, Account #280049)",Network Connectivity,High,Negative,Open,Jaipur,Rajasthan,Branch Store,2026-07-18 13:35:01
TC-57056,Customer_1464,user_1464@telecom-domain.com,Request static IP allocation for home server,"Need static IPv4 address for remote access setup on my connection. (Location: Jaipur, Account #398094)",Service Request,Low,Neutral,Pending,Jaipur,Rajasthan,Email,2026-05-19 21:51:01
TC-15985,Customer_1465,user_1465@telecom-domain.com,Double charge on monthly broadband bill,"I was charged twice ₹1,499 for the current month bill. Money deducted twice from credit card but status shows pending. (Location: Delhi, Account #481743)",Billing Dispute,High,Angry,Closed,Delhi,Delhi,Branch Store,2026-05-17 19:36:01
TC-87841,Customer_1466,user_1466@telecom-domain.com,Wi-Fi range very weak and dropping,"Wi-Fi signal cuts out 5 meters away from router. Need dual-band router replacement. (Location: Hyderabad, Account #984339)",Equipment / Router,Medium,Negative,Solved,Hyderabad,Telangana,Email,2026-08-18 08:49:01
TC-57530,Customer_1467,user_1467@telecom-domain.com,Faulty router Wi-Fi red light issue,"Router optical PON light turns solid red. No internet access on any Wi-Fi device. (Location: Ahmedabad, Account #705835)",Equipment / Router,High,Angry,Closed,Ahmedabad,Gujarat,Email,2026-07-09 18:18:01
TC-69165,Customer_1468,user_1468@telecom-domain.com,No resolution provided despite 5 calls,"Called customer care 5 times in 3 days. Promises callback every time but nobody calls back. (Location: Delhi, Account #247984)",Customer Service,High,Angry,Solved,Delhi,Delhi,Web Portal,2026-04-12 05:50:01
TC-28249,Customer_1469,user_1469@telecom-domain.com,Severe network outage in localized zone,"No broadband or cellular service available since last night heavy storm. Fiber cable seems damaged. (Location: Kolkata, Account #502040)",Service Outage,High,Angry,Solved,Kolkata,West Bengal,Web Portal,2026-05-14 10:29:01
TC-78932,Customer_1470,user_1470@telecom-domain.com,Wi-Fi range very weak and dropping,"Wi-Fi signal cuts out 5 meters away from router. Need dual-band router replacement. (Location: Chennai, Account #669007)",Equipment / Router,Medium,Negative,Solved,Chennai,Tamil Nadu,Email,2026-08-08 18:34:01
TC-37027,Customer_1471,user_1471@telecom-domain.com,No resolution provided despite 5 calls,"Called customer care 5 times in 3 days. Promises callback every time but nobody calls back. (Location: Pune, Account #920520)",Customer Service,High,Angry,Closed,Pune,Maharashtra,Branch Store,2026-05-16 15:40:01
TC-92833,Customer_1472,user_1472@telecom-domain.com,Double charge on monthly broadband bill,"I was charged twice ₹1,499 for the current month bill. Money deducted twice from credit card but status shows pending. (Location: Chandigarh, Account #208405)",Billing Dispute,High,Angry,Open,Chandigarh,Punjab,Branch Store,2026-06-16 08:55:01
TC-99995,Customer_1473,user_1473@telecom-domain.com,Plan upgrade request to Gigabit speed,"Want to upgrade existing 100 Mbps plan to 1 Gbps fiber plan. Please share pricing and process. (Location: Chennai, Account #856457)",Service Request,Low,Positive,Closed,Chennai,Tamil Nadu,Web Portal,2026-05-20 18:31:01
TC-20195,Customer_1474,user_1474@telecom-domain.com,Terminate account service immediately,"Unsatisfied with customer service and frequent billing errors. Terminate my plan today. (Location: Mumbai, Account #254470)",Cancellation,High,Angry,Open,Mumbai,Maharashtra,Branch Store,2026-08-11 07:46:01
TC-11832,Customer_1475,user_1475@telecom-domain.com,Pending broadband connection setup over 5 days,"Applied for new fiber connection 5 days ago. Payment completed but technician installation pending. (Location: Jaipur, Account #449660)",Installation,Medium,Frustrated,Solved,Jaipur,Rajasthan,Email,2026-03-02 16:47:01
TC-95231,Customer_1476,user_1476@telecom-domain.com,Modem overheating and rebooting automatically,"Provided Wi-Fi router gets burning hot within 10 minutes and reboots continuously. (Location: Mumbai, Account #936031)",Equipment / Router,High,Negative,Closed,Mumbai,Maharashtra,Web Portal,2026-05-31 06:40:01
TC-92241,Customer_1477,user_1477@telecom-domain.com,Complete service outage in operational area,"Total breakdown of voice and data services across post office area. Business is severely impacted. (Location: Mumbai, Account #580556)",Service Outage,High,Angry,Pending,Mumbai,Maharashtra,Web Portal,2026-05-08 14:56:01
TC-16291,Customer_1478,user_1478@telecom-domain.com,Terminate account service immediately,"Unsatisfied with customer service and frequent billing errors. Terminate my plan today. (Location: Mumbai, Account #924304)",Cancellation,High,Angry,Solved,Mumbai,Maharashtra,Email,2026-08-08 04:05:01
TC-24549,Customer_1479,user_1479@telecom-domain.com,Regional mobile tower power failure outage,"All mobile network connectivity is down in HSR Layout sector 2. Whole neighborhood affected. (Location: Hyderabad, Account #253479)",Service Outage,High,Angry,Open,Hyderabad,Telangana,Branch Store,2026-05-01 22:12:01
TC-38405,Customer_1480,user_1480@telecom-domain.com,Network signal keeps dropping repeatedly,"Every time I travel through the electronic city corridor, signal completely dies for 15 minutes. Very unreliable network. (Location: Jaipur, Account #590179)",Network Connectivity,High,Angry,Pending,Jaipur,Rajasthan,Web Portal,2026-05-08 02:21:01
TC-94911,Customer_1481,user_1481@telecom-domain.com,Security deposit refund not received after cancellation,"Cancelled my connection 45 days ago but ₹2,000 security deposit refund is still pending. Support promised 7 days. (Location: Chennai, Account #619623)",Billing Dispute,High,Angry,Open,Chennai,Tamil Nadu,Web Portal,2026-03-29 15:41:01
TC-79857,Customer_1482,user_1482@telecom-domain.com,Requesting MNP UPC port out code due to poor network,"Tired of frequent call drops and zero coverage. Want to port out my number to another operator immediately. (Location: Chandigarh, Account #321958)",Cancellation,High,Angry,Pending,Chandigarh,Punjab,Customer Care Call,2026-07-07 23:42:01
TC-10841,Customer_1483,user_1483@telecom-domain.com,One-way audio issue during phone calls,"When people call me, they cannot hear my voice at all while I can hear them clearly. Terrible experience. (Location: Pune, Account #414115)",Call Drops,High,Frustrated,Solved,Pune,Maharashtra,Mobile App,2026-02-21 20:46:01
TC-43638,Customer_1484,user_1484@telecom-domain.com,Cancel broadband subscription connection,"Subscribed to another provider due to continuous outages. Please disconnect line and refund deposit. (Location: Delhi, Account #773908)",Cancellation,High,Angry,Pending,Delhi,Delhi,Web Portal,2026-03-12 06:31:01
TC-99393,Customer_1485,user_1485@telecom-domain.com,Call disconnects continuously on VoLTE,"HD voice call quality is pathetic. Audio breaks up and call drops without warning during important business calls. (Location: Ahmedabad, Account #323763)",Call Drops,High,Angry,Pending,Ahmedabad,Gujarat,Branch Store,2026-04-19 22:48:01
TC-65338,Customer_1486,user_1486@telecom-domain.com,Call drops frequently while driving in city,"Call handoff between cell towers fails completely. Every call gets cut when moving between cell sectors. (Location: Kolkata, Account #293453)",Call Drops,Medium,Negative,Pending,Kolkata,West Bengal,Email,2026-04-03 17:01:01
TC-18308,Customer_1487,user_1487@telecom-domain.com,Rude customer care support agent behavior,"Customer service agent hung up the call on me while explaining my broadband issue. Worst support ever. (Location: Pune, Account #783119)",Customer Service,High,Angry,Solved,Pune,Maharashtra,Branch Store,2026-06-02 23:09:01
TC-86975,Customer_1488,user_1488@telecom-domain.com,Daily FUP data quota exhausted instantly,"My 2GB daily data limit got exhausted at 10 AM without heavy usage. Metering system is inaccurate. (Location: Bengaluru, Account #407975)",Data / Usage Issue,Medium,Frustrated,Open,Bengaluru,Karnataka,Customer Care Call,2026-05-21 18:53:01
TC-72410,Customer_1489,user_1489@telecom-domain.com,Request static IP allocation for home server,"Need static IPv4 address for remote access setup on my connection. (Location: Chandigarh, Account #645393)",Service Request,Low,Neutral,Pending,Chandigarh,Punjab,Mobile App,2026-06-20 20:13:01
TC-74987,Customer_1490,user_1490@telecom-domain.com,No network coverage in my area,"I have zero mobile signal since morning in my apartment. Emergency calls only showing on screen. Please fix this cellular network issue immediately. (Location: Chennai, Account #682408)",Network Connectivity,High,Angry,Open,Chennai,Tamil Nadu,Branch Store,2026-04-05 22:45:01
TC-51369,Customer_1491,user_1491@telecom-domain.com,Pending broadband connection setup over 5 days,"Applied for new fiber connection 5 days ago. Payment completed but technician installation pending. (Location: Chandigarh, Account #459705)",Installation,Medium,Frustrated,Open,Chandigarh,Punjab,Email,2026-03-17 09:00:01
TC-46157,Customer_1492,user_1492@telecom-domain.com,Cancel broadband subscription connection,"Subscribed to another provider due to continuous outages. Please disconnect line and refund deposit. (Location: Pune, Account #430671)",Cancellation,High,Angry,Closed,Pune,Maharashtra,Branch Store,2026-04-18 13:36:01
TC-25557,Customer_1493,user_1493@telecom-domain.com,Network signal keeps dropping repeatedly,"Every time I travel through the electronic city corridor, signal completely dies for 15 minutes. Very unreliable network. (Location: Chennai, Account #556091)",Network Connectivity,High,Angry,Pending,Chennai,Tamil Nadu,Mobile App,2026-02-22 19:47:01
TC-63386,Customer_1494,user_1494@telecom-domain.com,No network coverage in my area,"I have zero mobile signal since morning in my apartment. Emergency calls only showing on screen. Please fix this cellular network issue immediately. (Location: Jaipur, Account #199430)",Network Connectivity,High,Angry,Open,Jaipur,Rajasthan,Branch Store,2026-04-07 22:26:01
TC-35548,Customer_1495,user_1495@telecom-domain.com,Severe network outage in localized zone,"No broadband or cellular service available since last night heavy storm. Fiber cable seems damaged. (Location: Delhi, Account #536115)",Service Outage,High,Angry,Open,Delhi,Delhi,Customer Care Call,2026-07-03 02:19:01
TC-30174,Customer_1496,user_1496@telecom-domain.com,Misleading information given by call center,"Support executive promised bill adjustment within 24 hours but ticket was closed without action. (Location: Mumbai, Account #638314)",Customer Service,High,Angry,Closed,Mumbai,Maharashtra,Mobile App,2026-08-13 21:54:01
TC-43878,Customer_1497,user_1497@telecom-domain.com,Request to shift broadband to new address,"Moving to new apartment next week. Need connection relocation feasible check and schedule. (Location: Mumbai, Account #461859)",Service Request,Low,Neutral,Pending,Mumbai,Maharashtra,Mobile App,2026-06-11 03:24:01
TC-98281,Customer_1498,user_1498@telecom-domain.com,Network signal keeps dropping repeatedly,"Every time I travel through the electronic city corridor, signal completely dies for 15 minutes. Very unreliable network. (Location: Delhi, Account #739543)",Network Connectivity,High,Angry,Solved,Delhi,Delhi,Branch Store,2026-03-16 23:03:01
TC-78422,Customer_1499,user_1499@telecom-domain.com,Regional mobile tower power failure outage,"All mobile network connectivity is down in HSR Layout sector 2. Whole neighborhood affected. (Location: Hyderabad, Account #162422)",Service Outage,High,Angry,Open,Hyderabad,Telangana,Branch Store,2026-08-15 15:32:01
TC-71553,Customer_1500,user_1500@telecom-domain.com,Severe network outage in localized zone,"No broadband or cellular service available since last night heavy storm. Fiber cable seems damaged. (Location: Mumbai, Account #292566)",Service Outage,High,Angry,Solved,Mumbai,Maharashtra,Web Portal,2026-04-30 08:08:01
TC-31260,Customer_1501,user_1501@telecom-domain.com,Unable to make outgoing calls,"Outgoing calls immediately get terminated with call ended error. Incoming calls work fine. (Location: Chennai, Account #370108)",Call Drops,High,Angry,Open,Chennai,Tamil Nadu,Web Portal,2026-03-22 11:47:01
TC-66858,Customer_1502,user_1502@telecom-domain.com,Terminate account service immediately,"Unsatisfied with customer service and frequent billing errors. Terminate my plan today. (Location: Delhi, Account #313231)",Cancellation,High,Angry,Open,Delhi,Delhi,Email,2026-03-06 21:35:01
TC-41781,Customer_1503,user_1503@telecom-domain.com,Regional mobile tower power failure outage,"All mobile network connectivity is down in HSR Layout sector 2. Whole neighborhood affected. (Location: Chandigarh, Account #925992)",Service Outage,High,Angry,Open,Chandigarh,Punjab,Mobile App,2026-05-10 08:09:01
TC-61742,Customer_1504,user_1504@telecom-domain.com,Modem overheating and rebooting automatically,"Provided Wi-Fi router gets burning hot within 10 minutes and reboots continuously. (Location: Chandigarh, Account #307429)",Equipment / Router,High,Negative,Solved,Chandigarh,Punjab,Customer Care Call,2026-04-22 00:01:01
TC-96275,Customer_1505,user_1505@telecom-domain.com,Wi-Fi range very weak and dropping,"Wi-Fi signal cuts out 5 meters away from router. Need dual-band router replacement. (Location: Pune, Account #537060)",Equipment / Router,Medium,Negative,Open,Pune,Maharashtra,Customer Care Call,2026-08-13 04:34:01
TC-48839,Customer_1506,user_1506@telecom-domain.com,No resolution provided despite 5 calls,"Called customer care 5 times in 3 days. Promises callback every time but nobody calls back. (Location: Hyderabad, Account #727481)",Customer Service,High,Angry,Closed,Hyderabad,Telangana,Email,2026-03-25 03:26:01
TC-13615,Customer_1507,user_1507@telecom-domain.com,Voice call drops within 30 seconds,"Almost every call drops automatically within 20 to 30 seconds. Unusable voice calling service. (Location: Mumbai, Account #112965)",Call Drops,High,Angry,Open,Mumbai,Maharashtra,Web Portal,2026-06-13 22:53:01
TC-45564,Customer_1508,user_1508@telecom-domain.com,High latency and packet loss while working,"Experiencing 40% packet loss and high latency. Video calls on Zoom and Teams keep freezing constantly. (Location: Chandigarh, Account #492936)",Broadband Performance,High,Negative,Closed,Chandigarh,Punjab,Customer Care Call,2026-06-06 00:04:01
TC-98363,Customer_1509,user_1509@telecom-domain.com,Misleading information given by call center,"Support executive promised bill adjustment within 24 hours but ticket was closed without action. (Location: Mumbai, Account #403133)",Customer Service,High,Angry,Pending,Mumbai,Maharashtra,Mobile App,2026-08-04 18:08:01
TC-73361,Customer_1510,user_1510@telecom-domain.com,Requesting MNP UPC port out code due to poor network,"Tired of frequent call drops and zero coverage. Want to port out my number to another operator immediately. (Location: Bengaluru, Account #755702)",Cancellation,High,Angry,Solved,Bengaluru,Karnataka,Email,2026-05-18 20:53:01
TC-31635,Customer_1511,user_1511@telecom-domain.com,Call drops frequently while driving in city,"Call handoff between cell towers fails completely. Every call gets cut when moving between cell sectors. (Location: Bengaluru, Account #405833)",Call Drops,Medium,Negative,Closed,Bengaluru,Karnataka,Mobile App,2026-06-09 14:40:01
TC-38880,Customer_1512,user_1512@telecom-domain.com,Pending broadband connection setup over 5 days,"Applied for new fiber connection 5 days ago. Payment completed but technician installation pending. (Location: Delhi, Account #549947)",Installation,Medium,Frustrated,Open,Delhi,Delhi,Web Portal,2026-05-25 19:15:01
TC-78591,Customer_1513,user_1513@telecom-domain.com,Data speed throttled to 64 Kbps incorrectly,"High speed data quota shows 50% balance in app but speed is throttled to unusable 64 Kbps. (Location: Hyderabad, Account #114582)",Data / Usage Issue,High,Negative,Open,Hyderabad,Telangana,Customer Care Call,2026-02-28 09:06:01
TC-17887,Customer_1514,user_1514@telecom-domain.com,Frequent loss of 4G/5G connection,"My phone continuously drops from 5G to 2G every 10 minutes. Network bar completely disappears in office building. (Location: Chennai, Account #253693)",Network Connectivity,High,Negative,Closed,Chennai,Tamil Nadu,Branch Store,2026-08-10 16:18:01
TC-55047,Customer_1515,user_1515@telecom-domain.com,Complete fiber optic broadband blackout,"Total internet and landline blackout across our entire apartment complex since 8 AM today. No response from helpline. (Location: Chennai, Account #325785)",Service Outage,High,Angry,Solved,Chennai,Tamil Nadu,Customer Care Call,2026-04-08 00:41:01
TC-82641,Customer_1516,user_1516@telecom-domain.com,Network signal keeps dropping repeatedly,"Every time I travel through the electronic city corridor, signal completely dies for 15 minutes. Very unreliable network. (Location: Bengaluru, Account #652443)",Network Connectivity,High,Angry,Solved,Bengaluru,Karnataka,Web Portal,2026-05-22 23:20:01
TC-28003,Customer_1517,user_1517@telecom-domain.com,Plan upgrade request to Gigabit speed,"Want to upgrade existing 100 Mbps plan to 1 Gbps fiber plan. Please share pricing and process. (Location: Jaipur, Account #146347)",Service Request,Low,Positive,Pending,Jaipur,Rajasthan,Customer Care Call,2026-08-05 13:00:01
TC-82383,Customer_1518,user_1518@telecom-domain.com,Incorrect plan billing amount charged,"Subscribed to ₹599 plan but bill generated is ₹1,199. High overcharge without explanation. (Location: Mumbai, Account #891757)",Billing Dispute,Medium,Frustrated,Open,Mumbai,Maharashtra,Customer Care Call,2026-02-27 02:16:01
TC-10078,Customer_1519,user_1519@telecom-domain.com,Call disconnects continuously on VoLTE,"HD voice call quality is pathetic. Audio breaks up and call drops without warning during important business calls. (Location: Jaipur, Account #210344)",Call Drops,High,Angry,Open,Jaipur,Rajasthan,Customer Care Call,2026-08-10 08:38:01
TC-77273,Customer_1520,user_1520@telecom-domain.com,Unauthorized Value Added Service (VAS) charged,"My bill includes ₹299 for international roaming VAS which I never subscribed or activated. Deduct this immediately. (Location: Ahmedabad, Account #863225)",Billing Dispute,High,Angry,Open,Ahmedabad,Gujarat,Branch Store,2026-03-12 14:34:01
TC-48551,Customer_1521,user_1521@telecom-domain.com,Complete fiber optic broadband blackout,"Total internet and landline blackout across our entire apartment complex since 8 AM today. No response from helpline. (Location: Jaipur, Account #195893)",Service Outage,High,Angry,Closed,Jaipur,Rajasthan,Mobile App,2026-03-19 15:24:01
TC-49812,Customer_1522,user_1522@telecom-domain.com,Unauthorized Value Added Service (VAS) charged,"My bill includes ₹299 for international roaming VAS which I never subscribed or activated. Deduct this immediately. (Location: Chennai, Account #699490)",Billing Dispute,High,Angry,Pending,Chennai,Tamil Nadu,Customer Care Call,2026-03-25 16:10:01
TC-28173,Customer_1523,user_1523@telecom-domain.com,Rude customer care support agent behavior,"Customer service agent hung up the call on me while explaining my broadband issue. Worst support ever. (Location: Delhi, Account #665345)",Customer Service,High,Angry,Solved,Delhi,Delhi,Customer Care Call,2026-07-07 01:53:01
TC-83930,Customer_1524,user_1524@telecom-domain.com,Call drops frequently while driving in city,"Call handoff between cell towers fails completely. Every call gets cut when moving between cell sectors. (Location: Ahmedabad, Account #323236)",Call Drops,Medium,Negative,Closed,Ahmedabad,Gujarat,Mobile App,2026-04-27 05:19:01
TC-28753,Customer_1525,user_1525@telecom-domain.com,Call disconnects continuously on VoLTE,"HD voice call quality is pathetic. Audio breaks up and call drops without warning during important business calls. (Location: Kolkata, Account #744011)",Call Drops,High,Angry,Closed,Kolkata,West Bengal,Branch Store,2026-08-18 00:25:01
TC-17006,Customer_1526,user_1526@telecom-domain.com,Unable to make outgoing calls,"Outgoing calls immediately get terminated with call ended error. Incoming calls work fine. (Location: Kolkata, Account #348844)",Call Drops,High,Angry,Solved,Kolkata,West Bengal,Branch Store,2026-07-14 21:33:01
TC-64722,Customer_1527,user_1527@telecom-domain.com,Voice call drops within 30 seconds,"Almost every call drops automatically within 20 to 30 seconds. Unusable voice calling service. (Location: Bengaluru, Account #672206)",Call Drops,High,Angry,Closed,Bengaluru,Karnataka,Mobile App,2026-06-18 04:26:01
TC-33239,Customer_1528,user_1528@telecom-domain.com,Request to shift broadband to new address,"Moving to new apartment next week. Need connection relocation feasible check and schedule. (Location: Chennai, Account #825904)",Service Request,Low,Neutral,Solved,Chennai,Tamil Nadu,Email,2026-06-08 04:15:01
TC-99012,Customer_1529,user_1529@telecom-domain.com,Voice call drops within 30 seconds,"Almost every call drops automatically within 20 to 30 seconds. Unusable voice calling service. (Location: Mumbai, Account #758093)",Call Drops,High,Angry,Closed,Mumbai,Maharashtra,Customer Care Call,2026-07-20 04:51:01
TC-21952,Customer_1530,user_1530@telecom-domain.com,Pending broadband connection setup over 5 days,"Applied for new fiber connection 5 days ago. Payment completed but technician installation pending. (Location: Ahmedabad, Account #867243)",Installation,Medium,Frustrated,Closed,Ahmedabad,Gujarat,Mobile App,2026-03-12 15:32:01
TC-43950,Customer_1531,user_1531@telecom-domain.com,Fiber optical cable line signal unstable,"Fiber link drops repeatedly. Router loses IP address allocation every morning. (Location: Chennai, Account #873610)",Broadband Performance,Medium,Negative,Open,Chennai,Tamil Nadu,Customer Care Call,2026-07-29 05:24:01
TC-91756,Customer_1532,user_1532@telecom-domain.com,Complete fiber optic broadband blackout,"Total internet and landline blackout across our entire apartment complex since 8 AM today. No response from helpline. (Location: Pune, Account #182242)",Service Outage,High,Angry,Solved,Pune,Maharashtra,Web Portal,2026-03-12 04:44:01
TC-23203,Customer_1533,user_1533@telecom-domain.com,International roaming data pack not working,"Purchased 5GB roaming data pack for international travel but roaming data is not activating. (Location: Kolkata, Account #106207)",Data / Usage Issue,High,Angry,Closed,Kolkata,West Bengal,Mobile App,2026-05-10 22:02:01
TC-65756,Customer_1534,user_1534@telecom-domain.com,Network signal keeps dropping repeatedly,"Every time I travel through the electronic city corridor, signal completely dies for 15 minutes. Very unreliable network. (Location: Hyderabad, Account #497033)",Network Connectivity,High,Angry,Closed,Hyderabad,Telangana,Customer Care Call,2026-04-05 22:56:01
TC-10907,Customer_1535,user_1535@telecom-domain.com,Auto-debit failure penalty wrongly applied,"Bank auto-debit succeeded on time but your system marked late payment fee ₹250. Please reverse penalty. (Location: Hyderabad, Account #470838)",Billing Dispute,Medium,Negative,Closed,Hyderabad,Telangana,Customer Care Call,2026-02-27 22:04:01
TC-69268,Customer_1536,user_1536@telecom-domain.com,International roaming data pack not working,"Purchased 5GB roaming data pack for international travel but roaming data is not activating. (Location: Ahmedabad, Account #820094)",Data / Usage Issue,High,Angry,Open,Ahmedabad,Gujarat,Web Portal,2026-06-12 18:13:01
TC-84224,Customer_1537,user_1537@telecom-domain.com,Request static IP allocation for home server,"Need static IPv4 address for remote access setup on my connection. (Location: Pune, Account #673778)",Service Request,Low,Neutral,Solved,Pune,Maharashtra,Customer Care Call,2026-04-07 00:33:01
TC-93624,Customer_1538,user_1538@telecom-domain.com,Wi-Fi range very weak and dropping,"Wi-Fi signal cuts out 5 meters away from router. Need dual-band router replacement. (Location: Delhi, Account #588415)",Equipment / Router,Medium,Negative,Open,Delhi,Delhi,Email,2026-07-04 06:31:01
TC-30871,Customer_1539,user_1539@telecom-domain.com,No network coverage in my area,"I have zero mobile signal since morning in my apartment. Emergency calls only showing on screen. Please fix this cellular network issue immediately. (Location: Pune, Account #741678)",Network Connectivity,High,Angry,Closed,Pune,Maharashtra,Mobile App,2026-08-02 10:39:01
TC-75826,Customer_1540,user_1540@telecom-domain.com,Double charge on monthly broadband bill,"I was charged twice ₹1,499 for the current month bill. Money deducted twice from credit card but status shows pending. (Location: Mumbai, Account #224070)",Billing Dispute,High,Angry,Pending,Mumbai,Maharashtra,Mobile App,2026-04-06 01:05:01
TC-97800,Customer_1541,user_1541@telecom-domain.com,Fiber optical cable line signal unstable,"Fiber link drops repeatedly. Router loses IP address allocation every morning. (Location: Jaipur, Account #430013)",Broadband Performance,Medium,Negative,Solved,Jaipur,Rajasthan,Mobile App,2026-06-06 01:12:01
TC-45227,Customer_1542,user_1542@telecom-domain.com,Incorrect plan billing amount charged,"Subscribed to ₹599 plan but bill generated is ₹1,199. High overcharge without explanation. (Location: Kolkata, Account #540310)",Billing Dispute,Medium,Frustrated,Pending,Kolkata,West Bengal,Branch Store,2026-05-15 08:22:01
TC-40851,Customer_1543,user_1543@telecom-domain.com,Data speed throttled to 64 Kbps incorrectly,"High speed data quota shows 50% balance in app but speed is throttled to unusable 64 Kbps. (Location: Jaipur, Account #787824)",Data / Usage Issue,High,Negative,Closed,Jaipur,Rajasthan,Web Portal,2026-03-08 01:25:01
TC-91889,Customer_1544,user_1544@telecom-domain.com,Cancel broadband subscription connection,"Subscribed to another provider due to continuous outages. Please disconnect line and refund deposit. (Location: Jaipur, Account #841409)",Cancellation,High,Angry,Closed,Jaipur,Rajasthan,Mobile App,2026-04-17 08:59:01
TC-34210,Customer_1545,user_1545@telecom-domain.com,Work order pending port availability issue,"Feeder box installation pending due to lack of spare fiber port. Need resolution. (Location: Ahmedabad, Account #663928)",Installation,Medium,Negative,Closed,Ahmedabad,Gujarat,Email,2026-03-27 10:07:01
TC-31922,Customer_1546,user_1546@telecom-domain.com,Call drops frequently while driving in city,"Call handoff between cell towers fails completely. Every call gets cut when moving between cell sectors. (Location: Jaipur, Account #507525)",Call Drops,Medium,Negative,Solved,Jaipur,Rajasthan,Mobile App,2026-05-17 15:48:01
TC-32174,Customer_1547,user_1547@telecom-domain.com,Cancel broadband subscription connection,"Subscribed to another provider due to continuous outages. Please disconnect line and refund deposit. (Location: Kolkata, Account #349090)",Cancellation,High,Angry,Closed,Kolkata,West Bengal,Customer Care Call,2026-06-11 15:44:01
TC-37903,Customer_1548,user_1548@telecom-domain.com,Fiber optical cable line signal unstable,"Fiber link drops repeatedly. Router loses IP address allocation every morning. (Location: Kolkata, Account #513428)",Broadband Performance,Medium,Negative,Open,Kolkata,West Bengal,Web Portal,2026-04-04 12:58:01
TC-39855,Customer_1549,user_1549@telecom-domain.com,No resolution provided despite 5 calls,"Called customer care 5 times in 3 days. Promises callback every time but nobody calls back. (Location: Mumbai, Account #450469)",Customer Service,High,Angry,Closed,Mumbai,Maharashtra,Email,2026-04-08 20:28:01
TC-89419,Customer_1550,user_1550@telecom-domain.com,Misleading information given by call center,"Support executive promised bill adjustment within 24 hours but ticket was closed without action. (Location: Delhi, Account #700607)",Customer Service,High,Angry,Open,Delhi,Delhi,Branch Store,2026-05-31 08:55:01
TC-49171,Customer_1551,user_1551@telecom-domain.com,Data balance deducted without internet usage,"500MB data debited automatically overnight while mobile data switch was off. Please audit usage logs. (Location: Bengaluru, Account #747655)",Data / Usage Issue,Medium,Negative,Open,Bengaluru,Karnataka,Web Portal,2026-05-28 22:44:01
TC-93857,Customer_1552,user_1552@telecom-domain.com,Security deposit refund not received after cancellation,"Cancelled my connection 45 days ago but ₹2,000 security deposit refund is still pending. Support promised 7 days. (Location: Hyderabad, Account #344294)",Billing Dispute,High,Angry,Solved,Hyderabad,Telangana,Web Portal,2026-06-18 08:40:01
TC-59073,Customer_1553,user_1553@telecom-domain.com,International roaming data pack not working,"Purchased 5GB roaming data pack for international travel but roaming data is not activating. (Location: Chandigarh, Account #601349)",Data / Usage Issue,High,Angry,Solved,Chandigarh,Punjab,Web Portal,2026-04-01 00:49:01
TC-78596,Customer_1554,user_1554@telecom-domain.com,Rude customer care support agent behavior,"Customer service agent hung up the call on me while explaining my broadband issue. Worst support ever. (Location: Chandigarh, Account #919912)",Customer Service,High,Angry,Solved,Chandigarh,Punjab,Branch Store,2026-03-20 20:55:01
TC-83097,Customer_1555,user_1555@telecom-domain.com,Request static IP allocation for home server,"Need static IPv4 address for remote access setup on my connection. (Location: Delhi, Account #994534)",Service Request,Low,Neutral,Solved,Delhi,Delhi,Email,2026-02-22 10:34:01
TC-40437,Customer_1556,user_1556@telecom-domain.com,Terminate account service immediately,"Unsatisfied with customer service and frequent billing errors. Terminate my plan today. (Location: Bengaluru, Account #185026)",Cancellation,High,Angry,Pending,Bengaluru,Karnataka,Customer Care Call,2026-04-10 08:47:01
TC-77565,Customer_1557,user_1557@telecom-domain.com,Request static IP allocation for home server,"Need static IPv4 address for remote access setup on my connection. (Location: Chennai, Account #565327)",Service Request,Low,Neutral,Closed,Chennai,Tamil Nadu,Email,2026-04-23 13:50:01
TC-45134,Customer_1558,user_1558@telecom-domain.com,Complete fiber optic broadband blackout,"Total internet and landline blackout across our entire apartment complex since 8 AM today. No response from helpline. (Location: Bengaluru, Account #215144)",Service Outage,High,Angry,Solved,Bengaluru,Karnataka,Email,2026-06-05 13:38:01
TC-19857,Customer_1559,user_1559@telecom-domain.com,Auto-debit failure penalty wrongly applied,"Bank auto-debit succeeded on time but your system marked late payment fee ₹250. Please reverse penalty. (Location: Ahmedabad, Account #829443)",Billing Dispute,Medium,Negative,Closed,Ahmedabad,Gujarat,Email,2026-03-26 09:04:01
TC-73801,Customer_1560,user_1560@telecom-domain.com,Call disconnects continuously on VoLTE,"HD voice call quality is pathetic. Audio breaks up and call drops without warning during important business calls. (Location: Pune, Account #844961)",Call Drops,High,Angry,Pending,Pune,Maharashtra,Email,2026-05-23 20:03:01
TC-40918,Customer_1561,user_1561@telecom-domain.com,Regional mobile tower power failure outage,"All mobile network connectivity is down in HSR Layout sector 2. Whole neighborhood affected. (Location: Bengaluru, Account #631526)",Service Outage,High,Angry,Closed,Bengaluru,Karnataka,Email,2026-08-02 17:30:01
TC-62892,Customer_1562,user_1562@telecom-domain.com,Complete fiber optic broadband blackout,"Total internet and landline blackout across our entire apartment complex since 8 AM today. No response from helpline. (Location: Ahmedabad, Account #406083)",Service Outage,High,Angry,Open,Ahmedabad,Gujarat,Branch Store,2026-06-28 22:28:01
TC-88986,Customer_1563,user_1563@telecom-domain.com,Requesting MNP UPC port out code due to poor network,"Tired of frequent call drops and zero coverage. Want to port out my number to another operator immediately. (Location: Pune, Account #678877)",Cancellation,High,Angry,Pending,Pune,Maharashtra,Email,2026-04-06 04:24:01
TC-76049,Customer_1564,user_1564@telecom-domain.com,Unauthorized Value Added Service (VAS) charged,"My bill includes ₹299 for international roaming VAS which I never subscribed or activated. Deduct this immediately. (Location: Pune, Account #444145)",Billing Dispute,High,Angry,Pending,Pune,Maharashtra,Email,2026-06-02 02:26:01
TC-79995,Customer_1565,user_1565@telecom-domain.com,Data speed throttled to 64 Kbps incorrectly,"High speed data quota shows 50% balance in app but speed is throttled to unusable 64 Kbps. (Location: Pune, Account #232122)",Data / Usage Issue,High,Negative,Solved,Pune,Maharashtra,Customer Care Call,2026-03-18 07:14:01
TC-41334,Customer_1566,user_1566@telecom-domain.com,Frequent internet disconnects every hour,"Broadband connection disconnects every 30 minutes while working from home. PON light on fiber ONT blinks red. (Location: Chandigarh, Account #285835)",Broadband Performance,High,Angry,Pending,Chandigarh,Punjab,Customer Care Call,2026-04-01 05:41:01
TC-36254,Customer_1567,user_1567@telecom-domain.com,Delayed fiber installation appointment,"Fiber installation was scheduled for yesterday 2 PM. Technician did not turn up and phone is switched off. (Location: Chandigarh, Account #514020)",Installation,High,Angry,Closed,Chandigarh,Punjab,Branch Store,2026-04-03 05:05:01
TC-16488,Customer_1568,user_1568@telecom-domain.com,Regional mobile tower power failure outage,"All mobile network connectivity is down in HSR Layout sector 2. Whole neighborhood affected. (Location: Pune, Account #904190)",Service Outage,High,Angry,Open,Pune,Maharashtra,Web Portal,2026-04-16 05:19:01
TC-55724,Customer_1569,user_1569@telecom-domain.com,Delayed fiber installation appointment,"Fiber installation was scheduled for yesterday 2 PM. Technician did not turn up and phone is switched off. (Location: Chennai, Account #674178)",Installation,High,Angry,Open,Chennai,Tamil Nadu,Web Portal,2026-08-03 18:30:01
TC-91247,Customer_1570,user_1570@telecom-domain.com,Faulty router Wi-Fi red light issue,"Router optical PON light turns solid red. No internet access on any Wi-Fi device. (Location: Jaipur, Account #403169)",Equipment / Router,High,Angry,Closed,Jaipur,Rajasthan,Customer Care Call,2026-04-15 08:25:01
TC-74105,Customer_1571,user_1571@telecom-domain.com,Daily FUP data quota exhausted instantly,"My 2GB daily data limit got exhausted at 10 AM without heavy usage. Metering system is inaccurate. (Location: Bengaluru, Account #291469)",Data / Usage Issue,Medium,Frustrated,Solved,Bengaluru,Karnataka,Web Portal,2026-04-28 16:00:01
TC-45529,Customer_1572,user_1572@telecom-domain.com,Rude customer care support agent behavior,"Customer service agent hung up the call on me while explaining my broadband issue. Worst support ever. (Location: Mumbai, Account #193966)",Customer Service,High,Angry,Closed,Mumbai,Maharashtra,Web Portal,2026-02-21 02:34:01
TC-88782,Customer_1573,user_1573@telecom-domain.com,Request static IP allocation for home server,"Need static IPv4 address for remote access setup on my connection. (Location: Chandigarh, Account #919829)",Service Request,Low,Neutral,Solved,Chandigarh,Punjab,Customer Care Call,2026-06-28 09:33:01
TC-11048,Customer_1574,user_1574@telecom-domain.com,Terminate account service immediately,"Unsatisfied with customer service and frequent billing errors. Terminate my plan today. (Location: Hyderabad, Account #643931)",Cancellation,High,Angry,Closed,Hyderabad,Telangana,Mobile App,2026-07-04 04:24:01
TC-98657,Customer_1575,user_1575@telecom-domain.com,Auto-debit failure penalty wrongly applied,"Bank auto-debit succeeded on time but your system marked late payment fee ₹250. Please reverse penalty. (Location: Kolkata, Account #670564)",Billing Dispute,Medium,Negative,Pending,Kolkata,West Bengal,Customer Care Call,2026-07-14 02:26:01
TC-58464,Customer_1576,user_1576@telecom-domain.com,Unauthorized Value Added Service (VAS) charged,"My bill includes ₹299 for international roaming VAS which I never subscribed or activated. Deduct this immediately. (Location: Delhi, Account #568537)",Billing Dispute,High,Angry,Solved,Delhi,Delhi,Branch Store,2026-06-25 20:17:01
TC-18351,Customer_1577,user_1577@telecom-domain.com,One-way audio issue during phone calls,"When people call me, they cannot hear my voice at all while I can hear them clearly. Terrible experience. (Location: Kolkata, Account #902520)",Call Drops,High,Frustrated,Open,Kolkata,West Bengal,Branch Store,2026-04-17 15:35:01
TC-70195,Customer_1578,user_1578@telecom-domain.com,Cancel broadband subscription connection,"Subscribed to another provider due to continuous outages. Please disconnect line and refund deposit. (Location: Ahmedabad, Account #515328)",Cancellation,High,Angry,Open,Ahmedabad,Gujarat,Email,2026-08-16 14:16:01
TC-40765,Customer_1579,user_1579@telecom-domain.com,Rude customer care support agent behavior,"Customer service agent hung up the call on me while explaining my broadband issue. Worst support ever. (Location: Chennai, Account #385919)",Customer Service,High,Angry,Solved,Chennai,Tamil Nadu,Email,2026-04-20 20:18:01
TC-33872,Customer_1580,user_1580@telecom-domain.com,Modem overheating and rebooting automatically,"Provided Wi-Fi router gets burning hot within 10 minutes and reboots continuously. (Location: Chandigarh, Account #273233)",Equipment / Router,High,Negative,Pending,Chandigarh,Punjab,Web Portal,2026-04-03 18:51:01
TC-58733,Customer_1581,user_1581@telecom-domain.com,Regional mobile tower power failure outage,"All mobile network connectivity is down in HSR Layout sector 2. Whole neighborhood affected. (Location: Mumbai, Account #893538)",Service Outage,High,Angry,Solved,Mumbai,Maharashtra,Web Portal,2026-08-01 23:57:01
TC-79951,Customer_1582,user_1582@telecom-domain.com,Broadband speed throttling during peak hours,"Every evening between 7 PM and 11 PM speed drops below 2 Mbps. This is unacceptable service quality. (Location: Pune, Account #661428)",Broadband Performance,Medium,Frustrated,Pending,Pune,Maharashtra,Customer Care Call,2026-05-15 00:26:01
TC-75541,Customer_1583,user_1583@telecom-domain.com,Unauthorized Value Added Service (VAS) charged,"My bill includes ₹299 for international roaming VAS which I never subscribed or activated. Deduct this immediately. (Location: Chandigarh, Account #559328)",Billing Dispute,High,Angry,Solved,Chandigarh,Punjab,Branch Store,2026-08-16 10:01:01
TC-42408,Customer_1584,user_1584@telecom-domain.com,Data speed throttled to 64 Kbps incorrectly,"High speed data quota shows 50% balance in app but speed is throttled to unusable 64 Kbps. (Location: Chennai, Account #435759)",Data / Usage Issue,High,Negative,Open,Chennai,Tamil Nadu,Email,2026-07-27 12:47:01
TC-21159,Customer_1585,user_1585@telecom-domain.com,Rude customer care support agent behavior,"Customer service agent hung up the call on me while explaining my broadband issue. Worst support ever. (Location: Jaipur, Account #763203)",Customer Service,High,Angry,Closed,Jaipur,Rajasthan,Mobile App,2026-06-03 17:08:01
TC-67832,Customer_1586,user_1586@telecom-domain.com,Terminate account service immediately,"Unsatisfied with customer service and frequent billing errors. Terminate my plan today. (Location: Mumbai, Account #845800)",Cancellation,High,Angry,Solved,Mumbai,Maharashtra,Branch Store,2026-07-08 15:07:01
TC-60819,Customer_1587,user_1587@telecom-domain.com,Cancel broadband subscription connection,"Subscribed to another provider due to continuous outages. Please disconnect line and refund deposit. (Location: Chennai, Account #447836)",Cancellation,High,Angry,Pending,Chennai,Tamil Nadu,Branch Store,2026-03-10 08:34:01
TC-18456,Customer_1588,user_1588@telecom-domain.com,Delayed fiber installation appointment,"Fiber installation was scheduled for yesterday 2 PM. Technician did not turn up and phone is switched off. (Location: Chennai, Account #903147)",Installation,High,Angry,Open,Chennai,Tamil Nadu,Web Portal,2026-07-31 22:13:01
TC-57105,Customer_1589,user_1589@telecom-domain.com,No resolution provided despite 5 calls,"Called customer care 5 times in 3 days. Promises callback every time but nobody calls back. (Location: Ahmedabad, Account #111025)",Customer Service,High,Angry,Solved,Ahmedabad,Gujarat,Web Portal,2026-07-23 01:22:01
TC-62554,Customer_1590,user_1590@telecom-domain.com,Daily FUP data quota exhausted instantly,"My 2GB daily data limit got exhausted at 10 AM without heavy usage. Metering system is inaccurate. (Location: Mumbai, Account #332067)",Data / Usage Issue,Medium,Frustrated,Solved,Mumbai,Maharashtra,Mobile App,2026-05-05 12:17:01
TC-85147,Customer_1591,user_1591@telecom-domain.com,Faulty router Wi-Fi red light issue,"Router optical PON light turns solid red. No internet access on any Wi-Fi device. (Location: Jaipur, Account #224461)",Equipment / Router,High,Angry,Closed,Jaipur,Rajasthan,Customer Care Call,2026-04-15 14:13:01
TC-38606,Customer_1592,user_1592@telecom-domain.com,Data speed throttled to 64 Kbps incorrectly,"High speed data quota shows 50% balance in app but speed is throttled to unusable 64 Kbps. (Location: Jaipur, Account #588813)",Data / Usage Issue,High,Negative,Closed,Jaipur,Rajasthan,Web Portal,2026-06-12 17:12:01
TC-95888,Customer_1593,user_1593@telecom-domain.com,Terminate account service immediately,"Unsatisfied with customer service and frequent billing errors. Terminate my plan today. (Location: Pune, Account #802477)",Cancellation,High,Angry,Open,Pune,Maharashtra,Customer Care Call,2026-03-03 12:26:01
TC-12759,Customer_1594,user_1594@telecom-domain.com,Daily FUP data quota exhausted instantly,"My 2GB daily data limit got exhausted at 10 AM without heavy usage. Metering system is inaccurate. (Location: Ahmedabad, Account #773964)",Data / Usage Issue,Medium,Frustrated,Pending,Ahmedabad,Gujarat,Customer Care Call,2026-06-05 06:21:01
TC-33200,Customer_1595,user_1595@telecom-domain.com,Very slow fiber broadband speed,"Subscribed to 300 Mbps fiber plan but getting only 5 Mbps download speed. Speed test ping is over 250ms. Extremely slow. (Location: Pune, Account #373581)",Broadband Performance,High,Angry,Solved,Pune,Maharashtra,Customer Care Call,2026-02-25 01:45:01
TC-79373,Customer_1596,user_1596@telecom-domain.com,Misleading information given by call center,"Support executive promised bill adjustment within 24 hours but ticket was closed without action. (Location: Pune, Account #764464)",Customer Service,High,Angry,Pending,Pune,Maharashtra,Customer Care Call,2026-03-24 12:27:01
TC-16699,Customer_1597,user_1597@telecom-domain.com,Poor signal strength indoors,"Signal is extremely weak inside my home. Cannot make any voice calls or use mobile internet unless I step outside. (Location: Bengaluru, Account #769794)",Network Connectivity,Medium,Negative,Pending,Bengaluru,Karnataka,Customer Care Call,2026-03-04 12:46:01
TC-19332,Customer_1598,user_1598@telecom-domain.com,Fiber optical cable line signal unstable,"Fiber link drops repeatedly. Router loses IP address allocation every morning. (Location: Hyderabad, Account #711143)",Broadband Performance,Medium,Negative,Solved,Hyderabad,Telangana,Email,2026-05-18 17:44:01
TC-33666,Customer_1599,user_1599@telecom-domain.com,Auto-debit failure penalty wrongly applied,"Bank auto-debit succeeded on time but your system marked late payment fee ₹250. Please reverse penalty. (Location: Kolkata, Account #585737)",Billing Dispute,Medium,Negative,Pending,Kolkata,West Bengal,Customer Care Call,2026-07-12 15:07:01
TC-10713,Customer_1600,user_1600@telecom-domain.com,Misleading information given by call center,"Support executive promised bill adjustment within 24 hours but ticket was closed without action. (Location: Kolkata, Account #809368)",Customer Service,High,Angry,Pending,Kolkata,West Bengal,Email,2026-08-09 01:16:01
TC-97313,Customer_1601,user_1601@telecom-domain.com,Pending broadband connection setup over 5 days,"Applied for new fiber connection 5 days ago. Payment completed but technician installation pending. (Location: Chennai, Account #945898)",Installation,Medium,Frustrated,Closed,Chennai,Tamil Nadu,Web Portal,2026-04-14 17:58:01
TC-12092,Customer_1602,user_1602@telecom-domain.com,Request static IP allocation for home server,"Need static IPv4 address for remote access setup on my connection. (Location: Pune, Account #914495)",Service Request,Low,Neutral,Pending,Pune,Maharashtra,Mobile App,2026-03-30 01:59:01
TC-50869,Customer_1603,user_1603@telecom-domain.com,Unauthorized Value Added Service (VAS) charged,"My bill includes ₹299 for international roaming VAS which I never subscribed or activated. Deduct this immediately. (Location: Hyderabad, Account #720931)",Billing Dispute,High,Angry,Solved,Hyderabad,Telangana,Mobile App,2026-03-05 13:53:01
TC-85300,Customer_1604,user_1604@telecom-domain.com,Regional mobile tower power failure outage,"All mobile network connectivity is down in HSR Layout sector 2. Whole neighborhood affected. (Location: Jaipur, Account #314074)",Service Outage,High,Angry,Solved,Jaipur,Rajasthan,Customer Care Call,2026-07-25 04:53:01
TC-45476,Customer_1605,user_1605@telecom-domain.com,Very slow fiber broadband speed,"Subscribed to 300 Mbps fiber plan but getting only 5 Mbps download speed. Speed test ping is over 250ms. Extremely slow. (Location: Jaipur, Account #681250)",Broadband Performance,High,Angry,Solved,Jaipur,Rajasthan,Branch Store,2026-05-11 10:24:01
TC-39385,Customer_1606,user_1606@telecom-domain.com,Frequent internet disconnects every hour,"Broadband connection disconnects every 30 minutes while working from home. PON light on fiber ONT blinks red. (Location: Ahmedabad, Account #372763)",Broadband Performance,High,Angry,Open,Ahmedabad,Gujarat,Mobile App,2026-05-09 23:01:01
TC-70755,Customer_1607,user_1607@telecom-domain.com,Daily FUP data quota exhausted instantly,"My 2GB daily data limit got exhausted at 10 AM without heavy usage. Metering system is inaccurate. (Location: Jaipur, Account #900128)",Data / Usage Issue,Medium,Frustrated,Open,Jaipur,Rajasthan,Customer Care Call,2026-03-24 11:44:01
TC-29071,Customer_1608,user_1608@telecom-domain.com,Unable to make outgoing calls,"Outgoing calls immediately get terminated with call ended error. Incoming calls work fine. (Location: Jaipur, Account #546939)",Call Drops,High,Angry,Solved,Jaipur,Rajasthan,Mobile App,2026-07-29 17:22:01
TC-53289,Customer_1609,user_1609@telecom-domain.com,Double charge on monthly broadband bill,"I was charged twice ₹1,499 for the current month bill. Money deducted twice from credit card but status shows pending. (Location: Chandigarh, Account #791915)",Billing Dispute,High,Angry,Pending,Chandigarh,Punjab,Web Portal,2026-05-29 22:40:01
TC-15253,Customer_1610,user_1610@telecom-domain.com,Call drops frequently while driving in city,"Call handoff between cell towers fails completely. Every call gets cut when moving between cell sectors. (Location: Hyderabad, Account #587134)",Call Drops,Medium,Negative,Open,Hyderabad,Telangana,Email,2026-03-31 05:33:01
TC-59023,Customer_1611,user_1611@telecom-domain.com,Frequent loss of 4G/5G connection,"My phone continuously drops from 5G to 2G every 10 minutes. Network bar completely disappears in office building. (Location: Chandigarh, Account #887294)",Network Connectivity,High,Negative,Pending,Chandigarh,Punjab,Branch Store,2026-04-23 01:14:01
TC-79183,Customer_1612,user_1612@telecom-domain.com,Wi-Fi range very weak and dropping,"Wi-Fi signal cuts out 5 meters away from router. Need dual-band router replacement. (Location: Hyderabad, Account #152582)",Equipment / Router,Medium,Negative,Closed,Hyderabad,Telangana,Branch Store,2026-02-28 01:18:01
TC-15043,Customer_1613,user_1613@telecom-domain.com,Plan upgrade request to Gigabit speed,"Want to upgrade existing 100 Mbps plan to 1 Gbps fiber plan. Please share pricing and process. (Location: Pune, Account #223571)",Service Request,Low,Positive,Solved,Pune,Maharashtra,Web Portal,2026-06-06 14:09:01
TC-70890,Customer_1614,user_1614@telecom-domain.com,Broadband speed throttling during peak hours,"Every evening between 7 PM and 11 PM speed drops below 2 Mbps. This is unacceptable service quality. (Location: Kolkata, Account #363980)",Broadband Performance,Medium,Frustrated,Solved,Kolkata,West Bengal,Email,2026-06-28 20:33:01
TC-54212,Customer_1615,user_1615@telecom-domain.com,Regional mobile tower power failure outage,"All mobile network connectivity is down in HSR Layout sector 2. Whole neighborhood affected. (Location: Delhi, Account #169588)",Service Outage,High,Angry,Open,Delhi,Delhi,Customer Care Call,2026-06-08 19:16:01
TC-27431,Customer_1616,user_1616@telecom-domain.com,Double charge on monthly broadband bill,"I was charged twice ₹1,499 for the current month bill. Money deducted twice from credit card but status shows pending. (Location: Pune, Account #312496)",Billing Dispute,High,Angry,Pending,Pune,Maharashtra,Branch Store,2026-03-14 01:27:01
TC-43563,Customer_1617,user_1617@telecom-domain.com,One-way audio issue during phone calls,"When people call me, they cannot hear my voice at all while I can hear them clearly. Terrible experience. (Location: Pune, Account #425849)",Call Drops,High,Frustrated,Open,Pune,Maharashtra,Branch Store,2026-05-08 20:38:01
TC-37542,Customer_1618,user_1618@telecom-domain.com,Modem overheating and rebooting automatically,"Provided Wi-Fi router gets burning hot within 10 minutes and reboots continuously. (Location: Chandigarh, Account #298717)",Equipment / Router,High,Negative,Closed,Chandigarh,Punjab,Branch Store,2026-08-02 10:36:01
TC-60790,Customer_1619,user_1619@telecom-domain.com,Requesting MNP UPC port out code due to poor network,"Tired of frequent call drops and zero coverage. Want to port out my number to another operator immediately. (Location: Chennai, Account #879742)",Cancellation,High,Angry,Closed,Chennai,Tamil Nadu,Mobile App,2026-07-08 03:00:01
TC-63146,Customer_1620,user_1620@telecom-domain.com,Regional mobile tower power failure outage,"All mobile network connectivity is down in HSR Layout sector 2. Whole neighborhood affected. (Location: Ahmedabad, Account #587315)",Service Outage,High,Angry,Open,Ahmedabad,Gujarat,Customer Care Call,2026-04-15 19:45:01
TC-58101,Customer_1621,user_1621@telecom-domain.com,Modem overheating and rebooting automatically,"Provided Wi-Fi router gets burning hot within 10 minutes and reboots continuously. (Location: Hyderabad, Account #910452)",Equipment / Router,High,Negative,Pending,Hyderabad,Telangana,Branch Store,2026-08-18 04:25:01
TC-25301,Customer_1622,user_1622@telecom-domain.com,Modem overheating and rebooting automatically,"Provided Wi-Fi router gets burning hot within 10 minutes and reboots continuously. (Location: Hyderabad, Account #639361)",Equipment / Router,High,Negative,Open,Hyderabad,Telangana,Branch Store,2026-06-24 15:12:01
TC-80296,Customer_1623,user_1623@telecom-domain.com,Wi-Fi range very weak and dropping,"Wi-Fi signal cuts out 5 meters away from router. Need dual-band router replacement. (Location: Kolkata, Account #707530)",Equipment / Router,Medium,Negative,Pending,Kolkata,West Bengal,Customer Care Call,2026-03-18 19:52:01
TC-81225,Customer_1624,user_1624@telecom-domain.com,Faulty router Wi-Fi red light issue,"Router optical PON light turns solid red. No internet access on any Wi-Fi device. (Location: Bengaluru, Account #853659)",Equipment / Router,High,Angry,Pending,Bengaluru,Karnataka,Branch Store,2026-05-09 18:10:01
TC-37254,Customer_1625,user_1625@telecom-domain.com,Terminate account service immediately,"Unsatisfied with customer service and frequent billing errors. Terminate my plan today. (Location: Ahmedabad, Account #375760)",Cancellation,High,Angry,Pending,Ahmedabad,Gujarat,Mobile App,2026-08-06 05:38:01
TC-90622,Customer_1626,user_1626@telecom-domain.com,Broadband speed throttling during peak hours,"Every evening between 7 PM and 11 PM speed drops below 2 Mbps. This is unacceptable service quality. (Location: Delhi, Account #477076)",Broadband Performance,Medium,Frustrated,Solved,Delhi,Delhi,Email,2026-07-08 17:06:01
TC-26273,Customer_1627,user_1627@telecom-domain.com,Severe network outage in localized zone,"No broadband or cellular service available since last night heavy storm. Fiber cable seems damaged. (Location: Delhi, Account #629916)",Service Outage,High,Angry,Solved,Delhi,Delhi,Email,2026-03-29 16:55:01
TC-33850,Customer_1628,user_1628@telecom-domain.com,Wi-Fi range very weak and dropping,"Wi-Fi signal cuts out 5 meters away from router. Need dual-band router replacement. (Location: Delhi, Account #269364)",Equipment / Router,Medium,Negative,Closed,Delhi,Delhi,Mobile App,2026-07-11 10:31:01
TC-46514,Customer_1629,user_1629@telecom-domain.com,Call drops frequently while driving in city,"Call handoff between cell towers fails completely. Every call gets cut when moving between cell sectors. (Location: Mumbai, Account #397165)",Call Drops,Medium,Negative,Pending,Mumbai,Maharashtra,Email,2026-02-25 15:55:01
TC-10217,Customer_1630,user_1630@telecom-domain.com,SIM card showing no service,"My SIM suddenly stopped catching network signal. Checked on another phone, still says No Service. (Location: Bengaluru, Account #771182)",Network Connectivity,High,Angry,Solved,Bengaluru,Karnataka,Web Portal,2026-03-22 19:14:01
TC-41035,Customer_1631,user_1631@telecom-domain.com,Unauthorized Value Added Service (VAS) charged,"My bill includes ₹299 for international roaming VAS which I never subscribed or activated. Deduct this immediately. (Location: Jaipur, Account #851351)",Billing Dispute,High,Angry,Pending,Jaipur,Rajasthan,Mobile App,2026-03-06 08:54:01
TC-85584,Customer_1632,user_1632@telecom-domain.com,SIM card showing no service,"My SIM suddenly stopped catching network signal. Checked on another phone, still says No Service. (Location: Bengaluru, Account #309162)",Network Connectivity,High,Angry,Pending,Bengaluru,Karnataka,Branch Store,2026-06-26 15:24:01
TC-59339,Customer_1633,user_1633@telecom-domain.com,Request static IP allocation for home server,"Need static IPv4 address for remote access setup on my connection. (Location: Bengaluru, Account #529039)",Service Request,Low,Neutral,Pending,Bengaluru,Karnataka,Mobile App,2026-07-11 20:03:01
TC-40762,Customer_1634,user_1634@telecom-domain.com,Modem overheating and rebooting automatically,"Provided Wi-Fi router gets burning hot within 10 minutes and reboots continuously. (Location: Jaipur, Account #794070)",Equipment / Router,High,Negative,Solved,Jaipur,Rajasthan,Mobile App,2026-04-22 22:38:01
TC-56613,Customer_1635,user_1635@telecom-domain.com,Requesting MNP UPC port out code due to poor network,"Tired of frequent call drops and zero coverage. Want to port out my number to another operator immediately. (Location: Delhi, Account #639059)",Cancellation,High,Angry,Closed,Delhi,Delhi,Email,2026-06-08 05:29:01
TC-45402,Customer_1636,user_1636@telecom-domain.com,Requesting MNP UPC port out code due to poor network,"Tired of frequent call drops and zero coverage. Want to port out my number to another operator immediately. (Location: Delhi, Account #912695)",Cancellation,High,Angry,Solved,Delhi,Delhi,Customer Care Call,2026-03-15 05:41:01
TC-54519,Customer_1637,user_1637@telecom-domain.com,Misleading information given by call center,"Support executive promised bill adjustment within 24 hours but ticket was closed without action. (Location: Mumbai, Account #275293)",Customer Service,High,Angry,Open,Mumbai,Maharashtra,Customer Care Call,2026-07-11 20:15:01
TC-82573,Customer_1638,user_1638@telecom-domain.com,Complete fiber optic broadband blackout,"Total internet and landline blackout across our entire apartment complex since 8 AM today. No response from helpline. (Location: Jaipur, Account #372612)",Service Outage,High,Angry,Pending,Jaipur,Rajasthan,Branch Store,2026-04-26 12:32:01
TC-62886,Customer_1639,user_1639@telecom-domain.com,Request to shift broadband to new address,"Moving to new apartment next week. Need connection relocation feasible check and schedule. (Location: Ahmedabad, Account #120954)",Service Request,Low,Neutral,Closed,Ahmedabad,Gujarat,Mobile App,2026-03-24 12:58:01
TC-72879,Customer_1640,user_1640@telecom-domain.com,Data speed throttled to 64 Kbps incorrectly,"High speed data quota shows 50% balance in app but speed is throttled to unusable 64 Kbps. (Location: Delhi, Account #127638)",Data / Usage Issue,High,Negative,Closed,Delhi,Delhi,Branch Store,2026-04-05 17:07:01
TC-39074,Customer_1641,user_1641@telecom-domain.com,Modem overheating and rebooting automatically,"Provided Wi-Fi router gets burning hot within 10 minutes and reboots continuously. (Location: Chandigarh, Account #594497)",Equipment / Router,High,Negative,Closed,Chandigarh,Punjab,Branch Store,2026-07-01 16:38:01
TC-56348,Customer_1642,user_1642@telecom-domain.com,SIM card showing no service,"My SIM suddenly stopped catching network signal. Checked on another phone, still says No Service. (Location: Bengaluru, Account #737546)",Network Connectivity,High,Angry,Pending,Bengaluru,Karnataka,Mobile App,2026-03-15 10:27:01
TC-62993,Customer_1643,user_1643@telecom-domain.com,Call drops frequently while driving in city,"Call handoff between cell towers fails completely. Every call gets cut when moving between cell sectors. (Location: Delhi, Account #687692)",Call Drops,Medium,Negative,Solved,Delhi,Delhi,Branch Store,2026-04-16 05:47:01
TC-25848,Customer_1644,user_1644@telecom-domain.com,Request to shift broadband to new address,"Moving to new apartment next week. Need connection relocation feasible check and schedule. (Location: Kolkata, Account #832527)",Service Request,Low,Neutral,Open,Kolkata,West Bengal,Web Portal,2026-06-22 15:37:01
TC-41279,Customer_1645,user_1645@telecom-domain.com,Cancel broadband subscription connection,"Subscribed to another provider due to continuous outages. Please disconnect line and refund deposit. (Location: Mumbai, Account #480340)",Cancellation,High,Angry,Closed,Mumbai,Maharashtra,Email,2026-05-18 19:23:01
TC-82978,Customer_1646,user_1646@telecom-domain.com,Broadband speed throttling during peak hours,"Every evening between 7 PM and 11 PM speed drops below 2 Mbps. This is unacceptable service quality. (Location: Chandigarh, Account #306577)",Broadband Performance,Medium,Frustrated,Closed,Chandigarh,Punjab,Mobile App,2026-04-22 04:36:01
TC-51859,Customer_1647,user_1647@telecom-domain.com,Poor signal strength indoors,"Signal is extremely weak inside my home. Cannot make any voice calls or use mobile internet unless I step outside. (Location: Mumbai, Account #227971)",Network Connectivity,Medium,Negative,Closed,Mumbai,Maharashtra,Email,2026-03-04 03:15:01
TC-99617,Customer_1648,user_1648@telecom-domain.com,Cancel broadband subscription connection,"Subscribed to another provider due to continuous outages. Please disconnect line and refund deposit. (Location: Chennai, Account #711217)",Cancellation,High,Angry,Closed,Chennai,Tamil Nadu,Mobile App,2026-08-03 08:00:01
TC-92455,Customer_1649,user_1649@telecom-domain.com,Call drops frequently while driving in city,"Call handoff between cell towers fails completely. Every call gets cut when moving between cell sectors. (Location: Chennai, Account #774394)",Call Drops,Medium,Negative,Open,Chennai,Tamil Nadu,Email,2026-05-03 12:57:01
TC-30018,Customer_1650,user_1650@telecom-domain.com,Severe network outage in localized zone,"No broadband or cellular service available since last night heavy storm. Fiber cable seems damaged. (Location: Kolkata, Account #535204)",Service Outage,High,Angry,Pending,Kolkata,West Bengal,Mobile App,2026-04-16 16:38:01
TC-77727,Customer_1651,user_1651@telecom-domain.com,Wi-Fi range very weak and dropping,"Wi-Fi signal cuts out 5 meters away from router. Need dual-band router replacement. (Location: Jaipur, Account #213032)",Equipment / Router,Medium,Negative,Open,Jaipur,Rajasthan,Mobile App,2026-06-04 14:02:01
TC-37266,Customer_1652,user_1652@telecom-domain.com,Double charge on monthly broadband bill,"I was charged twice ₹1,499 for the current month bill. Money deducted twice from credit card but status shows pending. (Location: Kolkata, Account #965490)",Billing Dispute,High,Angry,Solved,Kolkata,West Bengal,Mobile App,2026-07-31 08:03:01
TC-62110,Customer_1653,user_1653@telecom-domain.com,Data speed throttled to 64 Kbps incorrectly,"High speed data quota shows 50% balance in app but speed is throttled to unusable 64 Kbps. (Location: Chandigarh, Account #876634)",Data / Usage Issue,High,Negative,Closed,Chandigarh,Punjab,Mobile App,2026-03-13 04:38:01
TC-73209,Customer_1654,user_1654@telecom-domain.com,Frequent internet disconnects every hour,"Broadband connection disconnects every 30 minutes while working from home. PON light on fiber ONT blinks red. (Location: Ahmedabad, Account #633564)",Broadband Performance,High,Angry,Solved,Ahmedabad,Gujarat,Customer Care Call,2026-05-07 23:51:01
TC-51310,Customer_1655,user_1655@telecom-domain.com,Call disconnects continuously on VoLTE,"HD voice call quality is pathetic. Audio breaks up and call drops without warning during important business calls. (Location: Chandigarh, Account #410581)",Call Drops,High,Angry,Pending,Chandigarh,Punjab,Customer Care Call,2026-03-31 16:27:01
TC-13494,Customer_1656,user_1656@telecom-domain.com,Wi-Fi range very weak and dropping,"Wi-Fi signal cuts out 5 meters away from router. Need dual-band router replacement. (Location: Kolkata, Account #828461)",Equipment / Router,Medium,Negative,Open,Kolkata,West Bengal,Customer Care Call,2026-03-30 05:03:01
TC-97909,Customer_1657,user_1657@telecom-domain.com,Security deposit refund not received after cancellation,"Cancelled my connection 45 days ago but ₹2,000 security deposit refund is still pending. Support promised 7 days. (Location: Delhi, Account #564508)",Billing Dispute,High,Angry,Closed,Delhi,Delhi,Customer Care Call,2026-05-17 20:25:01
TC-19503,Customer_1658,user_1658@telecom-domain.com,Network signal keeps dropping repeatedly,"Every time I travel through the electronic city corridor, signal completely dies for 15 minutes. Very unreliable network. (Location: Chandigarh, Account #787062)",Network Connectivity,High,Angry,Open,Chandigarh,Punjab,Branch Store,2026-07-14 14:03:01
TC-19288,Customer_1659,user_1659@telecom-domain.com,Very slow fiber broadband speed,"Subscribed to 300 Mbps fiber plan but getting only 5 Mbps download speed. Speed test ping is over 250ms. Extremely slow. (Location: Mumbai, Account #676284)",Broadband Performance,High,Angry,Pending,Mumbai,Maharashtra,Branch Store,2026-08-02 02:39:01
TC-64453,Customer_1660,user_1660@telecom-domain.com,Severe network outage in localized zone,"No broadband or cellular service available since last night heavy storm. Fiber cable seems damaged. (Location: Jaipur, Account #933375)",Service Outage,High,Angry,Closed,Jaipur,Rajasthan,Email,2026-06-07 06:58:01
TC-70901,Customer_1661,user_1661@telecom-domain.com,Work order pending port availability issue,"Feeder box installation pending due to lack of spare fiber port. Need resolution. (Location: Kolkata, Account #330298)",Installation,Medium,Negative,Pending,Kolkata,West Bengal,Mobile App,2026-06-10 23:02:01
TC-81409,Customer_1662,user_1662@telecom-domain.com,High latency and packet loss while working,"Experiencing 40% packet loss and high latency. Video calls on Zoom and Teams keep freezing constantly. (Location: Hyderabad, Account #261073)",Broadband Performance,High,Negative,Open,Hyderabad,Telangana,Mobile App,2026-03-31 11:42:01
TC-12311,Customer_1663,user_1663@telecom-domain.com,No network coverage in my area,"I have zero mobile signal since morning in my apartment. Emergency calls only showing on screen. Please fix this cellular network issue immediately. (Location: Mumbai, Account #573633)",Network Connectivity,High,Angry,Closed,Mumbai,Maharashtra,Email,2026-06-28 22:57:01
TC-74063,Customer_1664,user_1664@telecom-domain.com,Auto-debit failure penalty wrongly applied,"Bank auto-debit succeeded on time but your system marked late payment fee ₹250. Please reverse penalty. (Location: Bengaluru, Account #203686)",Billing Dispute,Medium,Negative,Solved,Bengaluru,Karnataka,Mobile App,2026-06-27 02:39:01
TC-43880,Customer_1665,user_1665@telecom-domain.com,Auto-debit failure penalty wrongly applied,"Bank auto-debit succeeded on time but your system marked late payment fee ₹250. Please reverse penalty. (Location: Hyderabad, Account #870919)",Billing Dispute,Medium,Negative,Closed,Hyderabad,Telangana,Customer Care Call,2026-06-24 03:48:01
TC-49341,Customer_1666,user_1666@telecom-domain.com,Call disconnects continuously on VoLTE,"HD voice call quality is pathetic. Audio breaks up and call drops without warning during important business calls. (Location: Mumbai, Account #124410)",Call Drops,High,Angry,Solved,Mumbai,Maharashtra,Email,2026-05-24 01:13:01
TC-67014,Customer_1667,user_1667@telecom-domain.com,Modem overheating and rebooting automatically,"Provided Wi-Fi router gets burning hot within 10 minutes and reboots continuously. (Location: Hyderabad, Account #640468)",Equipment / Router,High,Negative,Open,Hyderabad,Telangana,Mobile App,2026-07-11 12:58:01
TC-72786,Customer_1668,user_1668@telecom-domain.com,Pending broadband connection setup over 5 days,"Applied for new fiber connection 5 days ago. Payment completed but technician installation pending. (Location: Bengaluru, Account #322107)",Installation,Medium,Frustrated,Pending,Bengaluru,Karnataka,Customer Care Call,2026-04-11 08:51:01
TC-28697,Customer_1669,user_1669@telecom-domain.com,One-way audio issue during phone calls,"When people call me, they cannot hear my voice at all while I can hear them clearly. Terrible experience. (Location: Jaipur, Account #669398)",Call Drops,High,Frustrated,Pending,Jaipur,Rajasthan,Customer Care Call,2026-07-29 10:59:01
TC-59058,Customer_1670,user_1670@telecom-domain.com,Very slow fiber broadband speed,"Subscribed to 300 Mbps fiber plan but getting only 5 Mbps download speed. Speed test ping is over 250ms. Extremely slow. (Location: Hyderabad, Account #508608)",Broadband Performance,High,Angry,Open,Hyderabad,Telangana,Mobile App,2026-03-24 06:35:01
TC-49593,Customer_1671,user_1671@telecom-domain.com,Work order pending port availability issue,"Feeder box installation pending due to lack of spare fiber port. Need resolution. (Location: Delhi, Account #420590)",Installation,Medium,Negative,Pending,Delhi,Delhi,Customer Care Call,2026-05-18 13:59:01
TC-97903,Customer_1672,user_1672@telecom-domain.com,SIM card showing no service,"My SIM suddenly stopped catching network signal. Checked on another phone, still says No Service. (Location: Mumbai, Account #870796)",Network Connectivity,High,Angry,Pending,Mumbai,Maharashtra,Email,2026-03-16 11:18:01
TC-46689,Customer_1673,user_1673@telecom-domain.com,Complete service outage in operational area,"Total breakdown of voice and data services across post office area. Business is severely impacted. (Location: Pune, Account #358902)",Service Outage,High,Angry,Open,Pune,Maharashtra,Branch Store,2026-08-08 05:32:01
TC-11919,Customer_1674,user_1674@telecom-domain.com,One-way audio issue during phone calls,"When people call me, they cannot hear my voice at all while I can hear them clearly. Terrible experience. (Location: Chennai, Account #502759)",Call Drops,High,Frustrated,Open,Chennai,Tamil Nadu,Mobile App,2026-08-10 04:09:01
TC-33941,Customer_1675,user_1675@telecom-domain.com,Security deposit refund not received after cancellation,"Cancelled my connection 45 days ago but ₹2,000 security deposit refund is still pending. Support promised 7 days. (Location: Chandigarh, Account #584051)",Billing Dispute,High,Angry,Solved,Chandigarh,Punjab,Mobile App,2026-03-01 01:55:01
TC-99498,Customer_1676,user_1676@telecom-domain.com,Voice call drops within 30 seconds,"Almost every call drops automatically within 20 to 30 seconds. Unusable voice calling service. (Location: Ahmedabad, Account #247158)",Call Drops,High,Angry,Closed,Ahmedabad,Gujarat,Customer Care Call,2026-07-05 23:19:01
TC-44840,Customer_1677,user_1677@telecom-domain.com,Request to shift broadband to new address,"Moving to new apartment next week. Need connection relocation feasible check and schedule. (Location: Delhi, Account #687009)",Service Request,Low,Neutral,Open,Delhi,Delhi,Mobile App,2026-03-21 19:41:01
TC-29289,Customer_1678,user_1678@telecom-domain.com,Complete fiber optic broadband blackout,"Total internet and landline blackout across our entire apartment complex since 8 AM today. No response from helpline. (Location: Mumbai, Account #858719)",Service Outage,High,Angry,Open,Mumbai,Maharashtra,Branch Store,2026-07-28 09:46:01
TC-90901,Customer_1679,user_1679@telecom-domain.com,Terminate account service immediately,"Unsatisfied with customer service and frequent billing errors. Terminate my plan today. (Location: Kolkata, Account #909674)",Cancellation,High,Angry,Solved,Kolkata,West Bengal,Mobile App,2026-04-01 02:24:01
TC-56436,Customer_1680,user_1680@telecom-domain.com,Voice call drops within 30 seconds,"Almost every call drops automatically within 20 to 30 seconds. Unusable voice calling service. (Location: Chennai, Account #713399)",Call Drops,High,Angry,Solved,Chennai,Tamil Nadu,Web Portal,2026-07-31 05:52:01
TC-99383,Customer_1681,user_1681@telecom-domain.com,International roaming data pack not working,"Purchased 5GB roaming data pack for international travel but roaming data is not activating. (Location: Chennai, Account #292041)",Data / Usage Issue,High,Angry,Open,Chennai,Tamil Nadu,Email,2026-02-23 22:38:01
TC-72214,Customer_1682,user_1682@telecom-domain.com,Faulty router Wi-Fi red light issue,"Router optical PON light turns solid red. No internet access on any Wi-Fi device. (Location: Hyderabad, Account #422217)",Equipment / Router,High,Angry,Closed,Hyderabad,Telangana,Email,2026-05-20 19:58:01
TC-43307,Customer_1683,user_1683@telecom-domain.com,Very slow fiber broadband speed,"Subscribed to 300 Mbps fiber plan but getting only 5 Mbps download speed. Speed test ping is over 250ms. Extremely slow. (Location: Bengaluru, Account #736520)",Broadband Performance,High,Angry,Open,Bengaluru,Karnataka,Web Portal,2026-05-01 15:08:01
TC-71353,Customer_1684,user_1684@telecom-domain.com,Network signal keeps dropping repeatedly,"Every time I travel through the electronic city corridor, signal completely dies for 15 minutes. Very unreliable network. (Location: Pune, Account #689169)",Network Connectivity,High,Angry,Open,Pune,Maharashtra,Mobile App,2026-06-20 03:36:01
TC-48836,Customer_1685,user_1685@telecom-domain.com,Double charge on monthly broadband bill,"I was charged twice ₹1,499 for the current month bill. Money deducted twice from credit card but status shows pending. (Location: Hyderabad, Account #325009)",Billing Dispute,High,Angry,Pending,Hyderabad,Telangana,Email,2026-07-27 02:07:01
TC-36579,Customer_1686,user_1686@telecom-domain.com,One-way audio issue during phone calls,"When people call me, they cannot hear my voice at all while I can hear them clearly. Terrible experience. (Location: Bengaluru, Account #887253)",Call Drops,High,Frustrated,Solved,Bengaluru,Karnataka,Mobile App,2026-03-16 15:01:01
TC-32213,Customer_1687,user_1687@telecom-domain.com,Rude customer care support agent behavior,"Customer service agent hung up the call on me while explaining my broadband issue. Worst support ever. (Location: Pune, Account #170768)",Customer Service,High,Angry,Pending,Pune,Maharashtra,Customer Care Call,2026-06-03 16:11:01
TC-19215,Customer_1688,user_1688@telecom-domain.com,Requesting MNP UPC port out code due to poor network,"Tired of frequent call drops and zero coverage. Want to port out my number to another operator immediately. (Location: Pune, Account #984557)",Cancellation,High,Angry,Open,Pune,Maharashtra,Mobile App,2026-03-08 10:48:01
TC-90071,Customer_1689,user_1689@telecom-domain.com,Misleading information given by call center,"Support executive promised bill adjustment within 24 hours but ticket was closed without action. (Location: Delhi, Account #965445)",Customer Service,High,Angry,Closed,Delhi,Delhi,Branch Store,2026-06-10 01:46:01
TC-56149,Customer_1690,user_1690@telecom-domain.com,Broadband speed throttling during peak hours,"Every evening between 7 PM and 11 PM speed drops below 2 Mbps. This is unacceptable service quality. (Location: Chennai, Account #482888)",Broadband Performance,Medium,Frustrated,Solved,Chennai,Tamil Nadu,Web Portal,2026-04-08 13:53:01
TC-57304,Customer_1691,user_1691@telecom-domain.com,Plan upgrade request to Gigabit speed,"Want to upgrade existing 100 Mbps plan to 1 Gbps fiber plan. Please share pricing and process. (Location: Hyderabad, Account #117959)",Service Request,Low,Positive,Open,Hyderabad,Telangana,Branch Store,2026-03-22 16:03:01
TC-50495,Customer_1692,user_1692@telecom-domain.com,No resolution provided despite 5 calls,"Called customer care 5 times in 3 days. Promises callback every time but nobody calls back. (Location: Chandigarh, Account #289835)",Customer Service,High,Angry,Solved,Chandigarh,Punjab,Email,2026-04-10 08:47:01
TC-51264,Customer_1693,user_1693@telecom-domain.com,Auto-debit failure penalty wrongly applied,"Bank auto-debit succeeded on time but your system marked late payment fee ₹250. Please reverse penalty. (Location: Delhi, Account #422656)",Billing Dispute,Medium,Negative,Pending,Delhi,Delhi,Email,2026-03-17 13:01:01
TC-79496,Customer_1694,user_1694@telecom-domain.com,Requesting MNP UPC port out code due to poor network,"Tired of frequent call drops and zero coverage. Want to port out my number to another operator immediately. (Location: Kolkata, Account #133113)",Cancellation,High,Angry,Open,Kolkata,West Bengal,Mobile App,2026-05-29 14:27:01
TC-12705,Customer_1695,user_1695@telecom-domain.com,Broadband speed throttling during peak hours,"Every evening between 7 PM and 11 PM speed drops below 2 Mbps. This is unacceptable service quality. (Location: Pune, Account #734485)",Broadband Performance,Medium,Frustrated,Solved,Pune,Maharashtra,Mobile App,2026-05-15 15:18:01
TC-70109,Customer_1696,user_1696@telecom-domain.com,One-way audio issue during phone calls,"When people call me, they cannot hear my voice at all while I can hear them clearly. Terrible experience. (Location: Delhi, Account #944110)",Call Drops,High,Frustrated,Open,Delhi,Delhi,Web Portal,2026-06-28 06:06:01
TC-78018,Customer_1697,user_1697@telecom-domain.com,Cancel broadband subscription connection,"Subscribed to another provider due to continuous outages. Please disconnect line and refund deposit. (Location: Jaipur, Account #508859)",Cancellation,High,Angry,Closed,Jaipur,Rajasthan,Email,2026-08-11 16:59:01
TC-22538,Customer_1698,user_1698@telecom-domain.com,Pending broadband connection setup over 5 days,"Applied for new fiber connection 5 days ago. Payment completed but technician installation pending. (Location: Chennai, Account #464325)",Installation,Medium,Frustrated,Open,Chennai,Tamil Nadu,Branch Store,2026-05-08 00:51:01
TC-99510,Customer_1699,user_1699@telecom-domain.com,Data balance deducted without internet usage,"500MB data debited automatically overnight while mobile data switch was off. Please audit usage logs. (Location: Delhi, Account #338385)",Data / Usage Issue,Medium,Negative,Solved,Delhi,Delhi,Customer Care Call,2026-03-20 15:42:01
TC-95506,Customer_1700,user_1700@telecom-domain.com,Data balance deducted without internet usage,"500MB data debited automatically overnight while mobile data switch was off. Please audit usage logs. (Location: Ahmedabad, Account #593554)",Data / Usage Issue,Medium,Negative,Pending,Ahmedabad,Gujarat,Customer Care Call,2026-04-03 19:42:01
TC-69759,Customer_1701,user_1701@telecom-domain.com,Terminate account service immediately,"Unsatisfied with customer service and frequent billing errors. Terminate my plan today. (Location: Delhi, Account #915253)",Cancellation,High,Angry,Pending,Delhi,Delhi,Branch Store,2026-06-11 01:09:01
TC-29547,Customer_1702,user_1702@telecom-domain.com,Unauthorized Value Added Service (VAS) charged,"My bill includes ₹299 for international roaming VAS which I never subscribed or activated. Deduct this immediately. (Location: Chennai, Account #481010)",Billing Dispute,High,Angry,Closed,Chennai,Tamil Nadu,Customer Care Call,2026-04-26 14:03:01
TC-81731,Customer_1703,user_1703@telecom-domain.com,Cancel broadband subscription connection,"Subscribed to another provider due to continuous outages. Please disconnect line and refund deposit. (Location: Ahmedabad, Account #660265)",Cancellation,High,Angry,Open,Ahmedabad,Gujarat,Mobile App,2026-03-31 23:54:01
TC-41311,Customer_1704,user_1704@telecom-domain.com,No network coverage in my area,"I have zero mobile signal since morning in my apartment. Emergency calls only showing on screen. Please fix this cellular network issue immediately. (Location: Bengaluru, Account #731745)",Network Connectivity,High,Angry,Solved,Bengaluru,Karnataka,Branch Store,2026-06-16 07:51:01
TC-97529,Customer_1705,user_1705@telecom-domain.com,Complete service outage in operational area,"Total breakdown of voice and data services across post office area. Business is severely impacted. (Location: Mumbai, Account #389891)",Service Outage,High,Angry,Pending,Mumbai,Maharashtra,Customer Care Call,2026-02-27 21:01:01
TC-59490,Customer_1706,user_1706@telecom-domain.com,No network coverage in my area,"I have zero mobile signal since morning in my apartment. Emergency calls only showing on screen. Please fix this cellular network issue immediately. (Location: Kolkata, Account #927207)",Network Connectivity,High,Angry,Solved,Kolkata,West Bengal,Email,2026-03-31 09:09:01
TC-17306,Customer_1707,user_1707@telecom-domain.com,Security deposit refund not received after cancellation,"Cancelled my connection 45 days ago but ₹2,000 security deposit refund is still pending. Support promised 7 days. (Location: Chennai, Account #185631)",Billing Dispute,High,Angry,Pending,Chennai,Tamil Nadu,Customer Care Call,2026-06-12 10:48:01
TC-71098,Customer_1708,user_1708@telecom-domain.com,Misleading information given by call center,"Support executive promised bill adjustment within 24 hours but ticket was closed without action. (Location: Delhi, Account #517328)",Customer Service,High,Angry,Closed,Delhi,Delhi,Email,2026-08-11 19:17:01
TC-80579,Customer_1709,user_1709@telecom-domain.com,One-way audio issue during phone calls,"When people call me, they cannot hear my voice at all while I can hear them clearly. Terrible experience. (Location: Ahmedabad, Account #107171)",Call Drops,High,Frustrated,Solved,Ahmedabad,Gujarat,Email,2026-04-10 08:27:01
TC-32165,Customer_1710,user_1710@telecom-domain.com,Double charge on monthly broadband bill,"I was charged twice ₹1,499 for the current month bill. Money deducted twice from credit card but status shows pending. (Location: Kolkata, Account #994964)",Billing Dispute,High,Angry,Solved,Kolkata,West Bengal,Branch Store,2026-07-29 10:21:01
TC-12715,Customer_1711,user_1711@telecom-domain.com,Faulty router Wi-Fi red light issue,"Router optical PON light turns solid red. No internet access on any Wi-Fi device. (Location: Bengaluru, Account #128023)",Equipment / Router,High,Angry,Closed,Bengaluru,Karnataka,Mobile App,2026-04-20 20:36:01
TC-69591,Customer_1712,user_1712@telecom-domain.com,Work order pending port availability issue,"Feeder box installation pending due to lack of spare fiber port. Need resolution. (Location: Bengaluru, Account #163418)",Installation,Medium,Negative,Solved,Bengaluru,Karnataka,Mobile App,2026-02-23 10:11:01
TC-49751,Customer_1713,user_1713@telecom-domain.com,Security deposit refund not received after cancellation,"Cancelled my connection 45 days ago but ₹2,000 security deposit refund is still pending. Support promised 7 days. (Location: Jaipur, Account #680726)",Billing Dispute,High,Angry,Open,Jaipur,Rajasthan,Branch Store,2026-02-24 11:43:01
TC-51141,Customer_1714,user_1714@telecom-domain.com,Request to shift broadband to new address,"Moving to new apartment next week. Need connection relocation feasible check and schedule. (Location: Chennai, Account #727491)",Service Request,Low,Neutral,Open,Chennai,Tamil Nadu,Mobile App,2026-05-23 18:29:01
TC-18973,Customer_1715,user_1715@telecom-domain.com,No resolution provided despite 5 calls,"Called customer care 5 times in 3 days. Promises callback every time but nobody calls back. (Location: Bengaluru, Account #689298)",Customer Service,High,Angry,Pending,Bengaluru,Karnataka,Web Portal,2026-03-18 03:46:01
TC-48686,Customer_1716,user_1716@telecom-domain.com,Modem overheating and rebooting automatically,"Provided Wi-Fi router gets burning hot within 10 minutes and reboots continuously. (Location: Ahmedabad, Account #647436)",Equipment / Router,High,Negative,Closed,Ahmedabad,Gujarat,Customer Care Call,2026-08-14 23:09:01
TC-13058,Customer_1717,user_1717@telecom-domain.com,No network coverage in my area,"I have zero mobile signal since morning in my apartment. Emergency calls only showing on screen. Please fix this cellular network issue immediately. (Location: Jaipur, Account #503848)",Network Connectivity,High,Angry,Solved,Jaipur,Rajasthan,Web Portal,2026-04-02 02:59:01
TC-35142,Customer_1718,user_1718@telecom-domain.com,SIM card showing no service,"My SIM suddenly stopped catching network signal. Checked on another phone, still says No Service. (Location: Delhi, Account #915421)",Network Connectivity,High,Angry,Closed,Delhi,Delhi,Branch Store,2026-03-28 23:43:01
TC-10443,Customer_1719,user_1719@telecom-domain.com,Network signal keeps dropping repeatedly,"Every time I travel through the electronic city corridor, signal completely dies for 15 minutes. Very unreliable network. (Location: Delhi, Account #778639)",Network Connectivity,High,Angry,Pending,Delhi,Delhi,Web Portal,2026-04-27 20:36:01
TC-74689,Customer_1720,user_1720@telecom-domain.com,Delayed fiber installation appointment,"Fiber installation was scheduled for yesterday 2 PM. Technician did not turn up and phone is switched off. (Location: Mumbai, Account #802663)",Installation,High,Angry,Solved,Mumbai,Maharashtra,Customer Care Call,2026-06-27 18:41:01
TC-66565,Customer_1721,user_1721@telecom-domain.com,Terminate account service immediately,"Unsatisfied with customer service and frequent billing errors. Terminate my plan today. (Location: Hyderabad, Account #881297)",Cancellation,High,Angry,Closed,Hyderabad,Telangana,Customer Care Call,2026-06-06 21:08:01
TC-39692,Customer_1722,user_1722@telecom-domain.com,Wi-Fi range very weak and dropping,"Wi-Fi signal cuts out 5 meters away from router. Need dual-band router replacement. (Location: Bengaluru, Account #829836)",Equipment / Router,Medium,Negative,Solved,Bengaluru,Karnataka,Web Portal,2026-07-29 18:34:01
TC-17903,Customer_1723,user_1723@telecom-domain.com,Faulty router Wi-Fi red light issue,"Router optical PON light turns solid red. No internet access on any Wi-Fi device. (Location: Hyderabad, Account #154244)",Equipment / Router,High,Angry,Open,Hyderabad,Telangana,Customer Care Call,2026-05-26 01:48:01
TC-97859,Customer_1724,user_1724@telecom-domain.com,Rude customer care support agent behavior,"Customer service agent hung up the call on me while explaining my broadband issue. Worst support ever. (Location: Chandigarh, Account #334775)",Customer Service,High,Angry,Open,Chandigarh,Punjab,Mobile App,2026-04-02 22:40:01
TC-72972,Customer_1725,user_1725@telecom-domain.com,Complete service outage in operational area,"Total breakdown of voice and data services across post office area. Business is severely impacted. (Location: Bengaluru, Account #543180)",Service Outage,High,Angry,Closed,Bengaluru,Karnataka,Mobile App,2026-07-08 05:10:01
TC-83898,Customer_1726,user_1726@telecom-domain.com,Plan upgrade request to Gigabit speed,"Want to upgrade existing 100 Mbps plan to 1 Gbps fiber plan. Please share pricing and process. (Location: Kolkata, Account #484838)",Service Request,Low,Positive,Closed,Kolkata,West Bengal,Email,2026-04-21 09:44:01
TC-47892,Customer_1727,user_1727@telecom-domain.com,Regional mobile tower power failure outage,"All mobile network connectivity is down in HSR Layout sector 2. Whole neighborhood affected. (Location: Ahmedabad, Account #733383)",Service Outage,High,Angry,Solved,Ahmedabad,Gujarat,Branch Store,2026-05-07 17:05:01
TC-45075,Customer_1728,user_1728@telecom-domain.com,Request to shift broadband to new address,"Moving to new apartment next week. Need connection relocation feasible check and schedule. (Location: Jaipur, Account #292869)",Service Request,Low,Neutral,Pending,Jaipur,Rajasthan,Branch Store,2026-03-23 20:34:01
TC-64801,Customer_1729,user_1729@telecom-domain.com,Broadband speed throttling during peak hours,"Every evening between 7 PM and 11 PM speed drops below 2 Mbps. This is unacceptable service quality. (Location: Hyderabad, Account #485131)",Broadband Performance,Medium,Frustrated,Open,Hyderabad,Telangana,Branch Store,2026-02-27 08:20:01
TC-64010,Customer_1730,user_1730@telecom-domain.com,Request static IP allocation for home server,"Need static IPv4 address for remote access setup on my connection. (Location: Hyderabad, Account #496060)",Service Request,Low,Neutral,Open,Hyderabad,Telangana,Email,2026-04-08 04:55:01
TC-36822,Customer_1731,user_1731@telecom-domain.com,Request to shift broadband to new address,"Moving to new apartment next week. Need connection relocation feasible check and schedule. (Location: Bengaluru, Account #724851)",Service Request,Low,Neutral,Pending,Bengaluru,Karnataka,Customer Care Call,2026-05-21 22:39:01
TC-46772,Customer_1732,user_1732@telecom-domain.com,Double charge on monthly broadband bill,"I was charged twice ₹1,499 for the current month bill. Money deducted twice from credit card but status shows pending. (Location: Delhi, Account #811121)",Billing Dispute,High,Angry,Pending,Delhi,Delhi,Customer Care Call,2026-04-08 08:09:01
TC-73230,Customer_1733,user_1733@telecom-domain.com,Unable to make outgoing calls,"Outgoing calls immediately get terminated with call ended error. Incoming calls work fine. (Location: Chandigarh, Account #639779)",Call Drops,High,Angry,Open,Chandigarh,Punjab,Email,2026-07-27 13:59:01
TC-70572,Customer_1734,user_1734@telecom-domain.com,Broadband speed throttling during peak hours,"Every evening between 7 PM and 11 PM speed drops below 2 Mbps. This is unacceptable service quality. (Location: Jaipur, Account #685108)",Broadband Performance,Medium,Frustrated,Open,Jaipur,Rajasthan,Email,2026-04-12 00:11:01
TC-19988,Customer_1735,user_1735@telecom-domain.com,Complete service outage in operational area,"Total breakdown of voice and data services across post office area. Business is severely impacted. (Location: Jaipur, Account #324654)",Service Outage,High,Angry,Open,Jaipur,Rajasthan,Email,2026-03-24 15:49:01
TC-83535,Customer_1736,user_1736@telecom-domain.com,Plan upgrade request to Gigabit speed,"Want to upgrade existing 100 Mbps plan to 1 Gbps fiber plan. Please share pricing and process. (Location: Delhi, Account #888678)",Service Request,Low,Positive,Open,Delhi,Delhi,Email,2026-07-02 08:00:01
TC-42801,Customer_1737,user_1737@telecom-domain.com,Wi-Fi range very weak and dropping,"Wi-Fi signal cuts out 5 meters away from router. Need dual-band router replacement. (Location: Hyderabad, Account #931507)",Equipment / Router,Medium,Negative,Pending,Hyderabad,Telangana,Customer Care Call,2026-08-06 17:36:01
TC-57041,Customer_1738,user_1738@telecom-domain.com,Call drops frequently while driving in city,"Call handoff between cell towers fails completely. Every call gets cut when moving between cell sectors. (Location: Chandigarh, Account #434268)",Call Drops,Medium,Negative,Pending,Chandigarh,Punjab,Web Portal,2026-08-06 16:31:01
TC-64774,Customer_1739,user_1739@telecom-domain.com,Data speed throttled to 64 Kbps incorrectly,"High speed data quota shows 50% balance in app but speed is throttled to unusable 64 Kbps. (Location: Chandigarh, Account #243680)",Data / Usage Issue,High,Negative,Pending,Chandigarh,Punjab,Web Portal,2026-08-10 03:46:01
TC-75005,Customer_1740,user_1740@telecom-domain.com,Wi-Fi range very weak and dropping,"Wi-Fi signal cuts out 5 meters away from router. Need dual-band router replacement. (Location: Delhi, Account #568415)",Equipment / Router,Medium,Negative,Pending,Delhi,Delhi,Email,2026-08-12 06:35:01
TC-91643,Customer_1741,user_1741@telecom-domain.com,Request to shift broadband to new address,"Moving to new apartment next week. Need connection relocation feasible check and schedule. (Location: Chennai, Account #595841)",Service Request,Low,Neutral,Open,Chennai,Tamil Nadu,Branch Store,2026-04-13 14:05:01
TC-43580,Customer_1742,user_1742@telecom-domain.com,Frequent internet disconnects every hour,"Broadband connection disconnects every 30 minutes while working from home. PON light on fiber ONT blinks red. (Location: Chandigarh, Account #213699)",Broadband Performance,High,Angry,Closed,Chandigarh,Punjab,Branch Store,2026-08-18 13:53:01
TC-86230,Customer_1743,user_1743@telecom-domain.com,Double charge on monthly broadband bill,"I was charged twice ₹1,499 for the current month bill. Money deducted twice from credit card but status shows pending. (Location: Pune, Account #232788)",Billing Dispute,High,Angry,Pending,Pune,Maharashtra,Mobile App,2026-02-20 20:36:01
TC-63229,Customer_1744,user_1744@telecom-domain.com,Delayed fiber installation appointment,"Fiber installation was scheduled for yesterday 2 PM. Technician did not turn up and phone is switched off. (Location: Chennai, Account #266629)",Installation,High,Angry,Closed,Chennai,Tamil Nadu,Email,2026-05-27 11:33:01
TC-77678,Customer_1745,user_1745@telecom-domain.com,Network signal keeps dropping repeatedly,"Every time I travel through the electronic city corridor, signal completely dies for 15 minutes. Very unreliable network. (Location: Chennai, Account #575476)",Network Connectivity,High,Angry,Pending,Chennai,Tamil Nadu,Branch Store,2026-04-16 12:06:01
TC-36616,Customer_1746,user_1746@telecom-domain.com,Modem overheating and rebooting automatically,"Provided Wi-Fi router gets burning hot within 10 minutes and reboots continuously. (Location: Ahmedabad, Account #793173)",Equipment / Router,High,Negative,Pending,Ahmedabad,Gujarat,Customer Care Call,2026-04-30 22:49:01
TC-63055,Customer_1747,user_1747@telecom-domain.com,Data balance deducted without internet usage,"500MB data debited automatically overnight while mobile data switch was off. Please audit usage logs. (Location: Chennai, Account #516513)",Data / Usage Issue,Medium,Negative,Closed,Chennai,Tamil Nadu,Branch Store,2026-07-18 02:23:01
TC-52447,Customer_1748,user_1748@telecom-domain.com,Request static IP allocation for home server,"Need static IPv4 address for remote access setup on my connection. (Location: Chandigarh, Account #383456)",Service Request,Low,Neutral,Pending,Chandigarh,Punjab,Email,2026-04-04 11:02:01
TC-96441,Customer_1749,user_1749@telecom-domain.com,Faulty router Wi-Fi red light issue,"Router optical PON light turns solid red. No internet access on any Wi-Fi device. (Location: Delhi, Account #951192)",Equipment / Router,High,Angry,Open,Delhi,Delhi,Email,2026-07-21 08:14:01
TC-14442,Customer_1750,user_1750@telecom-domain.com,Incorrect plan billing amount charged,"Subscribed to ₹599 plan but bill generated is ₹1,199. High overcharge without explanation. (Location: Pune, Account #462836)",Billing Dispute,Medium,Frustrated,Closed,Pune,Maharashtra,Branch Store,2026-02-28 13:13:01
TC-81788,Customer_1751,user_1751@telecom-domain.com,Data speed throttled to 64 Kbps incorrectly,"High speed data quota shows 50% balance in app but speed is throttled to unusable 64 Kbps. (Location: Ahmedabad, Account #446711)",Data / Usage Issue,High,Negative,Pending,Ahmedabad,Gujarat,Branch Store,2026-03-09 06:46:01
TC-97469,Customer_1752,user_1752@telecom-domain.com,High latency and packet loss while working,"Experiencing 40% packet loss and high latency. Video calls on Zoom and Teams keep freezing constantly. (Location: Jaipur, Account #662605)",Broadband Performance,High,Negative,Solved,Jaipur,Rajasthan,Branch Store,2026-03-09 12:22:01
TC-99848,Customer_1753,user_1753@telecom-domain.com,International roaming data pack not working,"Purchased 5GB roaming data pack for international travel but roaming data is not activating. (Location: Kolkata, Account #828660)",Data / Usage Issue,High,Angry,Pending,Kolkata,West Bengal,Branch Store,2026-07-11 05:17:01
TC-71231,Customer_1754,user_1754@telecom-domain.com,Data speed throttled to 64 Kbps incorrectly,"High speed data quota shows 50% balance in app but speed is throttled to unusable 64 Kbps. (Location: Chandigarh, Account #659477)",Data / Usage Issue,High,Negative,Solved,Chandigarh,Punjab,Email,2026-04-21 17:07:01
TC-92402,Customer_1755,user_1755@telecom-domain.com,Request to shift broadband to new address,"Moving to new apartment next week. Need connection relocation feasible check and schedule. (Location: Chennai, Account #441684)",Service Request,Low,Neutral,Open,Chennai,Tamil Nadu,Email,2026-06-28 06:38:01
TC-89132,Customer_1756,user_1756@telecom-domain.com,Complete service outage in operational area,"Total breakdown of voice and data services across post office area. Business is severely impacted. (Location: Kolkata, Account #532390)",Service Outage,High,Angry,Pending,Kolkata,West Bengal,Web Portal,2026-06-06 15:06:01
TC-53322,Customer_1757,user_1757@telecom-domain.com,Severe network outage in localized zone,"No broadband or cellular service available since last night heavy storm. Fiber cable seems damaged. (Location: Bengaluru, Account #444000)",Service Outage,High,Angry,Closed,Bengaluru,Karnataka,Branch Store,2026-08-05 01:57:01
TC-48650,Customer_1758,user_1758@telecom-domain.com,Delayed fiber installation appointment,"Fiber installation was scheduled for yesterday 2 PM. Technician did not turn up and phone is switched off. (Location: Bengaluru, Account #482092)",Installation,High,Angry,Closed,Bengaluru,Karnataka,Web Portal,2026-07-28 10:01:01
TC-26376,Customer_1759,user_1759@telecom-domain.com,Unable to make outgoing calls,"Outgoing calls immediately get terminated with call ended error. Incoming calls work fine. (Location: Jaipur, Account #661756)",Call Drops,High,Angry,Closed,Jaipur,Rajasthan,Mobile App,2026-05-29 02:57:01
TC-37915,Customer_1760,user_1760@telecom-domain.com,Work order pending port availability issue,"Feeder box installation pending due to lack of spare fiber port. Need resolution. (Location: Hyderabad, Account #798749)",Installation,Medium,Negative,Solved,Hyderabad,Telangana,Mobile App,2026-05-06 20:09:01
TC-64137,Customer_1761,user_1761@telecom-domain.com,Severe network outage in localized zone,"No broadband or cellular service available since last night heavy storm. Fiber cable seems damaged. (Location: Bengaluru, Account #910151)",Service Outage,High,Angry,Open,Bengaluru,Karnataka,Web Portal,2026-05-22 04:58:01
TC-69045,Customer_1762,user_1762@telecom-domain.com,Very slow fiber broadband speed,"Subscribed to 300 Mbps fiber plan but getting only 5 Mbps download speed. Speed test ping is over 250ms. Extremely slow. (Location: Bengaluru, Account #761228)",Broadband Performance,High,Angry,Open,Bengaluru,Karnataka,Web Portal,2026-04-02 10:44:01
TC-37837,Customer_1763,user_1763@telecom-domain.com,Call disconnects continuously on VoLTE,"HD voice call quality is pathetic. Audio breaks up and call drops without warning during important business calls. (Location: Hyderabad, Account #134152)",Call Drops,High,Angry,Closed,Hyderabad,Telangana,Email,2026-07-29 04:29:01
TC-55258,Customer_1764,user_1764@telecom-domain.com,Severe network outage in localized zone,"No broadband or cellular service available since last night heavy storm. Fiber cable seems damaged. (Location: Pune, Account #936063)",Service Outage,High,Angry,Solved,Pune,Maharashtra,Web Portal,2026-03-26 15:30:01
TC-37027,Customer_1765,user_1765@telecom-domain.com,SIM card showing no service,"My SIM suddenly stopped catching network signal. Checked on another phone, still says No Service. (Location: Mumbai, Account #887563)",Network Connectivity,High,Angry,Solved,Mumbai,Maharashtra,Email,2026-04-24 01:43:01
TC-75500,Customer_1766,user_1766@telecom-domain.com,Requesting MNP UPC port out code due to poor network,"Tired of frequent call drops and zero coverage. Want to port out my number to another operator immediately. (Location: Mumbai, Account #706322)",Cancellation,High,Angry,Solved,Mumbai,Maharashtra,Branch Store,2026-05-26 23:59:01
TC-16661,Customer_1767,user_1767@telecom-domain.com,Wi-Fi range very weak and dropping,"Wi-Fi signal cuts out 5 meters away from router. Need dual-band router replacement. (Location: Hyderabad, Account #683244)",Equipment / Router,Medium,Negative,Pending,Hyderabad,Telangana,Web Portal,2026-05-23 07:29:01
TC-22194,Customer_1768,user_1768@telecom-domain.com,Frequent internet disconnects every hour,"Broadband connection disconnects every 30 minutes while working from home. PON light on fiber ONT blinks red. (Location: Chennai, Account #442841)",Broadband Performance,High,Angry,Open,Chennai,Tamil Nadu,Email,2026-03-12 20:48:01
TC-67639,Customer_1769,user_1769@telecom-domain.com,Rude customer care support agent behavior,"Customer service agent hung up the call on me while explaining my broadband issue. Worst support ever. (Location: Kolkata, Account #979476)",Customer Service,High,Angry,Closed,Kolkata,West Bengal,Branch Store,2026-07-21 03:35:01
TC-56786,Customer_1770,user_1770@telecom-domain.com,Complete service outage in operational area,"Total breakdown of voice and data services across post office area. Business is severely impacted. (Location: Mumbai, Account #541246)",Service Outage,High,Angry,Open,Mumbai,Maharashtra,Branch Store,2026-05-04 17:00:01
TC-98504,Customer_1771,user_1771@telecom-domain.com,Voice call drops within 30 seconds,"Almost every call drops automatically within 20 to 30 seconds. Unusable voice calling service. (Location: Hyderabad, Account #361966)",Call Drops,High,Angry,Pending,Hyderabad,Telangana,Email,2026-04-21 22:52:01
TC-39699,Customer_1772,user_1772@telecom-domain.com,Call disconnects continuously on VoLTE,"HD voice call quality is pathetic. Audio breaks up and call drops without warning during important business calls. (Location: Hyderabad, Account #450949)",Call Drops,High,Angry,Pending,Hyderabad,Telangana,Web Portal,2026-06-12 08:39:01
TC-72965,Customer_1773,user_1773@telecom-domain.com,SIM card showing no service,"My SIM suddenly stopped catching network signal. Checked on another phone, still says No Service. (Location: Chennai, Account #579396)",Network Connectivity,High,Angry,Solved,Chennai,Tamil Nadu,Mobile App,2026-03-20 02:32:01
TC-33630,Customer_1774,user_1774@telecom-domain.com,Faulty router Wi-Fi red light issue,"Router optical PON light turns solid red. No internet access on any Wi-Fi device. (Location: Hyderabad, Account #185247)",Equipment / Router,High,Angry,Closed,Hyderabad,Telangana,Branch Store,2026-02-27 21:26:01
TC-33094,Customer_1775,user_1775@telecom-domain.com,Rude customer care support agent behavior,"Customer service agent hung up the call on me while explaining my broadband issue. Worst support ever. (Location: Chennai, Account #393372)",Customer Service,High,Angry,Closed,Chennai,Tamil Nadu,Mobile App,2026-05-10 04:50:01
TC-85127,Customer_1776,user_1776@telecom-domain.com,Delayed fiber installation appointment,"Fiber installation was scheduled for yesterday 2 PM. Technician did not turn up and phone is switched off. (Location: Bengaluru, Account #503426)",Installation,High,Angry,Pending,Bengaluru,Karnataka,Web Portal,2026-05-05 03:14:01
TC-54618,Customer_1777,user_1777@telecom-domain.com,Data speed throttled to 64 Kbps incorrectly,"High speed data quota shows 50% balance in app but speed is throttled to unusable 64 Kbps. (Location: Chandigarh, Account #222255)",Data / Usage Issue,High,Negative,Open,Chandigarh,Punjab,Branch Store,2026-05-20 10:37:01
TC-38873,Customer_1778,user_1778@telecom-domain.com,Pending broadband connection setup over 5 days,"Applied for new fiber connection 5 days ago. Payment completed but technician installation pending. (Location: Delhi, Account #647381)",Installation,Medium,Frustrated,Open,Delhi,Delhi,Customer Care Call,2026-04-08 21:13:01
TC-10310,Customer_1779,user_1779@telecom-domain.com,Incorrect plan billing amount charged,"Subscribed to ₹599 plan but bill generated is ₹1,199. High overcharge without explanation. (Location: Ahmedabad, Account #625908)",Billing Dispute,Medium,Frustrated,Open,Ahmedabad,Gujarat,Mobile App,2026-06-07 12:14:01
TC-99657,Customer_1780,user_1780@telecom-domain.com,Misleading information given by call center,"Support executive promised bill adjustment within 24 hours but ticket was closed without action. (Location: Chennai, Account #479213)",Customer Service,High,Angry,Open,Chennai,Tamil Nadu,Email,2026-06-14 14:58:01
TC-85043,Customer_1781,user_1781@telecom-domain.com,Voice call drops within 30 seconds,"Almost every call drops automatically within 20 to 30 seconds. Unusable voice calling service. (Location: Mumbai, Account #105964)",Call Drops,High,Angry,Solved,Mumbai,Maharashtra,Web Portal,2026-07-18 12:27:01
TC-76681,Customer_1782,user_1782@telecom-domain.com,Wi-Fi range very weak and dropping,"Wi-Fi signal cuts out 5 meters away from router. Need dual-band router replacement. (Location: Chandigarh, Account #913257)",Equipment / Router,Medium,Negative,Pending,Chandigarh,Punjab,Email,2026-06-17 17:59:01
TC-64554,Customer_1783,user_1783@telecom-domain.com,Security deposit refund not received after cancellation,"Cancelled my connection 45 days ago but ₹2,000 security deposit refund is still pending. Support promised 7 days. (Location: Chandigarh, Account #835107)",Billing Dispute,High,Angry,Pending,Chandigarh,Punjab,Mobile App,2026-04-13 12:55:01
TC-41095,Customer_1784,user_1784@telecom-domain.com,High latency and packet loss while working,"Experiencing 40% packet loss and high latency. Video calls on Zoom and Teams keep freezing constantly. (Location: Hyderabad, Account #482547)",Broadband Performance,High,Negative,Closed,Hyderabad,Telangana,Customer Care Call,2026-06-27 05:38:01
TC-42884,Customer_1785,user_1785@telecom-domain.com,Requesting MNP UPC port out code due to poor network,"Tired of frequent call drops and zero coverage. Want to port out my number to another operator immediately. (Location: Kolkata, Account #850736)",Cancellation,High,Angry,Open,Kolkata,West Bengal,Customer Care Call,2026-06-28 11:21:01
TC-69381,Customer_1786,user_1786@telecom-domain.com,Plan upgrade request to Gigabit speed,"Want to upgrade existing 100 Mbps plan to 1 Gbps fiber plan. Please share pricing and process. (Location: Chennai, Account #734059)",Service Request,Low,Positive,Solved,Chennai,Tamil Nadu,Customer Care Call,2026-04-08 04:15:01
TC-48398,Customer_1787,user_1787@telecom-domain.com,Data balance deducted without internet usage,"500MB data debited automatically overnight while mobile data switch was off. Please audit usage logs. (Location: Ahmedabad, Account #793865)",Data / Usage Issue,Medium,Negative,Open,Ahmedabad,Gujarat,Mobile App,2026-05-08 08:34:01
TC-43396,Customer_1788,user_1788@telecom-domain.com,Pending broadband connection setup over 5 days,"Applied for new fiber connection 5 days ago. Payment completed but technician installation pending. (Location: Hyderabad, Account #373124)",Installation,Medium,Frustrated,Open,Hyderabad,Telangana,Branch Store,2026-06-19 14:34:01
TC-55507,Customer_1789,user_1789@telecom-domain.com,Frequent loss of 4G/5G connection,"My phone continuously drops from 5G to 2G every 10 minutes. Network bar completely disappears in office building. (Location: Hyderabad, Account #884969)",Network Connectivity,High,Negative,Closed,Hyderabad,Telangana,Customer Care Call,2026-07-29 03:50:01
TC-67581,Customer_1790,user_1790@telecom-domain.com,High latency and packet loss while working,"Experiencing 40% packet loss and high latency. Video calls on Zoom and Teams keep freezing constantly. (Location: Mumbai, Account #234386)",Broadband Performance,High,Negative,Closed,Mumbai,Maharashtra,Email,2026-03-30 19:21:01
TC-69731,Customer_1791,user_1791@telecom-domain.com,Work order pending port availability issue,"Feeder box installation pending due to lack of spare fiber port. Need resolution. (Location: Kolkata, Account #492600)",Installation,Medium,Negative,Open,Kolkata,West Bengal,Web Portal,2026-08-15 22:25:01
TC-91971,Customer_1792,user_1792@telecom-domain.com,Modem overheating and rebooting automatically,"Provided Wi-Fi router gets burning hot within 10 minutes and reboots continuously. (Location: Jaipur, Account #794922)",Equipment / Router,High,Negative,Open,Jaipur,Rajasthan,Branch Store,2026-03-16 07:26:01
TC-12425,Customer_1793,user_1793@telecom-domain.com,International roaming data pack not working,"Purchased 5GB roaming data pack for international travel but roaming data is not activating. (Location: Chennai, Account #980214)",Data / Usage Issue,High,Angry,Open,Chennai,Tamil Nadu,Email,2026-05-28 09:54:01
TC-47102,Customer_1794,user_1794@telecom-domain.com,Very slow fiber broadband speed,"Subscribed to 300 Mbps fiber plan but getting only 5 Mbps download speed. Speed test ping is over 250ms. Extremely slow. (Location: Ahmedabad, Account #247225)",Broadband Performance,High,Angry,Closed,Ahmedabad,Gujarat,Email,2026-06-21 04:18:01
TC-79495,Customer_1795,user_1795@telecom-domain.com,No network coverage in my area,"I have zero mobile signal since morning in my apartment. Emergency calls only showing on screen. Please fix this cellular network issue immediately. (Location: Chennai, Account #537138)",Network Connectivity,High,Angry,Open,Chennai,Tamil Nadu,Customer Care Call,2026-04-11 08:55:01
TC-29944,Customer_1796,user_1796@telecom-domain.com,Auto-debit failure penalty wrongly applied,"Bank auto-debit succeeded on time but your system marked late payment fee ₹250. Please reverse penalty. (Location: Delhi, Account #880267)",Billing Dispute,Medium,Negative,Pending,Delhi,Delhi,Branch Store,2026-07-06 10:14:01
TC-61246,Customer_1797,user_1797@telecom-domain.com,Requesting MNP UPC port out code due to poor network,"Tired of frequent call drops and zero coverage. Want to port out my number to another operator immediately. (Location: Delhi, Account #267729)",Cancellation,High,Angry,Open,Delhi,Delhi,Branch Store,2026-05-26 11:04:01
TC-27329,Customer_1798,user_1798@telecom-domain.com,Voice call drops within 30 seconds,"Almost every call drops automatically within 20 to 30 seconds. Unusable voice calling service. (Location: Ahmedabad, Account #599491)",Call Drops,High,Angry,Solved,Ahmedabad,Gujarat,Branch Store,2026-05-19 06:05:01
TC-16229,Customer_1799,user_1799@telecom-domain.com,Network signal keeps dropping repeatedly,"Every time I travel through the electronic city corridor, signal completely dies for 15 minutes. Very unreliable network. (Location: Chandigarh, Account #944679)",Network Connectivity,High,Angry,Open,Chandigarh,Punjab,Branch Store,2026-06-19 12:08:01
TC-44071,Customer_1800,user_1800@telecom-domain.com,Severe network outage in localized zone,"No broadband or cellular service available since last night heavy storm. Fiber cable seems damaged. (Location: Chandigarh, Account #828258)",Service Outage,High,Angry,Pending,Chandigarh,Punjab,Web Portal,2026-08-04 09:33:01
TC-57384,Customer_1801,user_1801@telecom-domain.com,Daily FUP data quota exhausted instantly,"My 2GB daily data limit got exhausted at 10 AM without heavy usage. Metering system is inaccurate. (Location: Chandigarh, Account #304629)",Data / Usage Issue,Medium,Frustrated,Open,Chandigarh,Punjab,Mobile App,2026-07-27 11:52:01
TC-65345,Customer_1802,user_1802@telecom-domain.com,Very slow fiber broadband speed,"Subscribed to 300 Mbps fiber plan but getting only 5 Mbps download speed. Speed test ping is over 250ms. Extremely slow. (Location: Jaipur, Account #840030)",Broadband Performance,High,Angry,Open,Jaipur,Rajasthan,Web Portal,2026-03-24 03:18:01
TC-49473,Customer_1803,user_1803@telecom-domain.com,One-way audio issue during phone calls,"When people call me, they cannot hear my voice at all while I can hear them clearly. Terrible experience. (Location: Kolkata, Account #353078)",Call Drops,High,Frustrated,Closed,Kolkata,West Bengal,Customer Care Call,2026-06-16 01:32:01
TC-99747,Customer_1804,user_1804@telecom-domain.com,Severe network outage in localized zone,"No broadband or cellular service available since last night heavy storm. Fiber cable seems damaged. (Location: Delhi, Account #776185)",Service Outage,High,Angry,Pending,Delhi,Delhi,Customer Care Call,2026-02-27 05:29:01
TC-80148,Customer_1805,user_1805@telecom-domain.com,Severe network outage in localized zone,"No broadband or cellular service available since last night heavy storm. Fiber cable seems damaged. (Location: Chandigarh, Account #888592)",Service Outage,High,Angry,Pending,Chandigarh,Punjab,Email,2026-06-19 23:28:01
TC-42331,Customer_1806,user_1806@telecom-domain.com,Broadband speed throttling during peak hours,"Every evening between 7 PM and 11 PM speed drops below 2 Mbps. This is unacceptable service quality. (Location: Chennai, Account #127638)",Broadband Performance,Medium,Frustrated,Open,Chennai,Tamil Nadu,Branch Store,2026-06-01 12:00:01
TC-18781,Customer_1807,user_1807@telecom-domain.com,Severe network outage in localized zone,"No broadband or cellular service available since last night heavy storm. Fiber cable seems damaged. (Location: Chandigarh, Account #701629)",Service Outage,High,Angry,Closed,Chandigarh,Punjab,Web Portal,2026-03-01 03:57:01
TC-42546,Customer_1808,user_1808@telecom-domain.com,Requesting MNP UPC port out code due to poor network,"Tired of frequent call drops and zero coverage. Want to port out my number to another operator immediately. (Location: Delhi, Account #554100)",Cancellation,High,Angry,Open,Delhi,Delhi,Customer Care Call,2026-03-14 06:38:01
TC-31297,Customer_1809,user_1809@telecom-domain.com,Very slow fiber broadband speed,"Subscribed to 300 Mbps fiber plan but getting only 5 Mbps download speed. Speed test ping is over 250ms. Extremely slow. (Location: Jaipur, Account #344214)",Broadband Performance,High,Angry,Open,Jaipur,Rajasthan,Mobile App,2026-02-21 18:41:01
TC-48551,Customer_1810,user_1810@telecom-domain.com,Wi-Fi range very weak and dropping,"Wi-Fi signal cuts out 5 meters away from router. Need dual-band router replacement. (Location: Ahmedabad, Account #575227)",Equipment / Router,Medium,Negative,Closed,Ahmedabad,Gujarat,Mobile App,2026-06-01 20:57:01
TC-40323,Customer_1811,user_1811@telecom-domain.com,Misleading information given by call center,"Support executive promised bill adjustment within 24 hours but ticket was closed without action. (Location: Bengaluru, Account #549120)",Customer Service,High,Angry,Solved,Bengaluru,Karnataka,Mobile App,2026-06-25 04:57:01
TC-24718,Customer_1812,user_1812@telecom-domain.com,Delayed fiber installation appointment,"Fiber installation was scheduled for yesterday 2 PM. Technician did not turn up and phone is switched off. (Location: Hyderabad, Account #835936)",Installation,High,Angry,Solved,Hyderabad,Telangana,Email,2026-02-22 14:01:01
TC-30636,Customer_1813,user_1813@telecom-domain.com,Modem overheating and rebooting automatically,"Provided Wi-Fi router gets burning hot within 10 minutes and reboots continuously. (Location: Bengaluru, Account #159655)",Equipment / Router,High,Negative,Open,Bengaluru,Karnataka,Customer Care Call,2026-06-11 10:49:01
TC-38444,Customer_1814,user_1814@telecom-domain.com,Terminate account service immediately,"Unsatisfied with customer service and frequent billing errors. Terminate my plan today. (Location: Jaipur, Account #254855)",Cancellation,High,Angry,Solved,Jaipur,Rajasthan,Mobile App,2026-03-30 14:30:01
TC-90767,Customer_1815,user_1815@telecom-domain.com,Frequent internet disconnects every hour,"Broadband connection disconnects every 30 minutes while working from home. PON light on fiber ONT blinks red. (Location: Chennai, Account #316955)",Broadband Performance,High,Angry,Open,Chennai,Tamil Nadu,Email,2026-05-26 17:51:01
TC-55659,Customer_1816,user_1816@telecom-domain.com,Request static IP allocation for home server,"Need static IPv4 address for remote access setup on my connection. (Location: Jaipur, Account #714953)",Service Request,Low,Neutral,Open,Jaipur,Rajasthan,Mobile App,2026-07-06 08:13:01
TC-27341,Customer_1817,user_1817@telecom-domain.com,Work order pending port availability issue,"Feeder box installation pending due to lack of spare fiber port. Need resolution. (Location: Chandigarh, Account #411993)",Installation,Medium,Negative,Open,Chandigarh,Punjab,Branch Store,2026-04-01 07:23:01
TC-15305,Customer_1818,user_1818@telecom-domain.com,No resolution provided despite 5 calls,"Called customer care 5 times in 3 days. Promises callback every time but nobody calls back. (Location: Chennai, Account #460732)",Customer Service,High,Angry,Open,Chennai,Tamil Nadu,Mobile App,2026-07-19 16:41:01
TC-20016,Customer_1819,user_1819@telecom-domain.com,Call drops frequently while driving in city,"Call handoff between cell towers fails completely. Every call gets cut when moving between cell sectors. (Location: Delhi, Account #356761)",Call Drops,Medium,Negative,Closed,Delhi,Delhi,Web Portal,2026-03-28 19:20:01
TC-30728,Customer_1820,user_1820@telecom-domain.com,International roaming data pack not working,"Purchased 5GB roaming data pack for international travel but roaming data is not activating. (Location: Chennai, Account #564849)",Data / Usage Issue,High,Angry,Pending,Chennai,Tamil Nadu,Email,2026-08-05 17:36:01
TC-84192,Customer_1821,user_1821@telecom-domain.com,Request static IP allocation for home server,"Need static IPv4 address for remote access setup on my connection. (Location: Chandigarh, Account #431962)",Service Request,Low,Neutral,Closed,Chandigarh,Punjab,Mobile App,2026-03-18 02:19:01
TC-18732,Customer_1822,user_1822@telecom-domain.com,Call disconnects continuously on VoLTE,"HD voice call quality is pathetic. Audio breaks up and call drops without warning during important business calls. (Location: Kolkata, Account #449629)",Call Drops,High,Angry,Solved,Kolkata,West Bengal,Branch Store,2026-05-20 23:41:01
TC-93120,Customer_1823,user_1823@telecom-domain.com,SIM card showing no service,"My SIM suddenly stopped catching network signal. Checked on another phone, still says No Service. (Location: Chandigarh, Account #716846)",Network Connectivity,High,Angry,Pending,Chandigarh,Punjab,Web Portal,2026-02-25 02:39:01
TC-60541,Customer_1824,user_1824@telecom-domain.com,Severe network outage in localized zone,"No broadband or cellular service available since last night heavy storm. Fiber cable seems damaged. (Location: Ahmedabad, Account #298932)",Service Outage,High,Angry,Open,Ahmedabad,Gujarat,Branch Store,2026-07-02 06:02:01
TC-38911,Customer_1825,user_1825@telecom-domain.com,No resolution provided despite 5 calls,"Called customer care 5 times in 3 days. Promises callback every time but nobody calls back. (Location: Kolkata, Account #691667)",Customer Service,High,Angry,Closed,Kolkata,West Bengal,Branch Store,2026-05-15 19:35:01
TC-32875,Customer_1826,user_1826@telecom-domain.com,High latency and packet loss while working,"Experiencing 40% packet loss and high latency. Video calls on Zoom and Teams keep freezing constantly. (Location: Chennai, Account #505522)",Broadband Performance,High,Negative,Open,Chennai,Tamil Nadu,Web Portal,2026-06-28 19:00:01
TC-74102,Customer_1827,user_1827@telecom-domain.com,Terminate account service immediately,"Unsatisfied with customer service and frequent billing errors. Terminate my plan today. (Location: Pune, Account #901062)",Cancellation,High,Angry,Open,Pune,Maharashtra,Customer Care Call,2026-05-09 19:53:01
TC-47095,Customer_1828,user_1828@telecom-domain.com,One-way audio issue during phone calls,"When people call me, they cannot hear my voice at all while I can hear them clearly. Terrible experience. (Location: Delhi, Account #305761)",Call Drops,High,Frustrated,Open,Delhi,Delhi,Email,2026-04-18 17:41:01
TC-90274,Customer_1829,user_1829@telecom-domain.com,Poor signal strength indoors,"Signal is extremely weak inside my home. Cannot make any voice calls or use mobile internet unless I step outside. (Location: Kolkata, Account #508516)",Network Connectivity,Medium,Negative,Closed,Kolkata,West Bengal,Mobile App,2026-04-26 15:36:01
TC-23560,Customer_1830,user_1830@telecom-domain.com,Auto-debit failure penalty wrongly applied,"Bank auto-debit succeeded on time but your system marked late payment fee ₹250. Please reverse penalty. (Location: Jaipur, Account #403245)",Billing Dispute,Medium,Negative,Pending,Jaipur,Rajasthan,Customer Care Call,2026-08-14 12:59:01
TC-49310,Customer_1831,user_1831@telecom-domain.com,Data speed throttled to 64 Kbps incorrectly,"High speed data quota shows 50% balance in app but speed is throttled to unusable 64 Kbps. (Location: Jaipur, Account #425395)",Data / Usage Issue,High,Negative,Closed,Jaipur,Rajasthan,Web Portal,2026-03-12 02:27:01
TC-19334,Customer_1832,user_1832@telecom-domain.com,Data speed throttled to 64 Kbps incorrectly,"High speed data quota shows 50% balance in app but speed is throttled to unusable 64 Kbps. (Location: Ahmedabad, Account #862141)",Data / Usage Issue,High,Negative,Closed,Ahmedabad,Gujarat,Mobile App,2026-03-06 21:10:01
TC-37627,Customer_1833,user_1833@telecom-domain.com,Faulty router Wi-Fi red light issue,"Router optical PON light turns solid red. No internet access on any Wi-Fi device. (Location: Delhi, Account #440512)",Equipment / Router,High,Angry,Open,Delhi,Delhi,Mobile App,2026-06-27 06:06:01
TC-40730,Customer_1834,user_1834@telecom-domain.com,Plan upgrade request to Gigabit speed,"Want to upgrade existing 100 Mbps plan to 1 Gbps fiber plan. Please share pricing and process. (Location: Chandigarh, Account #252272)",Service Request,Low,Positive,Pending,Chandigarh,Punjab,Email,2026-03-31 17:42:01
TC-16758,Customer_1835,user_1835@telecom-domain.com,Plan upgrade request to Gigabit speed,"Want to upgrade existing 100 Mbps plan to 1 Gbps fiber plan. Please share pricing and process. (Location: Chennai, Account #164666)",Service Request,Low,Positive,Closed,Chennai,Tamil Nadu,Web Portal,2026-03-09 06:06:01
TC-72874,Customer_1836,user_1836@telecom-domain.com,Data speed throttled to 64 Kbps incorrectly,"High speed data quota shows 50% balance in app but speed is throttled to unusable 64 Kbps. (Location: Hyderabad, Account #796039)",Data / Usage Issue,High,Negative,Open,Hyderabad,Telangana,Email,2026-06-15 10:50:01
TC-74070,Customer_1837,user_1837@telecom-domain.com,Daily FUP data quota exhausted instantly,"My 2GB daily data limit got exhausted at 10 AM without heavy usage. Metering system is inaccurate. (Location: Chandigarh, Account #716317)",Data / Usage Issue,Medium,Frustrated,Closed,Chandigarh,Punjab,Email,2026-03-26 23:55:01
TC-23053,Customer_1838,user_1838@telecom-domain.com,Regional mobile tower power failure outage,"All mobile network connectivity is down in HSR Layout sector 2. Whole neighborhood affected. (Location: Pune, Account #634773)",Service Outage,High,Angry,Solved,Pune,Maharashtra,Email,2026-03-17 14:35:01
TC-50016,Customer_1839,user_1839@telecom-domain.com,No resolution provided despite 5 calls,"Called customer care 5 times in 3 days. Promises callback every time but nobody calls back. (Location: Hyderabad, Account #941348)",Customer Service,High,Angry,Closed,Hyderabad,Telangana,Mobile App,2026-04-30 15:45:01
TC-10862,Customer_1840,user_1840@telecom-domain.com,Data speed throttled to 64 Kbps incorrectly,"High speed data quota shows 50% balance in app but speed is throttled to unusable 64 Kbps. (Location: Bengaluru, Account #556769)",Data / Usage Issue,High,Negative,Pending,Bengaluru,Karnataka,Branch Store,2026-05-08 19:40:01
TC-50289,Customer_1841,user_1841@telecom-domain.com,No network coverage in my area,"I have zero mobile signal since morning in my apartment. Emergency calls only showing on screen. Please fix this cellular network issue immediately. (Location: Ahmedabad, Account #390716)",Network Connectivity,High,Angry,Closed,Ahmedabad,Gujarat,Web Portal,2026-04-12 18:03:01
TC-40354,Customer_1842,user_1842@telecom-domain.com,Frequent loss of 4G/5G connection,"My phone continuously drops from 5G to 2G every 10 minutes. Network bar completely disappears in office building. (Location: Ahmedabad, Account #186012)",Network Connectivity,High,Negative,Closed,Ahmedabad,Gujarat,Email,2026-03-06 05:25:01
TC-44665,Customer_1843,user_1843@telecom-domain.com,Severe network outage in localized zone,"No broadband or cellular service available since last night heavy storm. Fiber cable seems damaged. (Location: Pune, Account #840601)",Service Outage,High,Angry,Pending,Pune,Maharashtra,Mobile App,2026-07-24 02:51:01
TC-16944,Customer_1844,user_1844@telecom-domain.com,Complete fiber optic broadband blackout,"Total internet and landline blackout across our entire apartment complex since 8 AM today. No response from helpline. (Location: Chandigarh, Account #498853)",Service Outage,High,Angry,Open,Chandigarh,Punjab,Web Portal,2026-05-17 14:52:01
TC-85876,Customer_1845,user_1845@telecom-domain.com,High latency and packet loss while working,"Experiencing 40% packet loss and high latency. Video calls on Zoom and Teams keep freezing constantly. (Location: Mumbai, Account #365266)",Broadband Performance,High,Negative,Open,Mumbai,Maharashtra,Web Portal,2026-03-10 05:30:01
TC-75567,Customer_1846,user_1846@telecom-domain.com,Severe network outage in localized zone,"No broadband or cellular service available since last night heavy storm. Fiber cable seems damaged. (Location: Bengaluru, Account #714360)",Service Outage,High,Angry,Pending,Bengaluru,Karnataka,Web Portal,2026-04-08 09:41:01
TC-59687,Customer_1847,user_1847@telecom-domain.com,Security deposit refund not received after cancellation,"Cancelled my connection 45 days ago but ₹2,000 security deposit refund is still pending. Support promised 7 days. (Location: Delhi, Account #939511)",Billing Dispute,High,Angry,Solved,Delhi,Delhi,Customer Care Call,2026-08-01 09:18:01
TC-83765,Customer_1848,user_1848@telecom-domain.com,Request to shift broadband to new address,"Moving to new apartment next week. Need connection relocation feasible check and schedule. (Location: Hyderabad, Account #991746)",Service Request,Low,Neutral,Closed,Hyderabad,Telangana,Web Portal,2026-08-13 04:29:01
TC-15948,Customer_1849,user_1849@telecom-domain.com,Very slow fiber broadband speed,"Subscribed to 300 Mbps fiber plan but getting only 5 Mbps download speed. Speed test ping is over 250ms. Extremely slow. (Location: Mumbai, Account #103081)",Broadband Performance,High,Angry,Open,Mumbai,Maharashtra,Mobile App,2026-03-21 07:34:01
TC-40791,Customer_1850,user_1850@telecom-domain.com,Severe network outage in localized zone,"No broadband or cellular service available since last night heavy storm. Fiber cable seems damaged. (Location: Ahmedabad, Account #474679)",Service Outage,High,Angry,Pending,Ahmedabad,Gujarat,Mobile App,2026-04-11 13:16:01
TC-30659,Customer_1851,user_1851@telecom-domain.com,Request static IP allocation for home server,"Need static IPv4 address for remote access setup on my connection. (Location: Chennai, Account #336512)",Service Request,Low,Neutral,Solved,Chennai,Tamil Nadu,Web Portal,2026-07-30 09:30:01
TC-30927,Customer_1852,user_1852@telecom-domain.com,Faulty router Wi-Fi red light issue,"Router optical PON light turns solid red. No internet access on any Wi-Fi device. (Location: Pune, Account #202820)",Equipment / Router,High,Angry,Closed,Pune,Maharashtra,Customer Care Call,2026-06-07 13:26:01
TC-41191,Customer_1853,user_1853@telecom-domain.com,Plan upgrade request to Gigabit speed,"Want to upgrade existing 100 Mbps plan to 1 Gbps fiber plan. Please share pricing and process. (Location: Bengaluru, Account #782801)",Service Request,Low,Positive,Open,Bengaluru,Karnataka,Customer Care Call,2026-04-03 09:16:01
TC-22503,Customer_1854,user_1854@telecom-domain.com,International roaming data pack not working,"Purchased 5GB roaming data pack for international travel but roaming data is not activating. (Location: Kolkata, Account #619724)",Data / Usage Issue,High,Angry,Open,Kolkata,West Bengal,Email,2026-05-02 06:20:01
TC-49637,Customer_1855,user_1855@telecom-domain.com,Unauthorized Value Added Service (VAS) charged,"My bill includes ₹299 for international roaming VAS which I never subscribed or activated. Deduct this immediately. (Location: Mumbai, Account #722823)",Billing Dispute,High,Angry,Open,Mumbai,Maharashtra,Mobile App,2026-03-01 15:07:01
TC-23182,Customer_1856,user_1856@telecom-domain.com,Frequent loss of 4G/5G connection,"My phone continuously drops from 5G to 2G every 10 minutes. Network bar completely disappears in office building. (Location: Delhi, Account #998645)",Network Connectivity,High,Negative,Closed,Delhi,Delhi,Mobile App,2026-07-10 14:11:01
TC-43482,Customer_1857,user_1857@telecom-domain.com,Complete service outage in operational area,"Total breakdown of voice and data services across post office area. Business is severely impacted. (Location: Delhi, Account #383335)",Service Outage,High,Angry,Solved,Delhi,Delhi,Mobile App,2026-05-27 01:33:01
TC-90369,Customer_1858,user_1858@telecom-domain.com,International roaming data pack not working,"Purchased 5GB roaming data pack for international travel but roaming data is not activating. (Location: Bengaluru, Account #318196)",Data / Usage Issue,High,Angry,Solved,Bengaluru,Karnataka,Web Portal,2026-03-11 06:19:01
TC-76890,Customer_1859,user_1859@telecom-domain.com,Incorrect plan billing amount charged,"Subscribed to ₹599 plan but bill generated is ₹1,199. High overcharge without explanation. (Location: Bengaluru, Account #543602)",Billing Dispute,Medium,Frustrated,Open,Bengaluru,Karnataka,Web Portal,2026-06-10 21:16:01
TC-27129,Customer_1860,user_1860@telecom-domain.com,Request static IP allocation for home server,"Need static IPv4 address for remote access setup on my connection. (Location: Pune, Account #655152)",Service Request,Low,Neutral,Open,Pune,Maharashtra,Customer Care Call,2026-03-11 05:44:01
TC-69362,Customer_1861,user_1861@telecom-domain.com,Data speed throttled to 64 Kbps incorrectly,"High speed data quota shows 50% balance in app but speed is throttled to unusable 64 Kbps. (Location: Mumbai, Account #627870)",Data / Usage Issue,High,Negative,Open,Mumbai,Maharashtra,Branch Store,2026-06-13 22:47:01
TC-61262,Customer_1862,user_1862@telecom-domain.com,SIM card showing no service,"My SIM suddenly stopped catching network signal. Checked on another phone, still says No Service. (Location: Ahmedabad, Account #932028)",Network Connectivity,High,Angry,Pending,Ahmedabad,Gujarat,Branch Store,2026-05-12 17:21:01
TC-49578,Customer_1863,user_1863@telecom-domain.com,Pending broadband connection setup over 5 days,"Applied for new fiber connection 5 days ago. Payment completed but technician installation pending. (Location: Chandigarh, Account #486738)",Installation,Medium,Frustrated,Closed,Chandigarh,Punjab,Email,2026-03-09 07:41:01
TC-54042,Customer_1864,user_1864@telecom-domain.com,Rude customer care support agent behavior,"Customer service agent hung up the call on me while explaining my broadband issue. Worst support ever. (Location: Jaipur, Account #880978)",Customer Service,High,Angry,Open,Jaipur,Rajasthan,Web Portal,2026-07-20 14:13:01
TC-28937,Customer_1865,user_1865@telecom-domain.com,Data speed throttled to 64 Kbps incorrectly,"High speed data quota shows 50% balance in app but speed is throttled to unusable 64 Kbps. (Location: Kolkata, Account #881969)",Data / Usage Issue,High,Negative,Solved,Kolkata,West Bengal,Branch Store,2026-07-06 00:48:01
TC-71604,Customer_1866,user_1866@telecom-domain.com,Daily FUP data quota exhausted instantly,"My 2GB daily data limit got exhausted at 10 AM without heavy usage. Metering system is inaccurate. (Location: Delhi, Account #586875)",Data / Usage Issue,Medium,Frustrated,Pending,Delhi,Delhi,Customer Care Call,2026-03-21 01:35:01
TC-69787,Customer_1867,user_1867@telecom-domain.com,Request to shift broadband to new address,"Moving to new apartment next week. Need connection relocation feasible check and schedule. (Location: Chennai, Account #522704)",Service Request,Low,Neutral,Solved,Chennai,Tamil Nadu,Customer Care Call,2026-07-12 09:31:01
TC-26985,Customer_1868,user_1868@telecom-domain.com,International roaming data pack not working,"Purchased 5GB roaming data pack for international travel but roaming data is not activating. (Location: Bengaluru, Account #814318)",Data / Usage Issue,High,Angry,Solved,Bengaluru,Karnataka,Email,2026-08-16 02:58:01
TC-92041,Customer_1869,user_1869@telecom-domain.com,Regional mobile tower power failure outage,"All mobile network connectivity is down in HSR Layout sector 2. Whole neighborhood affected. (Location: Chandigarh, Account #219907)",Service Outage,High,Angry,Pending,Chandigarh,Punjab,Email,2026-03-03 12:21:01
TC-11237,Customer_1870,user_1870@telecom-domain.com,Pending broadband connection setup over 5 days,"Applied for new fiber connection 5 days ago. Payment completed but technician installation pending. (Location: Bengaluru, Account #660540)",Installation,Medium,Frustrated,Pending,Bengaluru,Karnataka,Mobile App,2026-06-07 06:56:01
TC-10081,Customer_1871,user_1871@telecom-domain.com,Wi-Fi range very weak and dropping,"Wi-Fi signal cuts out 5 meters away from router. Need dual-band router replacement. (Location: Jaipur, Account #371886)",Equipment / Router,Medium,Negative,Open,Jaipur,Rajasthan,Mobile App,2026-03-03 13:51:01
TC-28721,Customer_1872,user_1872@telecom-domain.com,Request static IP allocation for home server,"Need static IPv4 address for remote access setup on my connection. (Location: Mumbai, Account #686012)",Service Request,Low,Neutral,Closed,Mumbai,Maharashtra,Web Portal,2026-07-03 20:44:01
TC-58190,Customer_1873,user_1873@telecom-domain.com,Fiber optical cable line signal unstable,"Fiber link drops repeatedly. Router loses IP address allocation every morning. (Location: Delhi, Account #841573)",Broadband Performance,Medium,Negative,Pending,Delhi,Delhi,Mobile App,2026-07-17 18:52:01
TC-36201,Customer_1874,user_1874@telecom-domain.com,No resolution provided despite 5 calls,"Called customer care 5 times in 3 days. Promises callback every time but nobody calls back. (Location: Pune, Account #282482)",Customer Service,High,Angry,Open,Pune,Maharashtra,Branch Store,2026-06-04 15:08:01
TC-80243,Customer_1875,user_1875@telecom-domain.com,Auto-debit failure penalty wrongly applied,"Bank auto-debit succeeded on time but your system marked late payment fee ₹250. Please reverse penalty. (Location: Ahmedabad, Account #124469)",Billing Dispute,Medium,Negative,Pending,Ahmedabad,Gujarat,Branch Store,2026-05-24 19:56:01
TC-22856,Customer_1876,user_1876@telecom-domain.com,Poor signal strength indoors,"Signal is extremely weak inside my home. Cannot make any voice calls or use mobile internet unless I step outside. (Location: Hyderabad, Account #592991)",Network Connectivity,Medium,Negative,Closed,Hyderabad,Telangana,Customer Care Call,2026-05-05 11:58:01
TC-55998,Customer_1877,user_1877@telecom-domain.com,Requesting MNP UPC port out code due to poor network,"Tired of frequent call drops and zero coverage. Want to port out my number to another operator immediately. (Location: Kolkata, Account #212019)",Cancellation,High,Angry,Open,Kolkata,West Bengal,Email,2026-07-19 20:45:01
TC-73097,Customer_1878,user_1878@telecom-domain.com,Severe network outage in localized zone,"No broadband or cellular service available since last night heavy storm. Fiber cable seems damaged. (Location: Chennai, Account #882768)",Service Outage,High,Angry,Closed,Chennai,Tamil Nadu,Customer Care Call,2026-08-17 18:10:01
TC-33419,Customer_1879,user_1879@telecom-domain.com,Poor signal strength indoors,"Signal is extremely weak inside my home. Cannot make any voice calls or use mobile internet unless I step outside. (Location: Ahmedabad, Account #130261)",Network Connectivity,Medium,Negative,Closed,Ahmedabad,Gujarat,Email,2026-03-21 19:50:01
TC-21261,Customer_1880,user_1880@telecom-domain.com,Faulty router Wi-Fi red light issue,"Router optical PON light turns solid red. No internet access on any Wi-Fi device. (Location: Chandigarh, Account #948238)",Equipment / Router,High,Angry,Open,Chandigarh,Punjab,Branch Store,2026-07-15 00:33:01
TC-27331,Customer_1881,user_1881@telecom-domain.com,Request to shift broadband to new address,"Moving to new apartment next week. Need connection relocation feasible check and schedule. (Location: Delhi, Account #768978)",Service Request,Low,Neutral,Open,Delhi,Delhi,Web Portal,2026-07-08 07:16:01
TC-73429,Customer_1882,user_1882@telecom-domain.com,International roaming data pack not working,"Purchased 5GB roaming data pack for international travel but roaming data is not activating. (Location: Bengaluru, Account #184699)",Data / Usage Issue,High,Angry,Solved,Bengaluru,Karnataka,Email,2026-03-09 09:00:01
TC-64507,Customer_1883,user_1883@telecom-domain.com,Requesting MNP UPC port out code due to poor network,"Tired of frequent call drops and zero coverage. Want to port out my number to another operator immediately. (Location: Chennai, Account #607167)",Cancellation,High,Angry,Solved,Chennai,Tamil Nadu,Branch Store,2026-04-11 22:15:01
TC-34888,Customer_1884,user_1884@telecom-domain.com,Modem overheating and rebooting automatically,"Provided Wi-Fi router gets burning hot within 10 minutes and reboots continuously. (Location: Bengaluru, Account #258497)",Equipment / Router,High,Negative,Solved,Bengaluru,Karnataka,Web Portal,2026-05-26 08:12:01
TC-55902,Customer_1885,user_1885@telecom-domain.com,High latency and packet loss while working,"Experiencing 40% packet loss and high latency. Video calls on Zoom and Teams keep freezing constantly. (Location: Bengaluru, Account #845419)",Broadband Performance,High,Negative,Pending,Bengaluru,Karnataka,Customer Care Call,2026-06-05 15:53:01
TC-10663,Customer_1886,user_1886@telecom-domain.com,Regional mobile tower power failure outage,"All mobile network connectivity is down in HSR Layout sector 2. Whole neighborhood affected. (Location: Hyderabad, Account #504528)",Service Outage,High,Angry,Open,Hyderabad,Telangana,Email,2026-04-01 03:44:01
TC-62940,Customer_1887,user_1887@telecom-domain.com,Pending broadband connection setup over 5 days,"Applied for new fiber connection 5 days ago. Payment completed but technician installation pending. (Location: Mumbai, Account #409494)",Installation,Medium,Frustrated,Pending,Mumbai,Maharashtra,Branch Store,2026-07-03 08:15:01
TC-59485,Customer_1888,user_1888@telecom-domain.com,SIM card showing no service,"My SIM suddenly stopped catching network signal. Checked on another phone, still says No Service. (Location: Pune, Account #104496)",Network Connectivity,High,Angry,Open,Pune,Maharashtra,Mobile App,2026-05-29 05:27:01
TC-17327,Customer_1889,user_1889@telecom-domain.com,Broadband speed throttling during peak hours,"Every evening between 7 PM and 11 PM speed drops below 2 Mbps. This is unacceptable service quality. (Location: Delhi, Account #289346)",Broadband Performance,Medium,Frustrated,Open,Delhi,Delhi,Mobile App,2026-06-24 06:00:01
TC-79959,Customer_1890,user_1890@telecom-domain.com,Misleading information given by call center,"Support executive promised bill adjustment within 24 hours but ticket was closed without action. (Location: Ahmedabad, Account #355571)",Customer Service,High,Angry,Open,Ahmedabad,Gujarat,Web Portal,2026-05-05 16:57:01
TC-98845,Customer_1891,user_1891@telecom-domain.com,Misleading information given by call center,"Support executive promised bill adjustment within 24 hours but ticket was closed without action. (Location: Hyderabad, Account #729519)",Customer Service,High,Angry,Solved,Hyderabad,Telangana,Email,2026-07-04 01:58:01
TC-69972,Customer_1892,user_1892@telecom-domain.com,Cancel broadband subscription connection,"Subscribed to another provider due to continuous outages. Please disconnect line and refund deposit. (Location: Chennai, Account #942791)",Cancellation,High,Angry,Closed,Chennai,Tamil Nadu,Web Portal,2026-08-04 12:02:01
TC-60532,Customer_1893,user_1893@telecom-domain.com,Call drops frequently while driving in city,"Call handoff between cell towers fails completely. Every call gets cut when moving between cell sectors. (Location: Chandigarh, Account #857854)",Call Drops,Medium,Negative,Pending,Chandigarh,Punjab,Branch Store,2026-07-30 04:00:01
TC-87339,Customer_1894,user_1894@telecom-domain.com,Cancel broadband subscription connection,"Subscribed to another provider due to continuous outages. Please disconnect line and refund deposit. (Location: Hyderabad, Account #504224)",Cancellation,High,Angry,Closed,Hyderabad,Telangana,Mobile App,2026-06-29 07:56:01
TC-70404,Customer_1895,user_1895@telecom-domain.com,Frequent loss of 4G/5G connection,"My phone continuously drops from 5G to 2G every 10 minutes. Network bar completely disappears in office building. (Location: Chennai, Account #208732)",Network Connectivity,High,Negative,Solved,Chennai,Tamil Nadu,Web Portal,2026-04-19 11:55:01
TC-72638,Customer_1896,user_1896@telecom-domain.com,Pending broadband connection setup over 5 days,"Applied for new fiber connection 5 days ago. Payment completed but technician installation pending. (Location: Mumbai, Account #222434)",Installation,Medium,Frustrated,Pending,Mumbai,Maharashtra,Web Portal,2026-06-27 20:32:01
TC-59112,Customer_1897,user_1897@telecom-domain.com,Call drops frequently while driving in city,"Call handoff between cell towers fails completely. Every call gets cut when moving between cell sectors. (Location: Mumbai, Account #126986)",Call Drops,Medium,Negative,Open,Mumbai,Maharashtra,Web Portal,2026-04-17 04:22:01
TC-74440,Customer_1898,user_1898@telecom-domain.com,Severe network outage in localized zone,"No broadband or cellular service available since last night heavy storm. Fiber cable seems damaged. (Location: Pune, Account #226082)",Service Outage,High,Angry,Pending,Pune,Maharashtra,Email,2026-03-22 20:27:01
TC-99846,Customer_1899,user_1899@telecom-domain.com,Daily FUP data quota exhausted instantly,"My 2GB daily data limit got exhausted at 10 AM without heavy usage. Metering system is inaccurate. (Location: Chennai, Account #577034)",Data / Usage Issue,Medium,Frustrated,Pending,Chennai,Tamil Nadu,Customer Care Call,2026-05-16 07:29:01
TC-17857,Customer_1900,user_1900@telecom-domain.com,Very slow fiber broadband speed,"Subscribed to 300 Mbps fiber plan but getting only 5 Mbps download speed. Speed test ping is over 250ms. Extremely slow. (Location: Chennai, Account #632859)",Broadband Performance,High,Angry,Solved,Chennai,Tamil Nadu,Customer Care Call,2026-03-08 15:54:01
TC-41162,Customer_1901,user_1901@telecom-domain.com,Frequent loss of 4G/5G connection,"My phone continuously drops from 5G to 2G every 10 minutes. Network bar completely disappears in office building. (Location: Pune, Account #706810)",Network Connectivity,High,Negative,Open,Pune,Maharashtra,Email,2026-06-13 06:43:01
TC-18204,Customer_1902,user_1902@telecom-domain.com,Network signal keeps dropping repeatedly,"Every time I travel through the electronic city corridor, signal completely dies for 15 minutes. Very unreliable network. (Location: Hyderabad, Account #486071)",Network Connectivity,High,Angry,Pending,Hyderabad,Telangana,Email,2026-03-07 10:51:01
TC-35700,Customer_1903,user_1903@telecom-domain.com,No resolution provided despite 5 calls,"Called customer care 5 times in 3 days. Promises callback every time but nobody calls back. (Location: Mumbai, Account #782323)",Customer Service,High,Angry,Solved,Mumbai,Maharashtra,Customer Care Call,2026-05-12 20:47:01
TC-94499,Customer_1904,user_1904@telecom-domain.com,Work order pending port availability issue,"Feeder box installation pending due to lack of spare fiber port. Need resolution. (Location: Jaipur, Account #640150)",Installation,Medium,Negative,Solved,Jaipur,Rajasthan,Web Portal,2026-06-05 17:28:01
TC-77387,Customer_1905,user_1905@telecom-domain.com,Call disconnects continuously on VoLTE,"HD voice call quality is pathetic. Audio breaks up and call drops without warning during important business calls. (Location: Chennai, Account #868639)",Call Drops,High,Angry,Closed,Chennai,Tamil Nadu,Email,2026-04-28 19:44:01
TC-53967,Customer_1906,user_1906@telecom-domain.com,Faulty router Wi-Fi red light issue,"Router optical PON light turns solid red. No internet access on any Wi-Fi device. (Location: Mumbai, Account #512047)",Equipment / Router,High,Angry,Closed,Mumbai,Maharashtra,Mobile App,2026-07-01 21:33:01
TC-25252,Customer_1907,user_1907@telecom-domain.com,Wi-Fi range very weak and dropping,"Wi-Fi signal cuts out 5 meters away from router. Need dual-band router replacement. (Location: Delhi, Account #237816)",Equipment / Router,Medium,Negative,Open,Delhi,Delhi,Mobile App,2026-03-25 07:16:01
TC-34984,Customer_1908,user_1908@telecom-domain.com,Faulty router Wi-Fi red light issue,"Router optical PON light turns solid red. No internet access on any Wi-Fi device. (Location: Chandigarh, Account #222547)",Equipment / Router,High,Angry,Closed,Chandigarh,Punjab,Customer Care Call,2026-07-17 13:20:01
TC-90607,Customer_1909,user_1909@telecom-domain.com,Data speed throttled to 64 Kbps incorrectly,"High speed data quota shows 50% balance in app but speed is throttled to unusable 64 Kbps. (Location: Bengaluru, Account #629294)",Data / Usage Issue,High,Negative,Solved,Bengaluru,Karnataka,Mobile App,2026-06-18 11:49:01
TC-30491,Customer_1910,user_1910@telecom-domain.com,Terminate account service immediately,"Unsatisfied with customer service and frequent billing errors. Terminate my plan today. (Location: Delhi, Account #272024)",Cancellation,High,Angry,Open,Delhi,Delhi,Customer Care Call,2026-05-02 18:41:01
TC-84334,Customer_1911,user_1911@telecom-domain.com,Wi-Fi range very weak and dropping,"Wi-Fi signal cuts out 5 meters away from router. Need dual-band router replacement. (Location: Hyderabad, Account #958046)",Equipment / Router,Medium,Negative,Solved,Hyderabad,Telangana,Web Portal,2026-05-02 00:46:01
TC-26676,Customer_1912,user_1912@telecom-domain.com,No resolution provided despite 5 calls,"Called customer care 5 times in 3 days. Promises callback every time but nobody calls back. (Location: Chandigarh, Account #917408)",Customer Service,High,Angry,Closed,Chandigarh,Punjab,Mobile App,2026-05-05 08:34:01
TC-34194,Customer_1913,user_1913@telecom-domain.com,No resolution provided despite 5 calls,"Called customer care 5 times in 3 days. Promises callback every time but nobody calls back. (Location: Chennai, Account #556133)",Customer Service,High,Angry,Closed,Chennai,Tamil Nadu,Branch Store,2026-06-18 18:15:01
TC-28831,Customer_1914,user_1914@telecom-domain.com,Complete fiber optic broadband blackout,"Total internet and landline blackout across our entire apartment complex since 8 AM today. No response from helpline. (Location: Ahmedabad, Account #265868)",Service Outage,High,Angry,Pending,Ahmedabad,Gujarat,Mobile App,2026-07-18 11:42:01
TC-97734,Customer_1915,user_1915@telecom-domain.com,Faulty router Wi-Fi red light issue,"Router optical PON light turns solid red. No internet access on any Wi-Fi device. (Location: Mumbai, Account #749553)",Equipment / Router,High,Angry,Pending,Mumbai,Maharashtra,Customer Care Call,2026-03-02 13:27:01
TC-50291,Customer_1916,user_1916@telecom-domain.com,Very slow fiber broadband speed,"Subscribed to 300 Mbps fiber plan but getting only 5 Mbps download speed. Speed test ping is over 250ms. Extremely slow. (Location: Delhi, Account #355391)",Broadband Performance,High,Angry,Open,Delhi,Delhi,Customer Care Call,2026-07-17 08:38:01
TC-94109,Customer_1917,user_1917@telecom-domain.com,Data speed throttled to 64 Kbps incorrectly,"High speed data quota shows 50% balance in app but speed is throttled to unusable 64 Kbps. (Location: Mumbai, Account #693753)",Data / Usage Issue,High,Negative,Solved,Mumbai,Maharashtra,Branch Store,2026-07-02 16:50:01
TC-15442,Customer_1918,user_1918@telecom-domain.com,Unauthorized Value Added Service (VAS) charged,"My bill includes ₹299 for international roaming VAS which I never subscribed or activated. Deduct this immediately. (Location: Pune, Account #889355)",Billing Dispute,High,Angry,Solved,Pune,Maharashtra,Branch Store,2026-06-14 23:30:01
TC-93912,Customer_1919,user_1919@telecom-domain.com,Network signal keeps dropping repeatedly,"Every time I travel through the electronic city corridor, signal completely dies for 15 minutes. Very unreliable network. (Location: Mumbai, Account #800528)",Network Connectivity,High,Angry,Pending,Mumbai,Maharashtra,Email,2026-03-10 03:22:01
TC-73056,Customer_1920,user_1920@telecom-domain.com,Plan upgrade request to Gigabit speed,"Want to upgrade existing 100 Mbps plan to 1 Gbps fiber plan. Please share pricing and process. (Location: Chandigarh, Account #211442)",Service Request,Low,Positive,Open,Chandigarh,Punjab,Mobile App,2026-03-09 04:37:01
TC-34347,Customer_1921,user_1921@telecom-domain.com,SIM card showing no service,"My SIM suddenly stopped catching network signal. Checked on another phone, still says No Service. (Location: Pune, Account #321800)",Network Connectivity,High,Angry,Pending,Pune,Maharashtra,Branch Store,2026-06-25 08:27:01
TC-40806,Customer_1922,user_1922@telecom-domain.com,No network coverage in my area,"I have zero mobile signal since morning in my apartment. Emergency calls only showing on screen. Please fix this cellular network issue immediately. (Location: Chandigarh, Account #947430)",Network Connectivity,High,Angry,Closed,Chandigarh,Punjab,Customer Care Call,2026-04-11 18:50:01
TC-56208,Customer_1923,user_1923@telecom-domain.com,Security deposit refund not received after cancellation,"Cancelled my connection 45 days ago but ₹2,000 security deposit refund is still pending. Support promised 7 days. (Location: Delhi, Account #546705)",Billing Dispute,High,Angry,Pending,Delhi,Delhi,Web Portal,2026-04-29 14:14:01
TC-89520,Customer_1924,user_1924@telecom-domain.com,Request to shift broadband to new address,"Moving to new apartment next week. Need connection relocation feasible check and schedule. (Location: Chennai, Account #639557)",Service Request,Low,Neutral,Open,Chennai,Tamil Nadu,Web Portal,2026-08-13 15:47:01
TC-80725,Customer_1925,user_1925@telecom-domain.com,SIM card showing no service,"My SIM suddenly stopped catching network signal. Checked on another phone, still says No Service. (Location: Chennai, Account #299552)",Network Connectivity,High,Angry,Pending,Chennai,Tamil Nadu,Customer Care Call,2026-05-14 07:04:01
TC-95801,Customer_1926,user_1926@telecom-domain.com,Pending broadband connection setup over 5 days,"Applied for new fiber connection 5 days ago. Payment completed but technician installation pending. (Location: Kolkata, Account #497132)",Installation,Medium,Frustrated,Solved,Kolkata,West Bengal,Branch Store,2026-05-05 17:57:01
TC-68356,Customer_1927,user_1927@telecom-domain.com,International roaming data pack not working,"Purchased 5GB roaming data pack for international travel but roaming data is not activating. (Location: Chennai, Account #689627)",Data / Usage Issue,High,Angry,Closed,Chennai,Tamil Nadu,Email,2026-06-30 10:45:01
TC-98947,Customer_1928,user_1928@telecom-domain.com,Incorrect plan billing amount charged,"Subscribed to ₹599 plan but bill generated is ₹1,199. High overcharge without explanation. (Location: Chandigarh, Account #163868)",Billing Dispute,Medium,Frustrated,Solved,Chandigarh,Punjab,Customer Care Call,2026-03-30 15:54:01
TC-69510,Customer_1929,user_1929@telecom-domain.com,Pending broadband connection setup over 5 days,"Applied for new fiber connection 5 days ago. Payment completed but technician installation pending. (Location: Pune, Account #372436)",Installation,Medium,Frustrated,Pending,Pune,Maharashtra,Web Portal,2026-05-28 06:26:01
TC-84517,Customer_1930,user_1930@telecom-domain.com,Data balance deducted without internet usage,"500MB data debited automatically overnight while mobile data switch was off. Please audit usage logs. (Location: Bengaluru, Account #335027)",Data / Usage Issue,Medium,Negative,Pending,Bengaluru,Karnataka,Email,2026-05-06 15:15:01
TC-28513,Customer_1931,user_1931@telecom-domain.com,No network coverage in my area,"I have zero mobile signal since morning in my apartment. Emergency calls only showing on screen. Please fix this cellular network issue immediately. (Location: Bengaluru, Account #910472)",Network Connectivity,High,Angry,Pending,Bengaluru,Karnataka,Customer Care Call,2026-02-26 02:48:01
TC-41249,Customer_1932,user_1932@telecom-domain.com,Daily FUP data quota exhausted instantly,"My 2GB daily data limit got exhausted at 10 AM without heavy usage. Metering system is inaccurate. (Location: Chandigarh, Account #447279)",Data / Usage Issue,Medium,Frustrated,Open,Chandigarh,Punjab,Mobile App,2026-03-02 01:41:01
TC-77998,Customer_1933,user_1933@telecom-domain.com,Unauthorized Value Added Service (VAS) charged,"My bill includes ₹299 for international roaming VAS which I never subscribed or activated. Deduct this immediately. (Location: Mumbai, Account #616338)",Billing Dispute,High,Angry,Open,Mumbai,Maharashtra,Web Portal,2026-07-02 22:56:01
TC-76910,Customer_1934,user_1934@telecom-domain.com,Work order pending port availability issue,"Feeder box installation pending due to lack of spare fiber port. Need resolution. (Location: Jaipur, Account #115671)",Installation,Medium,Negative,Pending,Jaipur,Rajasthan,Web Portal,2026-07-21 04:51:01
TC-74674,Customer_1935,user_1935@telecom-domain.com,Call disconnects continuously on VoLTE,"HD voice call quality is pathetic. Audio breaks up and call drops without warning during important business calls. (Location: Mumbai, Account #240654)",Call Drops,High,Angry,Pending,Mumbai,Maharashtra,Customer Care Call,2026-03-03 20:01:01
TC-59575,Customer_1936,user_1936@telecom-domain.com,Regional mobile tower power failure outage,"All mobile network connectivity is down in HSR Layout sector 2. Whole neighborhood affected. (Location: Delhi, Account #981314)",Service Outage,High,Angry,Open,Delhi,Delhi,Mobile App,2026-05-16 04:15:01
TC-77529,Customer_1937,user_1937@telecom-domain.com,Broadband speed throttling during peak hours,"Every evening between 7 PM and 11 PM speed drops below 2 Mbps. This is unacceptable service quality. (Location: Hyderabad, Account #631939)",Broadband Performance,Medium,Frustrated,Open,Hyderabad,Telangana,Branch Store,2026-03-04 12:27:01
TC-70528,Customer_1938,user_1938@telecom-domain.com,Pending broadband connection setup over 5 days,"Applied for new fiber connection 5 days ago. Payment completed but technician installation pending. (Location: Hyderabad, Account #504728)",Installation,Medium,Frustrated,Closed,Hyderabad,Telangana,Email,2026-06-12 16:19:01
TC-10810,Customer_1939,user_1939@telecom-domain.com,Misleading information given by call center,"Support executive promised bill adjustment within 24 hours but ticket was closed without action. (Location: Jaipur, Account #247972)",Customer Service,High,Angry,Closed,Jaipur,Rajasthan,Branch Store,2026-07-24 05:20:01
TC-67733,Customer_1940,user_1940@telecom-domain.com,Data speed throttled to 64 Kbps incorrectly,"High speed data quota shows 50% balance in app but speed is throttled to unusable 64 Kbps. (Location: Mumbai, Account #615042)",Data / Usage Issue,High,Negative,Open,Mumbai,Maharashtra,Mobile App,2026-03-31 09:01:01
TC-69123,Customer_1941,user_1941@telecom-domain.com,Severe network outage in localized zone,"No broadband or cellular service available since last night heavy storm. Fiber cable seems damaged. (Location: Jaipur, Account #946144)",Service Outage,High,Angry,Open,Jaipur,Rajasthan,Mobile App,2026-05-28 01:08:01
TC-57261,Customer_1942,user_1942@telecom-domain.com,High latency and packet loss while working,"Experiencing 40% packet loss and high latency. Video calls on Zoom and Teams keep freezing constantly. (Location: Bengaluru, Account #635614)",Broadband Performance,High,Negative,Solved,Bengaluru,Karnataka,Customer Care Call,2026-04-01 14:07:01
TC-61100,Customer_1943,user_1943@telecom-domain.com,No network coverage in my area,"I have zero mobile signal since morning in my apartment. Emergency calls only showing on screen. Please fix this cellular network issue immediately. (Location: Delhi, Account #898470)",Network Connectivity,High,Angry,Solved,Delhi,Delhi,Customer Care Call,2026-05-29 19:51:01
TC-49731,Customer_1944,user_1944@telecom-domain.com,Delayed fiber installation appointment,"Fiber installation was scheduled for yesterday 2 PM. Technician did not turn up and phone is switched off. (Location: Hyderabad, Account #527453)",Installation,High,Angry,Closed,Hyderabad,Telangana,Email,2026-02-27 02:13:01
TC-47816,Customer_1945,user_1945@telecom-domain.com,Modem overheating and rebooting automatically,"Provided Wi-Fi router gets burning hot within 10 minutes and reboots continuously. (Location: Jaipur, Account #817170)",Equipment / Router,High,Negative,Closed,Jaipur,Rajasthan,Mobile App,2026-03-17 12:33:01
TC-99396,Customer_1946,user_1946@telecom-domain.com,Request static IP allocation for home server,"Need static IPv4 address for remote access setup on my connection. (Location: Chennai, Account #726761)",Service Request,Low,Neutral,Closed,Chennai,Tamil Nadu,Web Portal,2026-03-06 21:24:01
TC-13842,Customer_1947,user_1947@telecom-domain.com,Broadband speed throttling during peak hours,"Every evening between 7 PM and 11 PM speed drops below 2 Mbps. This is unacceptable service quality. (Location: Delhi, Account #732234)",Broadband Performance,Medium,Frustrated,Open,Delhi,Delhi,Web Portal,2026-04-14 16:30:01
TC-24789,Customer_1948,user_1948@telecom-domain.com,Daily FUP data quota exhausted instantly,"My 2GB daily data limit got exhausted at 10 AM without heavy usage. Metering system is inaccurate. (Location: Ahmedabad, Account #963026)",Data / Usage Issue,Medium,Frustrated,Pending,Ahmedabad,Gujarat,Customer Care Call,2026-04-29 12:04:01
TC-40596,Customer_1949,user_1949@telecom-domain.com,Request to shift broadband to new address,"Moving to new apartment next week. Need connection relocation feasible check and schedule. (Location: Ahmedabad, Account #610729)",Service Request,Low,Neutral,Pending,Ahmedabad,Gujarat,Web Portal,2026-06-12 09:25:01
TC-46463,Customer_1950,user_1950@telecom-domain.com,Faulty router Wi-Fi red light issue,"Router optical PON light turns solid red. No internet access on any Wi-Fi device. (Location: Chandigarh, Account #590501)",Equipment / Router,High,Angry,Solved,Chandigarh,Punjab,Mobile App,2026-06-20 00:27:01
TC-21592,Customer_1951,user_1951@telecom-domain.com,Requesting MNP UPC port out code due to poor network,"Tired of frequent call drops and zero coverage. Want to port out my number to another operator immediately. (Location: Chennai, Account #616187)",Cancellation,High,Angry,Closed,Chennai,Tamil Nadu,Branch Store,2026-03-05 22:22:01
TC-97523,Customer_1952,user_1952@telecom-domain.com,Terminate account service immediately,"Unsatisfied with customer service and frequent billing errors. Terminate my plan today. (Location: Kolkata, Account #802021)",Cancellation,High,Angry,Solved,Kolkata,West Bengal,Customer Care Call,2026-07-16 14:03:01
TC-43990,Customer_1953,user_1953@telecom-domain.com,Data balance deducted without internet usage,"500MB data debited automatically overnight while mobile data switch was off. Please audit usage logs. (Location: Delhi, Account #413561)",Data / Usage Issue,Medium,Negative,Closed,Delhi,Delhi,Web Portal,2026-03-08 03:54:01
TC-43360,Customer_1954,user_1954@telecom-domain.com,Work order pending port availability issue,"Feeder box installation pending due to lack of spare fiber port. Need resolution. (Location: Chennai, Account #398388)",Installation,Medium,Negative,Solved,Chennai,Tamil Nadu,Email,2026-05-27 11:05:01
TC-55712,Customer_1955,user_1955@telecom-domain.com,Rude customer care support agent behavior,"Customer service agent hung up the call on me while explaining my broadband issue. Worst support ever. (Location: Chennai, Account #306441)",Customer Service,High,Angry,Closed,Chennai,Tamil Nadu,Email,2026-05-09 07:22:01
TC-63566,Customer_1956,user_1956@telecom-domain.com,Severe network outage in localized zone,"No broadband or cellular service available since last night heavy storm. Fiber cable seems damaged. (Location: Kolkata, Account #310342)",Service Outage,High,Angry,Solved,Kolkata,West Bengal,Customer Care Call,2026-04-20 22:02:01
TC-80292,Customer_1957,user_1957@telecom-domain.com,Request to shift broadband to new address,"Moving to new apartment next week. Need connection relocation feasible check and schedule. (Location: Pune, Account #469222)",Service Request,Low,Neutral,Closed,Pune,Maharashtra,Customer Care Call,2026-08-09 17:05:01
TC-43740,Customer_1958,user_1958@telecom-domain.com,Modem overheating and rebooting automatically,"Provided Wi-Fi router gets burning hot within 10 minutes and reboots continuously. (Location: Chandigarh, Account #306686)",Equipment / Router,High,Negative,Closed,Chandigarh,Punjab,Web Portal,2026-06-06 16:40:01
TC-62324,Customer_1959,user_1959@telecom-domain.com,Call disconnects continuously on VoLTE,"HD voice call quality is pathetic. Audio breaks up and call drops without warning during important business calls. (Location: Chandigarh, Account #265825)",Call Drops,High,Angry,Closed,Chandigarh,Punjab,Branch Store,2026-05-10 06:07:01
TC-31832,Customer_1960,user_1960@telecom-domain.com,International roaming data pack not working,"Purchased 5GB roaming data pack for international travel but roaming data is not activating. (Location: Pune, Account #707049)",Data / Usage Issue,High,Angry,Solved,Pune,Maharashtra,Web Portal,2026-03-24 04:19:01
TC-33047,Customer_1961,user_1961@telecom-domain.com,Wi-Fi range very weak and dropping,"Wi-Fi signal cuts out 5 meters away from router. Need dual-band router replacement. (Location: Kolkata, Account #207969)",Equipment / Router,Medium,Negative,Solved,Kolkata,West Bengal,Web Portal,2026-06-08 10:00:01
TC-62893,Customer_1962,user_1962@telecom-domain.com,Daily FUP data quota exhausted instantly,"My 2GB daily data limit got exhausted at 10 AM without heavy usage. Metering system is inaccurate. (Location: Jaipur, Account #876630)",Data / Usage Issue,Medium,Frustrated,Pending,Jaipur,Rajasthan,Customer Care Call,2026-04-18 04:09:01
TC-93136,Customer_1963,user_1963@telecom-domain.com,Request static IP allocation for home server,"Need static IPv4 address for remote access setup on my connection. (Location: Chennai, Account #418438)",Service Request,Low,Neutral,Pending,Chennai,Tamil Nadu,Customer Care Call,2026-03-01 03:15:01
TC-48398,Customer_1964,user_1964@telecom-domain.com,Pending broadband connection setup over 5 days,"Applied for new fiber connection 5 days ago. Payment completed but technician installation pending. (Location: Chennai, Account #906436)",Installation,Medium,Frustrated,Closed,Chennai,Tamil Nadu,Web Portal,2026-08-03 18:09:01
TC-24804,Customer_1965,user_1965@telecom-domain.com,Network signal keeps dropping repeatedly,"Every time I travel through the electronic city corridor, signal completely dies for 15 minutes. Very unreliable network. (Location: Chennai, Account #169276)",Network Connectivity,High,Angry,Pending,Chennai,Tamil Nadu,Customer Care Call,2026-06-01 11:27:01
TC-16931,Customer_1966,user_1966@telecom-domain.com,Severe network outage in localized zone,"No broadband or cellular service available since last night heavy storm. Fiber cable seems damaged. (Location: Kolkata, Account #168419)",Service Outage,High,Angry,Solved,Kolkata,West Bengal,Branch Store,2026-05-16 15:38:01
TC-78568,Customer_1967,user_1967@telecom-domain.com,Unauthorized Value Added Service (VAS) charged,"My bill includes ₹299 for international roaming VAS which I never subscribed or activated. Deduct this immediately. (Location: Jaipur, Account #620373)",Billing Dispute,High,Angry,Closed,Jaipur,Rajasthan,Email,2026-05-20 08:20:01
TC-27976,Customer_1968,user_1968@telecom-domain.com,SIM card showing no service,"My SIM suddenly stopped catching network signal. Checked on another phone, still says No Service. (Location: Ahmedabad, Account #959097)",Network Connectivity,High,Angry,Solved,Ahmedabad,Gujarat,Customer Care Call,2026-06-26 22:06:01
TC-96631,Customer_1969,user_1969@telecom-domain.com,Cancel broadband subscription connection,"Subscribed to another provider due to continuous outages. Please disconnect line and refund deposit. (Location: Bengaluru, Account #839096)",Cancellation,High,Angry,Pending,Bengaluru,Karnataka,Customer Care Call,2026-05-26 20:34:01
TC-64832,Customer_1970,user_1970@telecom-domain.com,Call disconnects continuously on VoLTE,"HD voice call quality is pathetic. Audio breaks up and call drops without warning during important business calls. (Location: Chennai, Account #611396)",Call Drops,High,Angry,Open,Chennai,Tamil Nadu,Web Portal,2026-06-18 12:19:01
TC-83141,Customer_1971,user_1971@telecom-domain.com,Modem overheating and rebooting automatically,"Provided Wi-Fi router gets burning hot within 10 minutes and reboots continuously. (Location: Chennai, Account #347313)",Equipment / Router,High,Negative,Pending,Chennai,Tamil Nadu,Branch Store,2026-08-10 05:32:01
TC-36709,Customer_1972,user_1972@telecom-domain.com,Unauthorized Value Added Service (VAS) charged,"My bill includes ₹299 for international roaming VAS which I never subscribed or activated. Deduct this immediately. (Location: Bengaluru, Account #657697)",Billing Dispute,High,Angry,Closed,Bengaluru,Karnataka,Branch Store,2026-05-13 09:02:01
TC-37380,Customer_1973,user_1973@telecom-domain.com,Pending broadband connection setup over 5 days,"Applied for new fiber connection 5 days ago. Payment completed but technician installation pending. (Location: Hyderabad, Account #784050)",Installation,Medium,Frustrated,Closed,Hyderabad,Telangana,Email,2026-02-20 02:35:01
TC-11234,Customer_1974,user_1974@telecom-domain.com,Severe network outage in localized zone,"No broadband or cellular service available since last night heavy storm. Fiber cable seems damaged. (Location: Chennai, Account #601318)",Service Outage,High,Angry,Open,Chennai,Tamil Nadu,Email,2026-07-21 22:45:01
TC-59888,Customer_1975,user_1975@telecom-domain.com,Work order pending port availability issue,"Feeder box installation pending due to lack of spare fiber port. Need resolution. (Location: Bengaluru, Account #956594)",Installation,Medium,Negative,Open,Bengaluru,Karnataka,Web Portal,2026-05-06 09:03:01
TC-12647,Customer_1976,user_1976@telecom-domain.com,Cancel broadband subscription connection,"Subscribed to another provider due to continuous outages. Please disconnect line and refund deposit. (Location: Kolkata, Account #147796)",Cancellation,High,Angry,Closed,Kolkata,West Bengal,Email,2026-06-28 19:37:01
TC-63221,Customer_1977,user_1977@telecom-domain.com,Poor signal strength indoors,"Signal is extremely weak inside my home. Cannot make any voice calls or use mobile internet unless I step outside. (Location: Kolkata, Account #297571)",Network Connectivity,Medium,Negative,Solved,Kolkata,West Bengal,Customer Care Call,2026-06-27 07:30:01
TC-55117,Customer_1978,user_1978@telecom-domain.com,Terminate account service immediately,"Unsatisfied with customer service and frequent billing errors. Terminate my plan today. (Location: Bengaluru, Account #422497)",Cancellation,High,Angry,Closed,Bengaluru,Karnataka,Branch Store,2026-05-04 15:46:01
TC-26413,Customer_1979,user_1979@telecom-domain.com,Daily FUP data quota exhausted instantly,"My 2GB daily data limit got exhausted at 10 AM without heavy usage. Metering system is inaccurate. (Location: Jaipur, Account #248577)",Data / Usage Issue,Medium,Frustrated,Pending,Jaipur,Rajasthan,Branch Store,2026-04-12 14:07:01
TC-70027,Customer_1980,user_1980@telecom-domain.com,Request static IP allocation for home server,"Need static IPv4 address for remote access setup on my connection. (Location: Kolkata, Account #199894)",Service Request,Low,Neutral,Solved,Kolkata,West Bengal,Mobile App,2026-07-31 22:56:01
TC-59003,Customer_1981,user_1981@telecom-domain.com,High latency and packet loss while working,"Experiencing 40% packet loss and high latency. Video calls on Zoom and Teams keep freezing constantly. (Location: Delhi, Account #317430)",Broadband Performance,High,Negative,Pending,Delhi,Delhi,Email,2026-06-12 08:58:01
TC-76984,Customer_1982,user_1982@telecom-domain.com,Severe network outage in localized zone,"No broadband or cellular service available since last night heavy storm. Fiber cable seems damaged. (Location: Kolkata, Account #483874)",Service Outage,High,Angry,Open,Kolkata,West Bengal,Branch Store,2026-05-28 08:07:01
TC-65356,Customer_1983,user_1983@telecom-domain.com,Very slow fiber broadband speed,"Subscribed to 300 Mbps fiber plan but getting only 5 Mbps download speed. Speed test ping is over 250ms. Extremely slow. (Location: Bengaluru, Account #250896)",Broadband Performance,High,Angry,Pending,Bengaluru,Karnataka,Customer Care Call,2026-08-10 09:20:01
TC-45051,Customer_1984,user_1984@telecom-domain.com,One-way audio issue during phone calls,"When people call me, they cannot hear my voice at all while I can hear them clearly. Terrible experience. (Location: Jaipur, Account #439971)",Call Drops,High,Frustrated,Closed,Jaipur,Rajasthan,Email,2026-04-23 15:12:01
TC-14163,Customer_1985,user_1985@telecom-domain.com,No network coverage in my area,"I have zero mobile signal since morning in my apartment. Emergency calls only showing on screen. Please fix this cellular network issue immediately. (Location: Delhi, Account #623061)",Network Connectivity,High,Angry,Closed,Delhi,Delhi,Mobile App,2026-06-16 02:43:01
TC-22448,Customer_1986,user_1986@telecom-domain.com,Request to shift broadband to new address,"Moving to new apartment next week. Need connection relocation feasible check and schedule. (Location: Hyderabad, Account #868330)",Service Request,Low,Neutral,Closed,Hyderabad,Telangana,Branch Store,2026-07-30 21:43:01
TC-14616,Customer_1987,user_1987@telecom-domain.com,Request to shift broadband to new address,"Moving to new apartment next week. Need connection relocation feasible check and schedule. (Location: Hyderabad, Account #377275)",Service Request,Low,Neutral,Pending,Hyderabad,Telangana,Mobile App,2026-04-07 12:12:01
TC-20518,Customer_1988,user_1988@telecom-domain.com,Data speed throttled to 64 Kbps incorrectly,"High speed data quota shows 50% balance in app but speed is throttled to unusable 64 Kbps. (Location: Mumbai, Account #525544)",Data / Usage Issue,High,Negative,Closed,Mumbai,Maharashtra,Branch Store,2026-05-07 06:16:01
TC-53726,Customer_1989,user_1989@telecom-domain.com,Voice call drops within 30 seconds,"Almost every call drops automatically within 20 to 30 seconds. Unusable voice calling service. (Location: Chennai, Account #253106)",Call Drops,High,Angry,Pending,Chennai,Tamil Nadu,Web Portal,2026-07-18 11:10:01
TC-78251,Customer_1990,user_1990@telecom-domain.com,Severe network outage in localized zone,"No broadband or cellular service available since last night heavy storm. Fiber cable seems damaged. (Location: Chandigarh, Account #899651)",Service Outage,High,Angry,Pending,Chandigarh,Punjab,Branch Store,2026-03-01 21:09:01
TC-83810,Customer_1991,user_1991@telecom-domain.com,Data balance deducted without internet usage,"500MB data debited automatically overnight while mobile data switch was off. Please audit usage logs. (Location: Chandigarh, Account #144616)",Data / Usage Issue,Medium,Negative,Open,Chandigarh,Punjab,Web Portal,2026-06-11 21:12:01
TC-49592,Customer_1992,user_1992@telecom-domain.com,Plan upgrade request to Gigabit speed,"Want to upgrade existing 100 Mbps plan to 1 Gbps fiber plan. Please share pricing and process. (Location: Chennai, Account #769964)",Service Request,Low,Positive,Closed,Chennai,Tamil Nadu,Mobile App,2026-04-16 01:22:01
TC-17405,Customer_1993,user_1993@telecom-domain.com,Request to shift broadband to new address,"Moving to new apartment next week. Need connection relocation feasible check and schedule. (Location: Chennai, Account #819874)",Service Request,Low,Neutral,Pending,Chennai,Tamil Nadu,Customer Care Call,2026-03-04 09:14:01
TC-87455,Customer_1994,user_1994@telecom-domain.com,Severe network outage in localized zone,"No broadband or cellular service available since last night heavy storm. Fiber cable seems damaged. (Location: Mumbai, Account #546595)",Service Outage,High,Angry,Solved,Mumbai,Maharashtra,Branch Store,2026-04-24 04:30:01
TC-95178,Customer_1995,user_1995@telecom-domain.com,Requesting MNP UPC port out code due to poor network,"Tired of frequent call drops and zero coverage. Want to port out my number to another operator immediately. (Location: Delhi, Account #522040)",Cancellation,High,Angry,Pending,Delhi,Delhi,Web Portal,2026-03-30 08:17:01
TC-90882,Customer_1996,user_1996@telecom-domain.com,Call disconnects continuously on VoLTE,"HD voice call quality is pathetic. Audio breaks up and call drops without warning during important business calls. (Location: Pune, Account #652872)",Call Drops,High,Angry,Open,Pune,Maharashtra,Email,2026-08-12 12:05:01
TC-10713,Customer_1997,user_1997@telecom-domain.com,Terminate account service immediately,"Unsatisfied with customer service and frequent billing errors. Terminate my plan today. (Location: Mumbai, Account #401330)",Cancellation,High,Angry,Closed,Mumbai,Maharashtra,Email,2026-03-28 03:18:01
TC-74984,Customer_1998,user_1998@telecom-domain.com,SIM card showing no service,"My SIM suddenly stopped catching network signal. Checked on another phone, still says No Service. (Location: Hyderabad, Account #170235)",Network Connectivity,High,Angry,Closed,Hyderabad,Telangana,Mobile App,2026-04-30 06:57:01
TC-10353,Customer_1999,user_1999@telecom-domain.com,Complete service outage in operational area,"Total breakdown of voice and data services across post office area. Business is severely impacted. (Location: Ahmedabad, Account #697651)",Service Outage,High,Angry,Pending,Ahmedabad,Gujarat,Branch Store,2026-06-11 22:26:01
TC-68116,Customer_2000,user_2000@telecom-domain.com,Delayed fiber installation appointment,"Fiber installation was scheduled for yesterday 2 PM. Technician did not turn up and phone is switched off. (Location: Ahmedabad, Account #520373)",Installation,High,Angry,Solved,Ahmedabad,Gujarat,Mobile App,2026-06-19 08:14:01
TC-38726,Customer_2001,user_2001@telecom-domain.com,Call drops frequently while driving in city,"Call handoff between cell towers fails completely. Every call gets cut when moving between cell sectors. (Location: Chennai, Account #491190)",Call Drops,Medium,Negative,Open,Chennai,Tamil Nadu,Customer Care Call,2026-04-02 14:32:01
TC-22921,Customer_2002,user_2002@telecom-domain.com,One-way audio issue during phone calls,"When people call me, they cannot hear my voice at all while I can hear them clearly. Terrible experience. (Location: Kolkata, Account #533126)",Call Drops,High,Frustrated,Pending,Kolkata,West Bengal,Customer Care Call,2026-04-19 02:28:01
TC-25993,Customer_2003,user_2003@telecom-domain.com,Terminate account service immediately,"Unsatisfied with customer service and frequent billing errors. Terminate my plan today. (Location: Pune, Account #381651)",Cancellation,High,Angry,Closed,Pune,Maharashtra,Web Portal,2026-05-05 22:01:01
TC-60700,Customer_2004,user_2004@telecom-domain.com,Misleading information given by call center,"Support executive promised bill adjustment within 24 hours but ticket was closed without action. (Location: Bengaluru, Account #554172)",Customer Service,High,Angry,Solved,Bengaluru,Karnataka,Email,2026-03-30 14:50:01
TC-10791,Customer_2005,user_2005@telecom-domain.com,Modem overheating and rebooting automatically,"Provided Wi-Fi router gets burning hot within 10 minutes and reboots continuously. (Location: Mumbai, Account #514104)",Equipment / Router,High,Negative,Open,Mumbai,Maharashtra,Web Portal,2026-05-08 04:00:01
TC-51761,Customer_2006,user_2006@telecom-domain.com,Request static IP allocation for home server,"Need static IPv4 address for remote access setup on my connection. (Location: Chandigarh, Account #380657)",Service Request,Low,Neutral,Closed,Chandigarh,Punjab,Email,2026-08-07 12:41:01
TC-93452,Customer_2007,user_2007@telecom-domain.com,Complete service outage in operational area,"Total breakdown of voice and data services across post office area. Business is severely impacted. (Location: Ahmedabad, Account #629991)",Service Outage,High,Angry,Pending,Ahmedabad,Gujarat,Branch Store,2026-02-21 04:29:01
TC-64082,Customer_2008,user_2008@telecom-domain.com,Complete service outage in operational area,"Total breakdown of voice and data services across post office area. Business is severely impacted. (Location: Chandigarh, Account #335961)",Service Outage,High,Angry,Pending,Chandigarh,Punjab,Customer Care Call,2026-04-15 09:17:01
TC-28371,Customer_2009,user_2009@telecom-domain.com,Plan upgrade request to Gigabit speed,"Want to upgrade existing 100 Mbps plan to 1 Gbps fiber plan. Please share pricing and process. (Location: Bengaluru, Account #368440)",Service Request,Low,Positive,Closed,Bengaluru,Karnataka,Email,2026-08-13 20:44:01
TC-81863,Customer_2010,user_2010@telecom-domain.com,Rude customer care support agent behavior,"Customer service agent hung up the call on me while explaining my broadband issue. Worst support ever. (Location: Delhi, Account #760611)",Customer Service,High,Angry,Solved,Delhi,Delhi,Mobile App,2026-03-30 10:44:01
TC-42052,Customer_2011,user_2011@telecom-domain.com,Frequent loss of 4G/5G connection,"My phone continuously drops from 5G to 2G every 10 minutes. Network bar completely disappears in office building. (Location: Chandigarh, Account #332491)",Network Connectivity,High,Negative,Closed,Chandigarh,Punjab,Email,2026-06-06 15:49:01
TC-96465,Customer_2012,user_2012@telecom-domain.com,Cancel broadband subscription connection,"Subscribed to another provider due to continuous outages. Please disconnect line and refund deposit. (Location: Pune, Account #861233)",Cancellation,High,Angry,Solved,Pune,Maharashtra,Customer Care Call,2026-07-13 21:29:01
TC-25408,Customer_2013,user_2013@telecom-domain.com,Request static IP allocation for home server,"Need static IPv4 address for remote access setup on my connection. (Location: Jaipur, Account #200998)",Service Request,Low,Neutral,Closed,Jaipur,Rajasthan,Customer Care Call,2026-04-13 18:18:01
TC-26700,Customer_2014,user_2014@telecom-domain.com,Frequent internet disconnects every hour,"Broadband connection disconnects every 30 minutes while working from home. PON light on fiber ONT blinks red. (Location: Chandigarh, Account #829616)",Broadband Performance,High,Angry,Closed,Chandigarh,Punjab,Mobile App,2026-05-30 23:52:01
TC-43008,Customer_2015,user_2015@telecom-domain.com,Incorrect plan billing amount charged,"Subscribed to ₹599 plan but bill generated is ₹1,199. High overcharge without explanation. (Location: Kolkata, Account #173104)",Billing Dispute,Medium,Frustrated,Pending,Kolkata,West Bengal,Email,2026-05-21 08:16:01
TC-17168,Customer_2016,user_2016@telecom-domain.com,Work order pending port availability issue,"Feeder box installation pending due to lack of spare fiber port. Need resolution. (Location: Ahmedabad, Account #518457)",Installation,Medium,Negative,Solved,Ahmedabad,Gujarat,Customer Care Call,2026-05-31 16:10:01
TC-73928,Customer_2017,user_2017@telecom-domain.com,Data balance deducted without internet usage,"500MB data debited automatically overnight while mobile data switch was off. Please audit usage logs. (Location: Bengaluru, Account #349636)",Data / Usage Issue,Medium,Negative,Pending,Bengaluru,Karnataka,Mobile App,2026-03-28 16:21:01
TC-23713,Customer_2018,user_2018@telecom-domain.com,Modem overheating and rebooting automatically,"Provided Wi-Fi router gets burning hot within 10 minutes and reboots continuously. (Location: Bengaluru, Account #118749)",Equipment / Router,High,Negative,Pending,Bengaluru,Karnataka,Customer Care Call,2026-07-04 22:14:01
TC-10807,Customer_2019,user_2019@telecom-domain.com,Frequent internet disconnects every hour,"Broadband connection disconnects every 30 minutes while working from home. PON light on fiber ONT blinks red. (Location: Chennai, Account #855749)",Broadband Performance,High,Angry,Closed,Chennai,Tamil Nadu,Customer Care Call,2026-04-03 16:28:01
TC-29282,Customer_2020,user_2020@telecom-domain.com,Terminate account service immediately,"Unsatisfied with customer service and frequent billing errors. Terminate my plan today. (Location: Mumbai, Account #627819)",Cancellation,High,Angry,Solved,Mumbai,Maharashtra,Branch Store,2026-04-22 06:19:01
TC-29525,Customer_2021,user_2021@telecom-domain.com,One-way audio issue during phone calls,"When people call me, they cannot hear my voice at all while I can hear them clearly. Terrible experience. (Location: Delhi, Account #104954)",Call Drops,High,Frustrated,Closed,Delhi,Delhi,Branch Store,2026-02-25 17:09:01
TC-81325,Customer_2022,user_2022@telecom-domain.com,Wi-Fi range very weak and dropping,"Wi-Fi signal cuts out 5 meters away from router. Need dual-band router replacement. (Location: Ahmedabad, Account #917169)",Equipment / Router,Medium,Negative,Pending,Ahmedabad,Gujarat,Email,2026-03-16 14:32:01
TC-57801,Customer_2023,user_2023@telecom-domain.com,Plan upgrade request to Gigabit speed,"Want to upgrade existing 100 Mbps plan to 1 Gbps fiber plan. Please share pricing and process. (Location: Jaipur, Account #640986)",Service Request,Low,Positive,Open,Jaipur,Rajasthan,Email,2026-07-14 21:31:01
TC-45788,Customer_2024,user_2024@telecom-domain.com,Plan upgrade request to Gigabit speed,"Want to upgrade existing 100 Mbps plan to 1 Gbps fiber plan. Please share pricing and process. (Location: Mumbai, Account #879663)",Service Request,Low,Positive,Open,Mumbai,Maharashtra,Web Portal,2026-05-24 20:43:01
TC-63731,Customer_2025,user_2025@telecom-domain.com,Very slow fiber broadband speed,"Subscribed to 300 Mbps fiber plan but getting only 5 Mbps download speed. Speed test ping is over 250ms. Extremely slow. (Location: Jaipur, Account #178943)",Broadband Performance,High,Angry,Open,Jaipur,Rajasthan,Mobile App,2026-06-23 16:00:01
TC-18762,Customer_2026,user_2026@telecom-domain.com,Security deposit refund not received after cancellation,"Cancelled my connection 45 days ago but ₹2,000 security deposit refund is still pending. Support promised 7 days. (Location: Pune, Account #296323)",Billing Dispute,High,Angry,Pending,Pune,Maharashtra,Web Portal,2026-04-29 18:11:01
TC-54875,Customer_2027,user_2027@telecom-domain.com,Complete fiber optic broadband blackout,"Total internet and landline blackout across our entire apartment complex since 8 AM today. No response from helpline. (Location: Hyderabad, Account #151439)",Service Outage,High,Angry,Pending,Hyderabad,Telangana,Mobile App,2026-08-06 12:20:01
TC-78017,Customer_2028,user_2028@telecom-domain.com,Faulty router Wi-Fi red light issue,"Router optical PON light turns solid red. No internet access on any Wi-Fi device. (Location: Kolkata, Account #675324)",Equipment / Router,High,Angry,Pending,Kolkata,West Bengal,Mobile App,2026-03-27 02:12:01
TC-27826,Customer_2029,user_2029@telecom-domain.com,Frequent internet disconnects every hour,"Broadband connection disconnects every 30 minutes while working from home. PON light on fiber ONT blinks red. (Location: Mumbai, Account #519979)",Broadband Performance,High,Angry,Solved,Mumbai,Maharashtra,Web Portal,2026-05-09 00:07:01
TC-30776,Customer_2030,user_2030@telecom-domain.com,Data speed throttled to 64 Kbps incorrectly,"High speed data quota shows 50% balance in app but speed is throttled to unusable 64 Kbps. (Location: Jaipur, Account #916942)",Data / Usage Issue,High,Negative,Open,Jaipur,Rajasthan,Mobile App,2026-06-19 12:49:01
TC-68713,Customer_2031,user_2031@telecom-domain.com,No resolution provided despite 5 calls,"Called customer care 5 times in 3 days. Promises callback every time but nobody calls back. (Location: Chandigarh, Account #565681)",Customer Service,High,Angry,Solved,Chandigarh,Punjab,Branch Store,2026-07-26 09:01:01
TC-91236,Customer_2032,user_2032@telecom-domain.com,Cancel broadband subscription connection,"Subscribed to another provider due to continuous outages. Please disconnect line and refund deposit. (Location: Pune, Account #776350)",Cancellation,High,Angry,Closed,Pune,Maharashtra,Branch Store,2026-05-01 00:31:01
TC-76721,Customer_2033,user_2033@telecom-domain.com,Rude customer care support agent behavior,"Customer service agent hung up the call on me while explaining my broadband issue. Worst support ever. (Location: Kolkata, Account #757791)",Customer Service,High,Angry,Open,Kolkata,West Bengal,Email,2026-03-22 00:13:01
TC-87755,Customer_2034,user_2034@telecom-domain.com,Severe network outage in localized zone,"No broadband or cellular service available since last night heavy storm. Fiber cable seems damaged. (Location: Mumbai, Account #744069)",Service Outage,High,Angry,Solved,Mumbai,Maharashtra,Branch Store,2026-04-11 16:57:01
TC-57030,Customer_2035,user_2035@telecom-domain.com,Complete fiber optic broadband blackout,"Total internet and landline blackout across our entire apartment complex since 8 AM today. No response from helpline. (Location: Jaipur, Account #346182)",Service Outage,High,Angry,Closed,Jaipur,Rajasthan,Branch Store,2026-06-30 11:34:01
TC-12080,Customer_2036,user_2036@telecom-domain.com,Auto-debit failure penalty wrongly applied,"Bank auto-debit succeeded on time but your system marked late payment fee ₹250. Please reverse penalty. (Location: Chennai, Account #323499)",Billing Dispute,Medium,Negative,Pending,Chennai,Tamil Nadu,Email,2026-03-20 06:12:01
TC-90077,Customer_2037,user_2037@telecom-domain.com,Data balance deducted without internet usage,"500MB data debited automatically overnight while mobile data switch was off. Please audit usage logs. (Location: Delhi, Account #496916)",Data / Usage Issue,Medium,Negative,Closed,Delhi,Delhi,Web Portal,2026-06-05 04:46:01
TC-44059,Customer_2038,user_2038@telecom-domain.com,Complete fiber optic broadband blackout,"Total internet and landline blackout across our entire apartment complex since 8 AM today. No response from helpline. (Location: Jaipur, Account #287712)",Service Outage,High,Angry,Pending,Jaipur,Rajasthan,Branch Store,2026-04-06 17:15:01
TC-93965,Customer_2039,user_2039@telecom-domain.com,Misleading information given by call center,"Support executive promised bill adjustment within 24 hours but ticket was closed without action. (Location: Bengaluru, Account #226328)",Customer Service,High,Angry,Pending,Bengaluru,Karnataka,Web Portal,2026-05-10 18:08:01
TC-40138,Customer_2040,user_2040@telecom-domain.com,Regional mobile tower power failure outage,"All mobile network connectivity is down in HSR Layout sector 2. Whole neighborhood affected. (Location: Mumbai, Account #554127)",Service Outage,High,Angry,Solved,Mumbai,Maharashtra,Customer Care Call,2026-03-09 00:49:01
TC-14491,Customer_2041,user_2041@telecom-domain.com,Frequent internet disconnects every hour,"Broadband connection disconnects every 30 minutes while working from home. PON light on fiber ONT blinks red. (Location: Delhi, Account #420078)",Broadband Performance,High,Angry,Pending,Delhi,Delhi,Web Portal,2026-08-02 21:56:01
TC-16127,Customer_2042,user_2042@telecom-domain.com,Pending broadband connection setup over 5 days,"Applied for new fiber connection 5 days ago. Payment completed but technician installation pending. (Location: Kolkata, Account #105056)",Installation,Medium,Frustrated,Closed,Kolkata,West Bengal,Mobile App,2026-08-17 10:06:01
TC-54181,Customer_2043,user_2043@telecom-domain.com,Poor signal strength indoors,"Signal is extremely weak inside my home. Cannot make any voice calls or use mobile internet unless I step outside. (Location: Bengaluru, Account #777541)",Network Connectivity,Medium,Negative,Open,Bengaluru,Karnataka,Branch Store,2026-02-21 18:49:01
TC-59426,Customer_2044,user_2044@telecom-domain.com,Requesting MNP UPC port out code due to poor network,"Tired of frequent call drops and zero coverage. Want to port out my number to another operator immediately. (Location: Bengaluru, Account #624421)",Cancellation,High,Angry,Solved,Bengaluru,Karnataka,Mobile App,2026-02-23 05:01:01
TC-74798,Customer_2045,user_2045@telecom-domain.com,Unable to make outgoing calls,"Outgoing calls immediately get terminated with call ended error. Incoming calls work fine. (Location: Bengaluru, Account #475577)",Call Drops,High,Angry,Open,Bengaluru,Karnataka,Customer Care Call,2026-03-11 15:45:01
TC-42668,Customer_2046,user_2046@telecom-domain.com,Auto-debit failure penalty wrongly applied,"Bank auto-debit succeeded on time but your system marked late payment fee ₹250. Please reverse penalty. (Location: Delhi, Account #724518)",Billing Dispute,Medium,Negative,Solved,Delhi,Delhi,Branch Store,2026-04-22 21:44:01
TC-16909,Customer_2047,user_2047@telecom-domain.com,Regional mobile tower power failure outage,"All mobile network connectivity is down in HSR Layout sector 2. Whole neighborhood affected. (Location: Hyderabad, Account #218776)",Service Outage,High,Angry,Open,Hyderabad,Telangana,Mobile App,2026-02-22 18:48:01
TC-59921,Customer_2048,user_2048@telecom-domain.com,Cancel broadband subscription connection,"Subscribed to another provider due to continuous outages. Please disconnect line and refund deposit. (Location: Chennai, Account #453119)",Cancellation,High,Angry,Open,Chennai,Tamil Nadu,Email,2026-06-04 15:59:01
TC-88369,Customer_2049,user_2049@telecom-domain.com,Regional mobile tower power failure outage,"All mobile network connectivity is down in HSR Layout sector 2. Whole neighborhood affected. (Location: Mumbai, Account #175767)",Service Outage,High,Angry,Open,Mumbai,Maharashtra,Branch Store,2026-02-25 06:43:01
TC-63594,Customer_2050,user_2050@telecom-domain.com,Very slow fiber broadband speed,"Subscribed to 300 Mbps fiber plan but getting only 5 Mbps download speed. Speed test ping is over 250ms. Extremely slow. (Location: Chennai, Account #990216)",Broadband Performance,High,Angry,Pending,Chennai,Tamil Nadu,Customer Care Call,2026-07-31 17:47:01
TC-28555,Customer_2051,user_2051@telecom-domain.com,Complete fiber optic broadband blackout,"Total internet and landline blackout across our entire apartment complex since 8 AM today. No response from helpline. (Location: Ahmedabad, Account #681522)",Service Outage,High,Angry,Closed,Ahmedabad,Gujarat,Customer Care Call,2026-04-14 06:24:01
TC-43187,Customer_2052,user_2052@telecom-domain.com,Work order pending port availability issue,"Feeder box installation pending due to lack of spare fiber port. Need resolution. (Location: Mumbai, Account #996843)",Installation,Medium,Negative,Pending,Mumbai,Maharashtra,Branch Store,2026-03-04 16:35:01
TC-98853,Customer_2053,user_2053@telecom-domain.com,Cancel broadband subscription connection,"Subscribed to another provider due to continuous outages. Please disconnect line and refund deposit. (Location: Chennai, Account #900647)",Cancellation,High,Angry,Open,Chennai,Tamil Nadu,Customer Care Call,2026-07-26 04:45:01
TC-85870,Customer_2054,user_2054@telecom-domain.com,Complete fiber optic broadband blackout,"Total internet and landline blackout across our entire apartment complex since 8 AM today. No response from helpline. (Location: Jaipur, Account #190069)",Service Outage,High,Angry,Pending,Jaipur,Rajasthan,Branch Store,2026-03-24 19:06:01
TC-90418,Customer_2055,user_2055@telecom-domain.com,Regional mobile tower power failure outage,"All mobile network connectivity is down in HSR Layout sector 2. Whole neighborhood affected. (Location: Bengaluru, Account #360531)",Service Outage,High,Angry,Solved,Bengaluru,Karnataka,Mobile App,2026-03-11 01:30:01
TC-86723,Customer_2056,user_2056@telecom-domain.com,Regional mobile tower power failure outage,"All mobile network connectivity is down in HSR Layout sector 2. Whole neighborhood affected. (Location: Mumbai, Account #969182)",Service Outage,High,Angry,Closed,Mumbai,Maharashtra,Mobile App,2026-05-05 06:46:01
TC-62138,Customer_2057,user_2057@telecom-domain.com,Daily FUP data quota exhausted instantly,"My 2GB daily data limit got exhausted at 10 AM without heavy usage. Metering system is inaccurate. (Location: Jaipur, Account #460109)",Data / Usage Issue,Medium,Frustrated,Pending,Jaipur,Rajasthan,Mobile App,2026-05-10 22:33:01
TC-30647,Customer_2058,user_2058@telecom-domain.com,Daily FUP data quota exhausted instantly,"My 2GB daily data limit got exhausted at 10 AM without heavy usage. Metering system is inaccurate. (Location: Pune, Account #426685)",Data / Usage Issue,Medium,Frustrated,Pending,Pune,Maharashtra,Email,2026-06-14 08:46:01
TC-63936,Customer_2059,user_2059@telecom-domain.com,Incorrect plan billing amount charged,"Subscribed to ₹599 plan but bill generated is ₹1,199. High overcharge without explanation. (Location: Chennai, Account #451389)",Billing Dispute,Medium,Frustrated,Closed,Chennai,Tamil Nadu,Email,2026-03-15 00:47:01
TC-42083,Customer_2060,user_2060@telecom-domain.com,Terminate account service immediately,"Unsatisfied with customer service and frequent billing errors. Terminate my plan today. (Location: Chandigarh, Account #112558)",Cancellation,High,Angry,Solved,Chandigarh,Punjab,Customer Care Call,2026-07-12 21:41:01
TC-54183,Customer_2061,user_2061@telecom-domain.com,Severe network outage in localized zone,"No broadband or cellular service available since last night heavy storm. Fiber cable seems damaged. (Location: Jaipur, Account #521503)",Service Outage,High,Angry,Solved,Jaipur,Rajasthan,Email,2026-08-16 08:35:01
TC-92846,Customer_2062,user_2062@telecom-domain.com,Work order pending port availability issue,"Feeder box installation pending due to lack of spare fiber port. Need resolution. (Location: Chandigarh, Account #197718)",Installation,Medium,Negative,Pending,Chandigarh,Punjab,Customer Care Call,2026-08-02 16:24:01
TC-34005,Customer_2063,user_2063@telecom-domain.com,Cancel broadband subscription connection,"Subscribed to another provider due to continuous outages. Please disconnect line and refund deposit. (Location: Bengaluru, Account #691025)",Cancellation,High,Angry,Solved,Bengaluru,Karnataka,Customer Care Call,2026-07-24 19:56:01
TC-55361,Customer_2064,user_2064@telecom-domain.com,Request static IP allocation for home server,"Need static IPv4 address for remote access setup on my connection. (Location: Jaipur, Account #287440)",Service Request,Low,Neutral,Solved,Jaipur,Rajasthan,Customer Care Call,2026-08-14 14:33:01
TC-48762,Customer_2065,user_2065@telecom-domain.com,Plan upgrade request to Gigabit speed,"Want to upgrade existing 100 Mbps plan to 1 Gbps fiber plan. Please share pricing and process. (Location: Delhi, Account #469073)",Service Request,Low,Positive,Open,Delhi,Delhi,Customer Care Call,2026-05-11 11:18:01
TC-96624,Customer_2066,user_2066@telecom-domain.com,Regional mobile tower power failure outage,"All mobile network connectivity is down in HSR Layout sector 2. Whole neighborhood affected. (Location: Pune, Account #307599)",Service Outage,High,Angry,Open,Pune,Maharashtra,Customer Care Call,2026-04-10 04:27:01
TC-53281,Customer_2067,user_2067@telecom-domain.com,Misleading information given by call center,"Support executive promised bill adjustment within 24 hours but ticket was closed without action. (Location: Bengaluru, Account #306033)",Customer Service,High,Angry,Open,Bengaluru,Karnataka,Email,2026-04-11 05:05:01
TC-19639,Customer_2068,user_2068@telecom-domain.com,Frequent internet disconnects every hour,"Broadband connection disconnects every 30 minutes while working from home. PON light on fiber ONT blinks red. (Location: Pune, Account #770256)",Broadband Performance,High,Angry,Pending,Pune,Maharashtra,Email,2026-05-21 18:24:01
TC-70883,Customer_2069,user_2069@telecom-domain.com,Regional mobile tower power failure outage,"All mobile network connectivity is down in HSR Layout sector 2. Whole neighborhood affected. (Location: Chennai, Account #363904)",Service Outage,High,Angry,Open,Chennai,Tamil Nadu,Email,2026-08-13 14:06:01
TC-24669,Customer_2070,user_2070@telecom-domain.com,Request static IP allocation for home server,"Need static IPv4 address for remote access setup on my connection. (Location: Bengaluru, Account #386817)",Service Request,Low,Neutral,Open,Bengaluru,Karnataka,Branch Store,2026-03-11 21:27:01
TC-55163,Customer_2071,user_2071@telecom-domain.com,Complete service outage in operational area,"Total breakdown of voice and data services across post office area. Business is severely impacted. (Location: Delhi, Account #582701)",Service Outage,High,Angry,Closed,Delhi,Delhi,Email,2026-08-08 13:53:01
TC-58724,Customer_2072,user_2072@telecom-domain.com,Plan upgrade request to Gigabit speed,"Want to upgrade existing 100 Mbps plan to 1 Gbps fiber plan. Please share pricing and process. (Location: Ahmedabad, Account #555558)",Service Request,Low,Positive,Pending,Ahmedabad,Gujarat,Mobile App,2026-04-04 02:07:01
TC-75456,Customer_2073,user_2073@telecom-domain.com,Security deposit refund not received after cancellation,"Cancelled my connection 45 days ago but ₹2,000 security deposit refund is still pending. Support promised 7 days. (Location: Chandigarh, Account #344149)",Billing Dispute,High,Angry,Solved,Chandigarh,Punjab,Customer Care Call,2026-03-06 04:22:01
TC-98710,Customer_2074,user_2074@telecom-domain.com,One-way audio issue during phone calls,"When people call me, they cannot hear my voice at all while I can hear them clearly. Terrible experience. (Location: Hyderabad, Account #769829)",Call Drops,High,Frustrated,Closed,Hyderabad,Telangana,Web Portal,2026-07-03 12:22:01
TC-21673,Customer_2075,user_2075@telecom-domain.com,Delayed fiber installation appointment,"Fiber installation was scheduled for yesterday 2 PM. Technician did not turn up and phone is switched off. (Location: Pune, Account #313587)",Installation,High,Angry,Closed,Pune,Maharashtra,Web Portal,2026-05-25 01:20:01
TC-87064,Customer_2076,user_2076@telecom-domain.com,Unauthorized Value Added Service (VAS) charged,"My bill includes ₹299 for international roaming VAS which I never subscribed or activated. Deduct this immediately. (Location: Mumbai, Account #815509)",Billing Dispute,High,Angry,Solved,Mumbai,Maharashtra,Email,2026-03-16 06:28:01
TC-98619,Customer_2077,user_2077@telecom-domain.com,Work order pending port availability issue,"Feeder box installation pending due to lack of spare fiber port. Need resolution. (Location: Bengaluru, Account #711331)",Installation,Medium,Negative,Closed,Bengaluru,Karnataka,Web Portal,2026-06-06 16:26:01
TC-32176,Customer_2078,user_2078@telecom-domain.com,Daily FUP data quota exhausted instantly,"My 2GB daily data limit got exhausted at 10 AM without heavy usage. Metering system is inaccurate. (Location: Jaipur, Account #677214)",Data / Usage Issue,Medium,Frustrated,Open,Jaipur,Rajasthan,Email,2026-03-18 12:47:01
TC-15035,Customer_2079,user_2079@telecom-domain.com,Request to shift broadband to new address,"Moving to new apartment next week. Need connection relocation feasible check and schedule. (Location: Ahmedabad, Account #623176)",Service Request,Low,Neutral,Pending,Ahmedabad,Gujarat,Web Portal,2026-03-05 07:37:01
TC-17694,Customer_2080,user_2080@telecom-domain.com,One-way audio issue during phone calls,"When people call me, they cannot hear my voice at all while I can hear them clearly. Terrible experience. (Location: Mumbai, Account #304951)",Call Drops,High,Frustrated,Open,Mumbai,Maharashtra,Mobile App,2026-03-31 06:23:01
TC-52485,Customer_2081,user_2081@telecom-domain.com,Pending broadband connection setup over 5 days,"Applied for new fiber connection 5 days ago. Payment completed but technician installation pending. (Location: Jaipur, Account #105987)",Installation,Medium,Frustrated,Solved,Jaipur,Rajasthan,Customer Care Call,2026-06-23 02:31:01
TC-36010,Customer_2082,user_2082@telecom-domain.com,Request to shift broadband to new address,"Moving to new apartment next week. Need connection relocation feasible check and schedule. (Location: Kolkata, Account #946847)",Service Request,Low,Neutral,Pending,Kolkata,West Bengal,Customer Care Call,2026-06-12 14:53:01
TC-38957,Customer_2083,user_2083@telecom-domain.com,Broadband speed throttling during peak hours,"Every evening between 7 PM and 11 PM speed drops below 2 Mbps. This is unacceptable service quality. (Location: Hyderabad, Account #886782)",Broadband Performance,Medium,Frustrated,Pending,Hyderabad,Telangana,Web Portal,2026-05-20 00:15:01
TC-15976,Customer_2084,user_2084@telecom-domain.com,Faulty router Wi-Fi red light issue,"Router optical PON light turns solid red. No internet access on any Wi-Fi device. (Location: Ahmedabad, Account #113111)",Equipment / Router,High,Angry,Closed,Ahmedabad,Gujarat,Mobile App,2026-05-25 20:59:01
TC-83951,Customer_2085,user_2085@telecom-domain.com,Poor signal strength indoors,"Signal is extremely weak inside my home. Cannot make any voice calls or use mobile internet unless I step outside. (Location: Hyderabad, Account #270589)",Network Connectivity,Medium,Negative,Pending,Hyderabad,Telangana,Mobile App,2026-05-25 01:22:01
TC-29214,Customer_2086,user_2086@telecom-domain.com,Frequent internet disconnects every hour,"Broadband connection disconnects every 30 minutes while working from home. PON light on fiber ONT blinks red. (Location: Pune, Account #131789)",Broadband Performance,High,Angry,Pending,Pune,Maharashtra,Web Portal,2026-05-12 02:25:01
TC-48998,Customer_2087,user_2087@telecom-domain.com,Request static IP allocation for home server,"Need static IPv4 address for remote access setup on my connection. (Location: Mumbai, Account #727910)",Service Request,Low,Neutral,Solved,Mumbai,Maharashtra,Mobile App,2026-06-18 21:05:01
TC-52829,Customer_2088,user_2088@telecom-domain.com,Voice call drops within 30 seconds,"Almost every call drops automatically within 20 to 30 seconds. Unusable voice calling service. (Location: Bengaluru, Account #604317)",Call Drops,High,Angry,Solved,Bengaluru,Karnataka,Customer Care Call,2026-05-07 09:38:01
TC-72842,Customer_2089,user_2089@telecom-domain.com,Request to shift broadband to new address,"Moving to new apartment next week. Need connection relocation feasible check and schedule. (Location: Chandigarh, Account #675773)",Service Request,Low,Neutral,Closed,Chandigarh,Punjab,Web Portal,2026-02-20 03:22:01
TC-67599,Customer_2090,user_2090@telecom-domain.com,Very slow fiber broadband speed,"Subscribed to 300 Mbps fiber plan but getting only 5 Mbps download speed. Speed test ping is over 250ms. Extremely slow. (Location: Bengaluru, Account #306613)",Broadband Performance,High,Angry,Closed,Bengaluru,Karnataka,Mobile App,2026-05-19 03:55:01
TC-47044,Customer_2091,user_2091@telecom-domain.com,Modem overheating and rebooting automatically,"Provided Wi-Fi router gets burning hot within 10 minutes and reboots continuously. (Location: Chennai, Account #210291)",Equipment / Router,High,Negative,Solved,Chennai,Tamil Nadu,Mobile App,2026-06-01 19:37:01
TC-20251,Customer_2092,user_2092@telecom-domain.com,No resolution provided despite 5 calls,"Called customer care 5 times in 3 days. Promises callback every time but nobody calls back. (Location: Pune, Account #541614)",Customer Service,High,Angry,Solved,Pune,Maharashtra,Customer Care Call,2026-05-14 17:55:01
TC-52269,Customer_2093,user_2093@telecom-domain.com,Work order pending port availability issue,"Feeder box installation pending due to lack of spare fiber port. Need resolution. (Location: Mumbai, Account #594629)",Installation,Medium,Negative,Open,Mumbai,Maharashtra,Customer Care Call,2026-08-10 12:28:01
TC-70029,Customer_2094,user_2094@telecom-domain.com,Terminate account service immediately,"Unsatisfied with customer service and frequent billing errors. Terminate my plan today. (Location: Ahmedabad, Account #556406)",Cancellation,High,Angry,Open,Ahmedabad,Gujarat,Mobile App,2026-08-07 04:03:01
TC-87136,Customer_2095,user_2095@telecom-domain.com,Faulty router Wi-Fi red light issue,"Router optical PON light turns solid red. No internet access on any Wi-Fi device. (Location: Bengaluru, Account #795909)",Equipment / Router,High,Angry,Solved,Bengaluru,Karnataka,Mobile App,2026-04-10 16:38:01
TC-50373,Customer_2096,user_2096@telecom-domain.com,Cancel broadband subscription connection,"Subscribed to another provider due to continuous outages. Please disconnect line and refund deposit. (Location: Hyderabad, Account #812555)",Cancellation,High,Angry,Closed,Hyderabad,Telangana,Mobile App,2026-06-04 04:23:01
TC-32738,Customer_2097,user_2097@telecom-domain.com,Unauthorized Value Added Service (VAS) charged,"My bill includes ₹299 for international roaming VAS which I never subscribed or activated. Deduct this immediately. (Location: Bengaluru, Account #748041)",Billing Dispute,High,Angry,Solved,Bengaluru,Karnataka,Branch Store,2026-07-10 05:08:01
TC-70755,Customer_2098,user_2098@telecom-domain.com,SIM card showing no service,"My SIM suddenly stopped catching network signal. Checked on another phone, still says No Service. (Location: Bengaluru, Account #360529)",Network Connectivity,High,Angry,Solved,Bengaluru,Karnataka,Mobile App,2026-06-06 06:45:01
TC-39868,Customer_2099,user_2099@telecom-domain.com,Plan upgrade request to Gigabit speed,"Want to upgrade existing 100 Mbps plan to 1 Gbps fiber plan. Please share pricing and process. (Location: Chennai, Account #498375)",Service Request,Low,Positive,Open,Chennai,Tamil Nadu,Web Portal,2026-08-07 13:52:01
TC-57396,Customer_2100,user_2100@telecom-domain.com,Data balance deducted without internet usage,"500MB data debited automatically overnight while mobile data switch was off. Please audit usage logs. (Location: Chennai, Account #863629)",Data / Usage Issue,Medium,Negative,Solved,Chennai,Tamil Nadu,Customer Care Call,2026-07-10 19:11:01
TC-59929,Customer_2101,user_2101@telecom-domain.com,One-way audio issue during phone calls,"When people call me, they cannot hear my voice at all while I can hear them clearly. Terrible experience. (Location: Hyderabad, Account #649554)",Call Drops,High,Frustrated,Pending,Hyderabad,Telangana,Branch Store,2026-03-02 20:31:01
TC-79987,Customer_2102,user_2102@telecom-domain.com,One-way audio issue during phone calls,"When people call me, they cannot hear my voice at all while I can hear them clearly. Terrible experience. (Location: Delhi, Account #967765)",Call Drops,High,Frustrated,Closed,Delhi,Delhi,Customer Care Call,2026-03-23 18:48:01
TC-85859,Customer_2103,user_2103@telecom-domain.com,Pending broadband connection setup over 5 days,"Applied for new fiber connection 5 days ago. Payment completed but technician installation pending. (Location: Pune, Account #555943)",Installation,Medium,Frustrated,Open,Pune,Maharashtra,Mobile App,2026-06-06 17:57:01
TC-38798,Customer_2104,user_2104@telecom-domain.com,Modem overheating and rebooting automatically,"Provided Wi-Fi router gets burning hot within 10 minutes and reboots continuously. (Location: Chennai, Account #977369)",Equipment / Router,High,Negative,Pending,Chennai,Tamil Nadu,Mobile App,2026-03-18 21:12:01
TC-12936,Customer_2105,user_2105@telecom-domain.com,No network coverage in my area,"I have zero mobile signal since morning in my apartment. Emergency calls only showing on screen. Please fix this cellular network issue immediately. (Location: Kolkata, Account #410059)",Network Connectivity,High,Angry,Solved,Kolkata,West Bengal,Mobile App,2026-06-04 08:41:01
TC-88597,Customer_2106,user_2106@telecom-domain.com,Request static IP allocation for home server,"Need static IPv4 address for remote access setup on my connection. (Location: Kolkata, Account #198380)",Service Request,Low,Neutral,Solved,Kolkata,West Bengal,Email,2026-07-12 03:42:01
TC-67255,Customer_2107,user_2107@telecom-domain.com,Broadband speed throttling during peak hours,"Every evening between 7 PM and 11 PM speed drops below 2 Mbps. This is unacceptable service quality. (Location: Chandigarh, Account #248171)",Broadband Performance,Medium,Frustrated,Pending,Chandigarh,Punjab,Mobile App,2026-06-08 21:15:01
TC-46341,Customer_2108,user_2108@telecom-domain.com,Frequent internet disconnects every hour,"Broadband connection disconnects every 30 minutes while working from home. PON light on fiber ONT blinks red. (Location: Chandigarh, Account #861553)",Broadband Performance,High,Angry,Pending,Chandigarh,Punjab,Customer Care Call,2026-07-06 10:34:01
TC-53041,Customer_2109,user_2109@telecom-domain.com,SIM card showing no service,"My SIM suddenly stopped catching network signal. Checked on another phone, still says No Service. (Location: Bengaluru, Account #480934)",Network Connectivity,High,Angry,Open,Bengaluru,Karnataka,Mobile App,2026-05-22 06:35:01
TC-72526,Customer_2110,user_2110@telecom-domain.com,Poor signal strength indoors,"Signal is extremely weak inside my home. Cannot make any voice calls or use mobile internet unless I step outside. (Location: Pune, Account #908602)",Network Connectivity,Medium,Negative,Solved,Pune,Maharashtra,Mobile App,2026-04-08 23:32:01
TC-81650,Customer_2111,user_2111@telecom-domain.com,Voice call drops within 30 seconds,"Almost every call drops automatically within 20 to 30 seconds. Unusable voice calling service. (Location: Chennai, Account #999127)",Call Drops,High,Angry,Closed,Chennai,Tamil Nadu,Branch Store,2026-06-03 10:48:01
TC-37408,Customer_2112,user_2112@telecom-domain.com,Security deposit refund not received after cancellation,"Cancelled my connection 45 days ago but ₹2,000 security deposit refund is still pending. Support promised 7 days. (Location: Chandigarh, Account #162869)",Billing Dispute,High,Angry,Pending,Chandigarh,Punjab,Web Portal,2026-03-11 10:26:01
TC-90831,Customer_2113,user_2113@telecom-domain.com,Call drops frequently while driving in city,"Call handoff between cell towers fails completely. Every call gets cut when moving between cell sectors. (Location: Chennai, Account #689743)",Call Drops,Medium,Negative,Solved,Chennai,Tamil Nadu,Email,2026-04-26 04:52:01
TC-97114,Customer_2114,user_2114@telecom-domain.com,Modem overheating and rebooting automatically,"Provided Wi-Fi router gets burning hot within 10 minutes and reboots continuously. (Location: Hyderabad, Account #739686)",Equipment / Router,High,Negative,Closed,Hyderabad,Telangana,Email,2026-03-09 12:08:01
TC-77170,Customer_2115,user_2115@telecom-domain.com,Severe network outage in localized zone,"No broadband or cellular service available since last night heavy storm. Fiber cable seems damaged. (Location: Hyderabad, Account #134286)",Service Outage,High,Angry,Closed,Hyderabad,Telangana,Mobile App,2026-07-21 11:43:01
TC-72025,Customer_2116,user_2116@telecom-domain.com,Fiber optical cable line signal unstable,"Fiber link drops repeatedly. Router loses IP address allocation every morning. (Location: Chandigarh, Account #214482)",Broadband Performance,Medium,Negative,Open,Chandigarh,Punjab,Web Portal,2026-03-08 03:09:01
TC-59238,Customer_2117,user_2117@telecom-domain.com,Incorrect plan billing amount charged,"Subscribed to ₹599 plan but bill generated is ₹1,199. High overcharge without explanation. (Location: Chennai, Account #558961)",Billing Dispute,Medium,Frustrated,Closed,Chennai,Tamil Nadu,Customer Care Call,2026-02-25 19:02:01
TC-23221,Customer_2118,user_2118@telecom-domain.com,Request static IP allocation for home server,"Need static IPv4 address for remote access setup on my connection. (Location: Chandigarh, Account #257234)",Service Request,Low,Neutral,Open,Chandigarh,Punjab,Email,2026-04-27 03:09:01
TC-78179,Customer_2119,user_2119@telecom-domain.com,Security deposit refund not received after cancellation,"Cancelled my connection 45 days ago but ₹2,000 security deposit refund is still pending. Support promised 7 days. (Location: Ahmedabad, Account #334822)",Billing Dispute,High,Angry,Closed,Ahmedabad,Gujarat,Web Portal,2026-05-25 20:18:01
TC-28070,Customer_2120,user_2120@telecom-domain.com,International roaming data pack not working,"Purchased 5GB roaming data pack for international travel but roaming data is not activating. (Location: Kolkata, Account #201596)",Data / Usage Issue,High,Angry,Closed,Kolkata,West Bengal,Email,2026-06-12 09:13:01
TC-98718,Customer_2121,user_2121@telecom-domain.com,Rude customer care support agent behavior,"Customer service agent hung up the call on me while explaining my broadband issue. Worst support ever. (Location: Bengaluru, Account #796361)",Customer Service,High,Angry,Closed,Bengaluru,Karnataka,Branch Store,2026-08-06 23:49:01
TC-71841,Customer_2122,user_2122@telecom-domain.com,Auto-debit failure penalty wrongly applied,"Bank auto-debit succeeded on time but your system marked late payment fee ₹250. Please reverse penalty. (Location: Pune, Account #850094)",Billing Dispute,Medium,Negative,Open,Pune,Maharashtra,Email,2026-08-02 02:24:01
TC-72255,Customer_2123,user_2123@telecom-domain.com,Fiber optical cable line signal unstable,"Fiber link drops repeatedly. Router loses IP address allocation every morning. (Location: Pune, Account #994946)",Broadband Performance,Medium,Negative,Closed,Pune,Maharashtra,Mobile App,2026-04-08 08:35:01
TC-49446,Customer_2124,user_2124@telecom-domain.com,Frequent internet disconnects every hour,"Broadband connection disconnects every 30 minutes while working from home. PON light on fiber ONT blinks red. (Location: Delhi, Account #961936)",Broadband Performance,High,Angry,Open,Delhi,Delhi,Email,2026-02-21 22:42:01
TC-68528,Customer_2125,user_2125@telecom-domain.com,Unauthorized Value Added Service (VAS) charged,"My bill includes ₹299 for international roaming VAS which I never subscribed or activated. Deduct this immediately. (Location: Hyderabad, Account #173051)",Billing Dispute,High,Angry,Solved,Hyderabad,Telangana,Email,2026-05-08 17:38:01
TC-95666,Customer_2126,user_2126@telecom-domain.com,Auto-debit failure penalty wrongly applied,"Bank auto-debit succeeded on time but your system marked late payment fee ₹250. Please reverse penalty. (Location: Jaipur, Account #813864)",Billing Dispute,Medium,Negative,Solved,Jaipur,Rajasthan,Branch Store,2026-06-16 02:40:01
TC-69278,Customer_2127,user_2127@telecom-domain.com,Rude customer care support agent behavior,"Customer service agent hung up the call on me while explaining my broadband issue. Worst support ever. (Location: Mumbai, Account #587749)",Customer Service,High,Angry,Solved,Mumbai,Maharashtra,Email,2026-06-28 15:45:01
TC-82557,Customer_2128,user_2128@telecom-domain.com,Unable to make outgoing calls,"Outgoing calls immediately get terminated with call ended error. Incoming calls work fine. (Location: Delhi, Account #366768)",Call Drops,High,Angry,Closed,Delhi,Delhi,Mobile App,2026-04-11 08:17:01
TC-72875,Customer_2129,user_2129@telecom-domain.com,Work order pending port availability issue,"Feeder box installation pending due to lack of spare fiber port. Need resolution. (Location: Jaipur, Account #353458)",Installation,Medium,Negative,Open,Jaipur,Rajasthan,Customer Care Call,2026-04-04 18:20:01
TC-58135,Customer_2130,user_2130@telecom-domain.com,No resolution provided despite 5 calls,"Called customer care 5 times in 3 days. Promises callback every time but nobody calls back. (Location: Bengaluru, Account #853109)",Customer Service,High,Angry,Open,Bengaluru,Karnataka,Mobile App,2026-05-22 18:38:01
TC-79608,Customer_2131,user_2131@telecom-domain.com,Pending broadband connection setup over 5 days,"Applied for new fiber connection 5 days ago. Payment completed but technician installation pending. (Location: Jaipur, Account #102387)",Installation,Medium,Frustrated,Open,Jaipur,Rajasthan,Email,2026-03-05 10:14:01
TC-66738,Customer_2132,user_2132@telecom-domain.com,Incorrect plan billing amount charged,"Subscribed to ₹599 plan but bill generated is ₹1,199. High overcharge without explanation. (Location: Pune, Account #272010)",Billing Dispute,Medium,Frustrated,Closed,Pune,Maharashtra,Email,2026-06-14 09:42:01
TC-74236,Customer_2133,user_2133@telecom-domain.com,Call drops frequently while driving in city,"Call handoff between cell towers fails completely. Every call gets cut when moving between cell sectors. (Location: Chandigarh, Account #987211)",Call Drops,Medium,Negative,Open,Chandigarh,Punjab,Branch Store,2026-07-13 21:00:01
TC-37076,Customer_2134,user_2134@telecom-domain.com,Complete service outage in operational area,"Total breakdown of voice and data services across post office area. Business is severely impacted. (Location: Kolkata, Account #872402)",Service Outage,High,Angry,Pending,Kolkata,West Bengal,Email,2026-05-24 01:49:01
TC-63909,Customer_2135,user_2135@telecom-domain.com,Data speed throttled to 64 Kbps incorrectly,"High speed data quota shows 50% balance in app but speed is throttled to unusable 64 Kbps. (Location: Hyderabad, Account #184596)",Data / Usage Issue,High,Negative,Pending,Hyderabad,Telangana,Customer Care Call,2026-04-12 00:28:01
TC-73808,Customer_2136,user_2136@telecom-domain.com,Complete fiber optic broadband blackout,"Total internet and landline blackout across our entire apartment complex since 8 AM today. No response from helpline. (Location: Chennai, Account #859503)",Service Outage,High,Angry,Pending,Chennai,Tamil Nadu,Email,2026-04-10 23:02:01
TC-46830,Customer_2137,user_2137@telecom-domain.com,Very slow fiber broadband speed,"Subscribed to 300 Mbps fiber plan but getting only 5 Mbps download speed. Speed test ping is over 250ms. Extremely slow. (Location: Chandigarh, Account #517031)",Broadband Performance,High,Angry,Solved,Chandigarh,Punjab,Customer Care Call,2026-05-02 05:40:01
TC-46686,Customer_2138,user_2138@telecom-domain.com,High latency and packet loss while working,"Experiencing 40% packet loss and high latency. Video calls on Zoom and Teams keep freezing constantly. (Location: Pune, Account #628274)",Broadband Performance,High,Negative,Closed,Pune,Maharashtra,Customer Care Call,2026-02-23 14:41:01
TC-85039,Customer_2139,user_2139@telecom-domain.com,No resolution provided despite 5 calls,"Called customer care 5 times in 3 days. Promises callback every time but nobody calls back. (Location: Delhi, Account #593178)",Customer Service,High,Angry,Closed,Delhi,Delhi,Customer Care Call,2026-06-17 11:14:01
TC-84748,Customer_2140,user_2140@telecom-domain.com,International roaming data pack not working,"Purchased 5GB roaming data pack for international travel but roaming data is not activating. (Location: Bengaluru, Account #749120)",Data / Usage Issue,High,Angry,Open,Bengaluru,Karnataka,Web Portal,2026-05-10 07:25:01
TC-47070,Customer_2141,user_2141@telecom-domain.com,No resolution provided despite 5 calls,"Called customer care 5 times in 3 days. Promises callback every time but nobody calls back. (Location: Mumbai, Account #886508)",Customer Service,High,Angry,Pending,Mumbai,Maharashtra,Web Portal,2026-02-24 08:40:01
TC-21957,Customer_2142,user_2142@telecom-domain.com,Work order pending port availability issue,"Feeder box installation pending due to lack of spare fiber port. Need resolution. (Location: Ahmedabad, Account #904142)",Installation,Medium,Negative,Closed,Ahmedabad,Gujarat,Email,2026-05-17 13:39:01
TC-21082,Customer_2143,user_2143@telecom-domain.com,Terminate account service immediately,"Unsatisfied with customer service and frequent billing errors. Terminate my plan today. (Location: Hyderabad, Account #950395)",Cancellation,High,Angry,Closed,Hyderabad,Telangana,Web Portal,2026-03-31 07:34:01
TC-36758,Customer_2144,user_2144@telecom-domain.com,One-way audio issue during phone calls,"When people call me, they cannot hear my voice at all while I can hear them clearly. Terrible experience. (Location: Delhi, Account #852862)",Call Drops,High,Frustrated,Open,Delhi,Delhi,Web Portal,2026-06-08 20:08:01
TC-13619,Customer_2145,user_2145@telecom-domain.com,Complete fiber optic broadband blackout,"Total internet and landline blackout across our entire apartment complex since 8 AM today. No response from helpline. (Location: Bengaluru, Account #716824)",Service Outage,High,Angry,Open,Bengaluru,Karnataka,Customer Care Call,2026-02-25 06:19:01
TC-67687,Customer_2146,user_2146@telecom-domain.com,Call disconnects continuously on VoLTE,"HD voice call quality is pathetic. Audio breaks up and call drops without warning during important business calls. (Location: Pune, Account #524288)",Call Drops,High,Angry,Pending,Pune,Maharashtra,Email,2026-07-30 21:26:01
TC-10148,Customer_2147,user_2147@telecom-domain.com,Poor signal strength indoors,"Signal is extremely weak inside my home. Cannot make any voice calls or use mobile internet unless I step outside. (Location: Kolkata, Account #596805)",Network Connectivity,Medium,Negative,Pending,Kolkata,West Bengal,Email,2026-04-22 16:08:01
TC-33103,Customer_2148,user_2148@telecom-domain.com,Data balance deducted without internet usage,"500MB data debited automatically overnight while mobile data switch was off. Please audit usage logs. (Location: Kolkata, Account #653366)",Data / Usage Issue,Medium,Negative,Pending,Kolkata,West Bengal,Email,2026-08-11 04:57:01
TC-89855,Customer_2149,user_2149@telecom-domain.com,Modem overheating and rebooting automatically,"Provided Wi-Fi router gets burning hot within 10 minutes and reboots continuously. (Location: Delhi, Account #671402)",Equipment / Router,High,Negative,Solved,Delhi,Delhi,Mobile App,2026-06-13 03:40:01
TC-55056,Customer_2150,user_2150@telecom-domain.com,Broadband speed throttling during peak hours,"Every evening between 7 PM and 11 PM speed drops below 2 Mbps. This is unacceptable service quality. (Location: Jaipur, Account #250873)",Broadband Performance,Medium,Frustrated,Open,Jaipur,Rajasthan,Email,2026-05-24 15:41:01
TC-70762,Customer_2151,user_2151@telecom-domain.com,Frequent internet disconnects every hour,"Broadband connection disconnects every 30 minutes while working from home. PON light on fiber ONT blinks red. (Location: Hyderabad, Account #906411)",Broadband Performance,High,Angry,Open,Hyderabad,Telangana,Customer Care Call,2026-07-02 23:35:01
TC-65611,Customer_2152,user_2152@telecom-domain.com,Misleading information given by call center,"Support executive promised bill adjustment within 24 hours but ticket was closed without action. (Location: Hyderabad, Account #223423)",Customer Service,High,Angry,Pending,Hyderabad,Telangana,Web Portal,2026-06-24 00:03:01
TC-58356,Customer_2153,user_2153@telecom-domain.com,No resolution provided despite 5 calls,"Called customer care 5 times in 3 days. Promises callback every time but nobody calls back. (Location: Pune, Account #223376)",Customer Service,High,Angry,Pending,Pune,Maharashtra,Web Portal,2026-08-18 17:32:01
TC-34475,Customer_2154,user_2154@telecom-domain.com,Delayed fiber installation appointment,"Fiber installation was scheduled for yesterday 2 PM. Technician did not turn up and phone is switched off. (Location: Bengaluru, Account #620809)",Installation,High,Angry,Closed,Bengaluru,Karnataka,Web Portal,2026-05-25 05:28:01
TC-66913,Customer_2155,user_2155@telecom-domain.com,Wi-Fi range very weak and dropping,"Wi-Fi signal cuts out 5 meters away from router. Need dual-band router replacement. (Location: Delhi, Account #464049)",Equipment / Router,Medium,Negative,Pending,Delhi,Delhi,Email,2026-05-28 17:37:01
TC-23428,Customer_2156,user_2156@telecom-domain.com,Delayed fiber installation appointment,"Fiber installation was scheduled for yesterday 2 PM. Technician did not turn up and phone is switched off. (Location: Bengaluru, Account #142313)",Installation,High,Angry,Pending,Bengaluru,Karnataka,Customer Care Call,2026-04-17 00:16:01
TC-53797,Customer_2157,user_2157@telecom-domain.com,Complete service outage in operational area,"Total breakdown of voice and data services across post office area. Business is severely impacted. (Location: Jaipur, Account #184446)",Service Outage,High,Angry,Closed,Jaipur,Rajasthan,Customer Care Call,2026-06-27 00:50:01
TC-63562,Customer_2158,user_2158@telecom-domain.com,Data speed throttled to 64 Kbps incorrectly,"High speed data quota shows 50% balance in app but speed is throttled to unusable 64 Kbps. (Location: Delhi, Account #127639)",Data / Usage Issue,High,Negative,Solved,Delhi,Delhi,Web Portal,2026-08-10 16:10:01
TC-61324,Customer_2159,user_2159@telecom-domain.com,Work order pending port availability issue,"Feeder box installation pending due to lack of spare fiber port. Need resolution. (Location: Mumbai, Account #869628)",Installation,Medium,Negative,Pending,Mumbai,Maharashtra,Web Portal,2026-03-14 19:16:01
TC-28720,Customer_2160,user_2160@telecom-domain.com,Call disconnects continuously on VoLTE,"HD voice call quality is pathetic. Audio breaks up and call drops without warning during important business calls. (Location: Delhi, Account #313582)",Call Drops,High,Angry,Solved,Delhi,Delhi,Mobile App,2026-06-26 08:16:01
TC-97669,Customer_2161,user_2161@telecom-domain.com,Faulty router Wi-Fi red light issue,"Router optical PON light turns solid red. No internet access on any Wi-Fi device. (Location: Chennai, Account #866610)",Equipment / Router,High,Angry,Solved,Chennai,Tamil Nadu,Email,2026-08-09 19:30:01
TC-66447,Customer_2162,user_2162@telecom-domain.com,Faulty router Wi-Fi red light issue,"Router optical PON light turns solid red. No internet access on any Wi-Fi device. (Location: Bengaluru, Account #484219)",Equipment / Router,High,Angry,Closed,Bengaluru,Karnataka,Mobile App,2026-04-02 03:43:01
TC-42239,Customer_2163,user_2163@telecom-domain.com,Network signal keeps dropping repeatedly,"Every time I travel through the electronic city corridor, signal completely dies for 15 minutes. Very unreliable network. (Location: Ahmedabad, Account #619034)",Network Connectivity,High,Angry,Solved,Ahmedabad,Gujarat,Web Portal,2026-08-11 21:51:01
TC-75630,Customer_2164,user_2164@telecom-domain.com,Security deposit refund not received after cancellation,"Cancelled my connection 45 days ago but ₹2,000 security deposit refund is still pending. Support promised 7 days. (Location: Hyderabad, Account #594148)",Billing Dispute,High,Angry,Open,Hyderabad,Telangana,Web Portal,2026-03-23 18:32:01
TC-75497,Customer_2165,user_2165@telecom-domain.com,Data speed throttled to 64 Kbps incorrectly,"High speed data quota shows 50% balance in app but speed is throttled to unusable 64 Kbps. (Location: Pune, Account #988328)",Data / Usage Issue,High,Negative,Solved,Pune,Maharashtra,Email,2026-03-19 04:34:01
TC-61942,Customer_2166,user_2166@telecom-domain.com,Severe network outage in localized zone,"No broadband or cellular service available since last night heavy storm. Fiber cable seems damaged. (Location: Ahmedabad, Account #208428)",Service Outage,High,Angry,Open,Ahmedabad,Gujarat,Email,2026-04-06 22:01:01
TC-87003,Customer_2167,user_2167@telecom-domain.com,Request static IP allocation for home server,"Need static IPv4 address for remote access setup on my connection. (Location: Jaipur, Account #394973)",Service Request,Low,Neutral,Solved,Jaipur,Rajasthan,Email,2026-08-05 01:01:01
TC-37489,Customer_2168,user_2168@telecom-domain.com,Unauthorized Value Added Service (VAS) charged,"My bill includes ₹299 for international roaming VAS which I never subscribed or activated. Deduct this immediately. (Location: Chennai, Account #859128)",Billing Dispute,High,Angry,Pending,Chennai,Tamil Nadu,Branch Store,2026-06-06 03:12:01
TC-68668,Customer_2169,user_2169@telecom-domain.com,Rude customer care support agent behavior,"Customer service agent hung up the call on me while explaining my broadband issue. Worst support ever. (Location: Chennai, Account #632891)",Customer Service,High,Angry,Closed,Chennai,Tamil Nadu,Branch Store,2026-08-16 14:33:01
TC-54698,Customer_2170,user_2170@telecom-domain.com,Misleading information given by call center,"Support executive promised bill adjustment within 24 hours but ticket was closed without action. (Location: Bengaluru, Account #317966)",Customer Service,High,Angry,Closed,Bengaluru,Karnataka,Email,2026-05-27 18:13:01
TC-87742,Customer_2171,user_2171@telecom-domain.com,Complete service outage in operational area,"Total breakdown of voice and data services across post office area. Business is severely impacted. (Location: Bengaluru, Account #291199)",Service Outage,High,Angry,Closed,Bengaluru,Karnataka,Mobile App,2026-04-30 18:48:01
TC-69839,Customer_2172,user_2172@telecom-domain.com,Data balance deducted without internet usage,"500MB data debited automatically overnight while mobile data switch was off. Please audit usage logs. (Location: Kolkata, Account #975930)",Data / Usage Issue,Medium,Negative,Open,Kolkata,West Bengal,Web Portal,2026-08-16 19:07:01
TC-35140,Customer_2173,user_2173@telecom-domain.com,No network coverage in my area,"I have zero mobile signal since morning in my apartment. Emergency calls only showing on screen. Please fix this cellular network issue immediately. (Location: Ahmedabad, Account #700359)",Network Connectivity,High,Angry,Solved,Ahmedabad,Gujarat,Customer Care Call,2026-05-17 13:29:01
TC-94159,Customer_2174,user_2174@telecom-domain.com,Regional mobile tower power failure outage,"All mobile network connectivity is down in HSR Layout sector 2. Whole neighborhood affected. (Location: Delhi, Account #509152)",Service Outage,High,Angry,Closed,Delhi,Delhi,Customer Care Call,2026-06-15 00:23:01
TC-24294,Customer_2175,user_2175@telecom-domain.com,Pending broadband connection setup over 5 days,"Applied for new fiber connection 5 days ago. Payment completed but technician installation pending. (Location: Jaipur, Account #857747)",Installation,Medium,Frustrated,Open,Jaipur,Rajasthan,Web Portal,2026-07-01 10:20:01
TC-56641,Customer_2176,user_2176@telecom-domain.com,Poor signal strength indoors,"Signal is extremely weak inside my home. Cannot make any voice calls or use mobile internet unless I step outside. (Location: Mumbai, Account #438300)",Network Connectivity,Medium,Negative,Open,Mumbai,Maharashtra,Mobile App,2026-05-09 18:08:01
TC-71923,Customer_2177,user_2177@telecom-domain.com,Complete fiber optic broadband blackout,"Total internet and landline blackout across our entire apartment complex since 8 AM today. No response from helpline. (Location: Kolkata, Account #765343)",Service Outage,High,Angry,Closed,Kolkata,West Bengal,Customer Care Call,2026-06-06 08:31:01
TC-26045,Customer_2178,user_2178@telecom-domain.com,Requesting MNP UPC port out code due to poor network,"Tired of frequent call drops and zero coverage. Want to port out my number to another operator immediately. (Location: Hyderabad, Account #798974)",Cancellation,High,Angry,Pending,Hyderabad,Telangana,Email,2026-07-05 04:47:01
TC-77782,Customer_2179,user_2179@telecom-domain.com,Pending broadband connection setup over 5 days,"Applied for new fiber connection 5 days ago. Payment completed but technician installation pending. (Location: Mumbai, Account #284069)",Installation,Medium,Frustrated,Open,Mumbai,Maharashtra,Branch Store,2026-03-14 20:02:01
TC-76700,Customer_2180,user_2180@telecom-domain.com,Faulty router Wi-Fi red light issue,"Router optical PON light turns solid red. No internet access on any Wi-Fi device. (Location: Mumbai, Account #409151)",Equipment / Router,High,Angry,Open,Mumbai,Maharashtra,Branch Store,2026-03-26 10:30:01
TC-62658,Customer_2181,user_2181@telecom-domain.com,Wi-Fi range very weak and dropping,"Wi-Fi signal cuts out 5 meters away from router. Need dual-band router replacement. (Location: Delhi, Account #900066)",Equipment / Router,Medium,Negative,Pending,Delhi,Delhi,Email,2026-05-28 13:32:01
TC-91934,Customer_2182,user_2182@telecom-domain.com,Complete service outage in operational area,"Total breakdown of voice and data services across post office area. Business is severely impacted. (Location: Jaipur, Account #366814)",Service Outage,High,Angry,Solved,Jaipur,Rajasthan,Mobile App,2026-07-05 11:20:01
TC-74534,Customer_2183,user_2183@telecom-domain.com,Plan upgrade request to Gigabit speed,"Want to upgrade existing 100 Mbps plan to 1 Gbps fiber plan. Please share pricing and process. (Location: Chandigarh, Account #789778)",Service Request,Low,Positive,Solved,Chandigarh,Punjab,Mobile App,2026-08-14 08:00:01
TC-10436,Customer_2184,user_2184@telecom-domain.com,Data speed throttled to 64 Kbps incorrectly,"High speed data quota shows 50% balance in app but speed is throttled to unusable 64 Kbps. (Location: Jaipur, Account #373961)",Data / Usage Issue,High,Negative,Solved,Jaipur,Rajasthan,Web Portal,2026-03-24 14:50:01
TC-42927,Customer_2185,user_2185@telecom-domain.com,Delayed fiber installation appointment,"Fiber installation was scheduled for yesterday 2 PM. Technician did not turn up and phone is switched off. (Location: Kolkata, Account #904801)",Installation,High,Angry,Solved,Kolkata,West Bengal,Branch Store,2026-04-14 12:12:01
TC-39056,Customer_2186,user_2186@telecom-domain.com,Faulty router Wi-Fi red light issue,"Router optical PON light turns solid red. No internet access on any Wi-Fi device. (Location: Bengaluru, Account #654348)",Equipment / Router,High,Angry,Open,Bengaluru,Karnataka,Customer Care Call,2026-06-10 15:22:01
TC-29446,Customer_2187,user_2187@telecom-domain.com,Wi-Fi range very weak and dropping,"Wi-Fi signal cuts out 5 meters away from router. Need dual-band router replacement. (Location: Mumbai, Account #414452)",Equipment / Router,Medium,Negative,Pending,Mumbai,Maharashtra,Customer Care Call,2026-06-20 02:15:01
TC-20630,Customer_2188,user_2188@telecom-domain.com,No network coverage in my area,"I have zero mobile signal since morning in my apartment. Emergency calls only showing on screen. Please fix this cellular network issue immediately. (Location: Chennai, Account #175433)",Network Connectivity,High,Angry,Pending,Chennai,Tamil Nadu,Mobile App,2026-04-04 14:48:01
TC-15358,Customer_2189,user_2189@telecom-domain.com,Misleading information given by call center,"Support executive promised bill adjustment within 24 hours but ticket was closed without action. (Location: Kolkata, Account #493282)",Customer Service,High,Angry,Open,Kolkata,West Bengal,Email,2026-08-02 21:06:01
TC-44320,Customer_2190,user_2190@telecom-domain.com,Data speed throttled to 64 Kbps incorrectly,"High speed data quota shows 50% balance in app but speed is throttled to unusable 64 Kbps. (Location: Chandigarh, Account #227657)",Data / Usage Issue,High,Negative,Pending,Chandigarh,Punjab,Email,2026-04-11 07:57:01
TC-59502,Customer_2191,user_2191@telecom-domain.com,Faulty router Wi-Fi red light issue,"Router optical PON light turns solid red. No internet access on any Wi-Fi device. (Location: Chandigarh, Account #785149)",Equipment / Router,High,Angry,Open,Chandigarh,Punjab,Branch Store,2026-05-04 18:55:01
TC-10319,Customer_2192,user_2192@telecom-domain.com,No network coverage in my area,"I have zero mobile signal since morning in my apartment. Emergency calls only showing on screen. Please fix this cellular network issue immediately. (Location: Kolkata, Account #252934)",Network Connectivity,High,Angry,Pending,Kolkata,West Bengal,Mobile App,2026-04-21 17:19:01
TC-78760,Customer_2193,user_2193@telecom-domain.com,Wi-Fi range very weak and dropping,"Wi-Fi signal cuts out 5 meters away from router. Need dual-band router replacement. (Location: Chandigarh, Account #975188)",Equipment / Router,Medium,Negative,Pending,Chandigarh,Punjab,Mobile App,2026-03-24 23:50:01
TC-23633,Customer_2194,user_2194@telecom-domain.com,Request static IP allocation for home server,"Need static IPv4 address for remote access setup on my connection. (Location: Chennai, Account #674699)",Service Request,Low,Neutral,Closed,Chennai,Tamil Nadu,Customer Care Call,2026-03-06 05:44:01
TC-96640,Customer_2195,user_2195@telecom-domain.com,Delayed fiber installation appointment,"Fiber installation was scheduled for yesterday 2 PM. Technician did not turn up and phone is switched off. (Location: Ahmedabad, Account #991651)",Installation,High,Angry,Closed,Ahmedabad,Gujarat,Mobile App,2026-03-15 23:50:01
TC-29185,Customer_2196,user_2196@telecom-domain.com,Request to shift broadband to new address,"Moving to new apartment next week. Need connection relocation feasible check and schedule. (Location: Chandigarh, Account #311685)",Service Request,Low,Neutral,Open,Chandigarh,Punjab,Email,2026-03-27 15:12:01
TC-19732,Customer_2197,user_2197@telecom-domain.com,Requesting MNP UPC port out code due to poor network,"Tired of frequent call drops and zero coverage. Want to port out my number to another operator immediately. (Location: Mumbai, Account #110998)",Cancellation,High,Angry,Pending,Mumbai,Maharashtra,Web Portal,2026-03-23 05:01:01
TC-23647,Customer_2198,user_2198@telecom-domain.com,No resolution provided despite 5 calls,"Called customer care 5 times in 3 days. Promises callback every time but nobody calls back. (Location: Pune, Account #961215)",Customer Service,High,Angry,Pending,Pune,Maharashtra,Branch Store,2026-08-14 03:12:01
TC-70622,Customer_2199,user_2199@telecom-domain.com,Rude customer care support agent behavior,"Customer service agent hung up the call on me while explaining my broadband issue. Worst support ever. (Location: Bengaluru, Account #390500)",Customer Service,High,Angry,Open,Bengaluru,Karnataka,Customer Care Call,2026-07-24 14:03:01
TC-76396,Customer_2200,user_2200@telecom-domain.com,Unable to make outgoing calls,"Outgoing calls immediately get terminated with call ended error. Incoming calls work fine. (Location: Pune, Account #542836)",Call Drops,High,Angry,Open,Pune,Maharashtra,Mobile App,2026-03-30 13:43:01
